dataset,model,checked,disagree,median_gap,disagree_fraction
aime,gemma-12b-it,12,0,0.00019830701550166766,0.0
aime,qwen3.5-4b,38,0,0.0010023345397882633,0.0
aime,qwen3.5-9b,38,0,0.0009702235006375376,0.0
gpqa,gemma-12b-it,11,9,0.026689779359305978,0.8181818181818182
gpqa,qwen3.5-4b,40,0,0.0007222235977443411,0.0
gpqa,qwen3.5-9b,40,0,0.0013480093612860816,0.0
human_eval,gemma-12b-it,14,13,0.030887497004734796,0.9285714285714286
human_eval,qwen3-4b,27,16,0.0652858492387892,0.5925925925925926
human_eval,qwen3-8b,37,17,0.0031953973070997094,0.4594594594594595
human_eval,qwen3.5-4b,6,0,0.0007043062255488175,0.0
human_eval,qwen3.5-9b,2,0,0.0007615326093895342,0.0
lcb_v6,gemma-12b-it,12,0,0.00038099660491978937,0.0
lcb_v6,qwen3.5-4b,40,0,0.0011151056281865773,0.0
lcb_v6,qwen3.5-9b,40,0,0.0008330879535103919,0.0
math500,gemma-12b-it,11,10,0.033855231676555575,0.9090909090909091
math500,qwen3.5-4b,40,0,0.0004734156883841635,0.0
math500,qwen3.5-9b,40,0,0.000709227249548923,0.0
mbpp,qwen3.5-4b,32,26,0.04337949896223936,0.8125
mbpp,qwen3.5-9b,35,25,0.035065744939828614,0.7142857142857143
mmlu,gemma-12b-it,8,5,0.028949956063925333,0.625
mmlu,qwen3.5-4b,34,0,0.000644329078262687,0.0
