dataset,status,log_path,model,prefetch_budget,rank_fn,proposal_nodes,tree_edges,edge_bucket,bucket_share,bin_in_bucket,probability_left,probability_right,edge_count,edge_share
math500,complete,/Users/jiangnanhugo/workspace/power-sharpening/Subtree-Prefetching-Power-Sharpening/case_studies/logs-entropycut/math500/2026-09-20/vllm/dataset-math500.model-qwen3-8b.alpha4.0.steps100.blocks-1.prefetch-budget-20.rank-accept_first.cut-entropy4.0.samples20.maxnew1024.seed10086.subtreePrefetch.vllm.log,qwen3-8b,20,accept_first,6101,12202,effectively not taken,0.418784,0,1.38879439e-11,1.00000000e-02,5110,0.418784
math500,complete,/Users/jiangnanhugo/workspace/power-sharpening/Subtree-Prefetching-Power-Sharpening/case_studies/logs-entropycut/math500/2026-09-20/vllm/dataset-math500.model-qwen3-8b.alpha4.0.steps100.blocks-1.prefetch-budget-20.rank-accept_first.cut-entropy4.0.samples20.maxnew1024.seed10086.subtreePrefetch.vllm.log,qwen3-8b,20,accept_first,6101,12202,uncertain,0.162432,0,1.00000000e-02,4.62606501e-02,161,0.013195
math500,complete,/Users/jiangnanhugo/workspace/power-sharpening/Subtree-Prefetching-Power-Sharpening/case_studies/logs-entropycut/math500/2026-09-20/vllm/dataset-math500.model-qwen3-8b.alpha4.0.steps100.blocks-1.prefetch-budget-20.rank-accept_first.cut-entropy4.0.samples20.maxnew1024.seed10086.subtreePrefetch.vllm.log,qwen3-8b,20,accept_first,6101,12202,uncertain,0.162432,1,4.62606501e-02,2.14004775e-01,317,0.025979
math500,complete,/Users/jiangnanhugo/workspace/power-sharpening/Subtree-Prefetching-Power-Sharpening/case_studies/logs-entropycut/math500/2026-09-20/vllm/dataset-math500.model-qwen3-8b.alpha4.0.steps100.blocks-1.prefetch-budget-20.rank-accept_first.cut-entropy4.0.samples20.maxnew1024.seed10086.subtreePrefetch.vllm.log,qwen3-8b,20,accept_first,6101,12202,uncertain,0.162432,2,2.14004775e-01,9.90000000e-01,1504,0.123258
math500,complete,/Users/jiangnanhugo/workspace/power-sharpening/Subtree-Prefetching-Power-Sharpening/case_studies/logs-entropycut/math500/2026-09-20/vllm/dataset-math500.model-qwen3-8b.alpha4.0.steps100.blocks-1.prefetch-budget-20.rank-accept_first.cut-entropy4.0.samples20.maxnew1024.seed10086.subtreePrefetch.vllm.log,qwen3-8b,20,accept_first,6101,12202,effectively taken,0.418784,0,9.90000000e-01,1.00000000e+00,5110,0.418784
aime,complete,/Users/jiangnanhugo/workspace/power-sharpening/Subtree-Prefetching-Power-Sharpening/case_studies/logs-entropycut/aime/2026-09-21/vllm/dataset-aime.model-qwen3-8b.alpha4.0.steps100.blocks-1.prefetch-budget-20.rank-accept_first.cut-entropy4.0.samples20.maxnew1024.seed10086.subtreePrefetch.vllm.log,qwen3-8b,20,accept_first,5998,11996,effectively not taken,0.422307,0,1.38879439e-11,1.00000000e-02,5066,0.422307
aime,complete,/Users/jiangnanhugo/workspace/power-sharpening/Subtree-Prefetching-Power-Sharpening/case_studies/logs-entropycut/aime/2026-09-21/vllm/dataset-aime.model-qwen3-8b.alpha4.0.steps100.blocks-1.prefetch-budget-20.rank-accept_first.cut-entropy4.0.samples20.maxnew1024.seed10086.subtreePrefetch.vllm.log,qwen3-8b,20,accept_first,5998,11996,uncertain,0.155385,0,1.00000000e-02,4.62606501e-02,144,0.012004
aime,complete,/Users/jiangnanhugo/workspace/power-sharpening/Subtree-Prefetching-Power-Sharpening/case_studies/logs-entropycut/aime/2026-09-21/vllm/dataset-aime.model-qwen3-8b.alpha4.0.steps100.blocks-1.prefetch-budget-20.rank-accept_first.cut-entropy4.0.samples20.maxnew1024.seed10086.subtreePrefetch.vllm.log,qwen3-8b,20,accept_first,5998,11996,uncertain,0.155385,1,4.62606501e-02,2.14004775e-01,321,0.026759
aime,complete,/Users/jiangnanhugo/workspace/power-sharpening/Subtree-Prefetching-Power-Sharpening/case_studies/logs-entropycut/aime/2026-09-21/vllm/dataset-aime.model-qwen3-8b.alpha4.0.steps100.blocks-1.prefetch-budget-20.rank-accept_first.cut-entropy4.0.samples20.maxnew1024.seed10086.subtreePrefetch.vllm.log,qwen3-8b,20,accept_first,5998,11996,uncertain,0.155385,2,2.14004775e-01,9.90000000e-01,1399,0.116622
aime,complete,/Users/jiangnanhugo/workspace/power-sharpening/Subtree-Prefetching-Power-Sharpening/case_studies/logs-entropycut/aime/2026-09-21/vllm/dataset-aime.model-qwen3-8b.alpha4.0.steps100.blocks-1.prefetch-budget-20.rank-accept_first.cut-entropy4.0.samples20.maxnew1024.seed10086.subtreePrefetch.vllm.log,qwen3-8b,20,accept_first,5998,11996,effectively taken,0.422307,0,9.90000000e-01,1.00000000e+00,5066,0.422307
mbpp,complete,/Users/jiangnanhugo/workspace/power-sharpening/Subtree-Prefetching-Power-Sharpening/case_studies/logs-entropycut/mbpp/2026-09-21/vllm/dataset-mbpp.model-qwen3-8b.alpha4.0.steps100.blocks-1.prefetch-budget-20.rank-accept_first.cut-entropy4.0.samples20.maxnew1024.seed10086.subtreePrefetch.vllm.log,qwen3-8b,20,accept_first,8757,17514,effectively not taken,0.387747,0,1.38879439e-11,1.00000000e-02,6791,0.387747
mbpp,complete,/Users/jiangnanhugo/workspace/power-sharpening/Subtree-Prefetching-Power-Sharpening/case_studies/logs-entropycut/mbpp/2026-09-21/vllm/dataset-mbpp.model-qwen3-8b.alpha4.0.steps100.blocks-1.prefetch-budget-20.rank-accept_first.cut-entropy4.0.samples20.maxnew1024.seed10086.subtreePrefetch.vllm.log,qwen3-8b,20,accept_first,8757,17514,uncertain,0.224506,0,1.00000000e-02,4.62606501e-02,436,0.024894
mbpp,complete,/Users/jiangnanhugo/workspace/power-sharpening/Subtree-Prefetching-Power-Sharpening/case_studies/logs-entropycut/mbpp/2026-09-21/vllm/dataset-mbpp.model-qwen3-8b.alpha4.0.steps100.blocks-1.prefetch-budget-20.rank-accept_first.cut-entropy4.0.samples20.maxnew1024.seed10086.subtreePrefetch.vllm.log,qwen3-8b,20,accept_first,8757,17514,uncertain,0.224506,1,4.62606501e-02,2.14004775e-01,683,0.038997
mbpp,complete,/Users/jiangnanhugo/workspace/power-sharpening/Subtree-Prefetching-Power-Sharpening/case_studies/logs-entropycut/mbpp/2026-09-21/vllm/dataset-mbpp.model-qwen3-8b.alpha4.0.steps100.blocks-1.prefetch-budget-20.rank-accept_first.cut-entropy4.0.samples20.maxnew1024.seed10086.subtreePrefetch.vllm.log,qwen3-8b,20,accept_first,8757,17514,uncertain,0.224506,2,2.14004775e-01,9.90000000e-01,2813,0.160614
mbpp,complete,/Users/jiangnanhugo/workspace/power-sharpening/Subtree-Prefetching-Power-Sharpening/case_studies/logs-entropycut/mbpp/2026-09-21/vllm/dataset-mbpp.model-qwen3-8b.alpha4.0.steps100.blocks-1.prefetch-budget-20.rank-accept_first.cut-entropy4.0.samples20.maxnew1024.seed10086.subtreePrefetch.vllm.log,qwen3-8b,20,accept_first,8757,17514,effectively taken,0.387747,0,9.90000000e-01,1.00000000e+00,6791,0.387747
gpqa,complete,/Users/jiangnanhugo/workspace/power-sharpening/Subtree-Prefetching-Power-Sharpening/case_studies/logs-entropycut/gpqa/2026-09-23/vllm/dataset-gpqa.model-qwen3-8b.alpha4.0.steps100.blocks-1.prefetch-budget-20.rank-accept_first.cut-entropy4.0.samples20.maxnew1024.seed10086.subtreePrefetch.vllm.log,qwen3-8b,20,accept_first,5992,11984,effectively not taken,0.441422,0,1.38879439e-11,1.00000000e-02,5290,0.441422
gpqa,complete,/Users/jiangnanhugo/workspace/power-sharpening/Subtree-Prefetching-Power-Sharpening/case_studies/logs-entropycut/gpqa/2026-09-23/vllm/dataset-gpqa.model-qwen3-8b.alpha4.0.steps100.blocks-1.prefetch-budget-20.rank-accept_first.cut-entropy4.0.samples20.maxnew1024.seed10086.subtreePrefetch.vllm.log,qwen3-8b,20,accept_first,5992,11984,uncertain,0.117156,0,1.00000000e-02,4.62606501e-02,145,0.012099
gpqa,complete,/Users/jiangnanhugo/workspace/power-sharpening/Subtree-Prefetching-Power-Sharpening/case_studies/logs-entropycut/gpqa/2026-09-23/vllm/dataset-gpqa.model-qwen3-8b.alpha4.0.steps100.blocks-1.prefetch-budget-20.rank-accept_first.cut-entropy4.0.samples20.maxnew1024.seed10086.subtreePrefetch.vllm.log,qwen3-8b,20,accept_first,5992,11984,uncertain,0.117156,1,4.62606501e-02,2.14004775e-01,248,0.020694
gpqa,complete,/Users/jiangnanhugo/workspace/power-sharpening/Subtree-Prefetching-Power-Sharpening/case_studies/logs-entropycut/gpqa/2026-09-23/vllm/dataset-gpqa.model-qwen3-8b.alpha4.0.steps100.blocks-1.prefetch-budget-20.rank-accept_first.cut-entropy4.0.samples20.maxnew1024.seed10086.subtreePrefetch.vllm.log,qwen3-8b,20,accept_first,5992,11984,uncertain,0.117156,2,2.14004775e-01,9.90000000e-01,1011,0.084362
gpqa,complete,/Users/jiangnanhugo/workspace/power-sharpening/Subtree-Prefetching-Power-Sharpening/case_studies/logs-entropycut/gpqa/2026-09-23/vllm/dataset-gpqa.model-qwen3-8b.alpha4.0.steps100.blocks-1.prefetch-budget-20.rank-accept_first.cut-entropy4.0.samples20.maxnew1024.seed10086.subtreePrefetch.vllm.log,qwen3-8b,20,accept_first,5992,11984,effectively taken,0.441422,0,9.90000000e-01,1.00000000e+00,5290,0.441422
human_eval,complete,/Users/jiangnanhugo/workspace/power-sharpening/Subtree-Prefetching-Power-Sharpening/case_studies/logs-entropycut/human_eval/2026-09-23/vllm/dataset-human_eval.model-qwen3-8b.alpha4.0.steps100.blocks-1.prefetch-budget-20.rank-accept_first.cut-entropy4.0.samples20.maxnew1024.seed10086.subtreePrefetch.vllm.log,qwen3-8b,20,accept_first,7807,15614,effectively not taken,0.439157,0,1.38879439e-11,1.00000000e-02,6857,0.439157
human_eval,complete,/Users/jiangnanhugo/workspace/power-sharpening/Subtree-Prefetching-Power-Sharpening/case_studies/logs-entropycut/human_eval/2026-09-23/vllm/dataset-human_eval.model-qwen3-8b.alpha4.0.steps100.blocks-1.prefetch-budget-20.rank-accept_first.cut-entropy4.0.samples20.maxnew1024.seed10086.subtreePrefetch.vllm.log,qwen3-8b,20,accept_first,7807,15614,uncertain,0.121686,0,1.00000000e-02,4.62606501e-02,138,0.008838
human_eval,complete,/Users/jiangnanhugo/workspace/power-sharpening/Subtree-Prefetching-Power-Sharpening/case_studies/logs-entropycut/human_eval/2026-09-23/vllm/dataset-human_eval.model-qwen3-8b.alpha4.0.steps100.blocks-1.prefetch-budget-20.rank-accept_first.cut-entropy4.0.samples20.maxnew1024.seed10086.subtreePrefetch.vllm.log,qwen3-8b,20,accept_first,7807,15614,uncertain,0.121686,1,4.62606501e-02,2.14004775e-01,430,0.027539
human_eval,complete,/Users/jiangnanhugo/workspace/power-sharpening/Subtree-Prefetching-Power-Sharpening/case_studies/logs-entropycut/human_eval/2026-09-23/vllm/dataset-human_eval.model-qwen3-8b.alpha4.0.steps100.blocks-1.prefetch-budget-20.rank-accept_first.cut-entropy4.0.samples20.maxnew1024.seed10086.subtreePrefetch.vllm.log,qwen3-8b,20,accept_first,7807,15614,uncertain,0.121686,2,2.14004775e-01,9.90000000e-01,1332,0.085308
human_eval,complete,/Users/jiangnanhugo/workspace/power-sharpening/Subtree-Prefetching-Power-Sharpening/case_studies/logs-entropycut/human_eval/2026-09-23/vllm/dataset-human_eval.model-qwen3-8b.alpha4.0.steps100.blocks-1.prefetch-budget-20.rank-accept_first.cut-entropy4.0.samples20.maxnew1024.seed10086.subtreePrefetch.vllm.log,qwen3-8b,20,accept_first,7807,15614,effectively taken,0.439157,0,9.90000000e-01,1.00000000e+00,6857,0.439157
mmlu,complete,/Users/jiangnanhugo/workspace/power-sharpening/Subtree-Prefetching-Power-Sharpening/case_studies/logs-entropycut/mmlu/2026-09-23/vllm/dataset-mmlu.model-qwen3-8b.alpha4.0.steps100.blocks-1.prefetch-budget-20.rank-accept_first.cut-entropy4.0.samples20.maxnew1024.seed10086.subtreePrefetch.vllm.log,qwen3-8b,20,accept_first,7748,15496,effectively not taken,0.364675,0,1.38879439e-11,1.00000000e-02,5651,0.364675
mmlu,complete,/Users/jiangnanhugo/workspace/power-sharpening/Subtree-Prefetching-Power-Sharpening/case_studies/logs-entropycut/mmlu/2026-09-23/vllm/dataset-mmlu.model-qwen3-8b.alpha4.0.steps100.blocks-1.prefetch-budget-20.rank-accept_first.cut-entropy4.0.samples20.maxnew1024.seed10086.subtreePrefetch.vllm.log,qwen3-8b,20,accept_first,7748,15496,uncertain,0.270650,0,1.00000000e-02,4.62606501e-02,243,0.015681
mmlu,complete,/Users/jiangnanhugo/workspace/power-sharpening/Subtree-Prefetching-Power-Sharpening/case_studies/logs-entropycut/mmlu/2026-09-23/vllm/dataset-mmlu.model-qwen3-8b.alpha4.0.steps100.blocks-1.prefetch-budget-20.rank-accept_first.cut-entropy4.0.samples20.maxnew1024.seed10086.subtreePrefetch.vllm.log,qwen3-8b,20,accept_first,7748,15496,uncertain,0.270650,1,4.62606501e-02,2.14004775e-01,763,0.049239
mmlu,complete,/Users/jiangnanhugo/workspace/power-sharpening/Subtree-Prefetching-Power-Sharpening/case_studies/logs-entropycut/mmlu/2026-09-23/vllm/dataset-mmlu.model-qwen3-8b.alpha4.0.steps100.blocks-1.prefetch-budget-20.rank-accept_first.cut-entropy4.0.samples20.maxnew1024.seed10086.subtreePrefetch.vllm.log,qwen3-8b,20,accept_first,7748,15496,uncertain,0.270650,2,2.14004775e-01,9.90000000e-01,3188,0.205731
mmlu,complete,/Users/jiangnanhugo/workspace/power-sharpening/Subtree-Prefetching-Power-Sharpening/case_studies/logs-entropycut/mmlu/2026-09-23/vllm/dataset-mmlu.model-qwen3-8b.alpha4.0.steps100.blocks-1.prefetch-budget-20.rank-accept_first.cut-entropy4.0.samples20.maxnew1024.seed10086.subtreePrefetch.vllm.log,qwen3-8b,20,accept_first,7748,15496,effectively taken,0.364675,0,9.90000000e-01,1.00000000e+00,5651,0.364675
lcb_v6,complete,/Users/jiangnanhugo/workspace/power-sharpening/Subtree-Prefetching-Power-Sharpening/case_studies/logs-entropycut/lcb_v6/2026-09-20/vllm/dataset-lcb_v6.model-qwen3-8b.alpha4.0.steps100.blocks-1.prefetch-budget-20.rank-accept_first.cut-entropy4.0.samples20.maxnew1024.seed10086.subtreePrefetch.vllm.log,qwen3-8b,20,accept_first,7644,15288,effectively not taken,0.433216,0,1.38879439e-11,1.00000000e-02,6623,0.433216
lcb_v6,complete,/Users/jiangnanhugo/workspace/power-sharpening/Subtree-Prefetching-Power-Sharpening/case_studies/logs-entropycut/lcb_v6/2026-09-20/vllm/dataset-lcb_v6.model-qwen3-8b.alpha4.0.steps100.blocks-1.prefetch-budget-20.rank-accept_first.cut-entropy4.0.samples20.maxnew1024.seed10086.subtreePrefetch.vllm.log,qwen3-8b,20,accept_first,7644,15288,uncertain,0.133569,0,1.00000000e-02,4.62606501e-02,99,0.006476
lcb_v6,complete,/Users/jiangnanhugo/workspace/power-sharpening/Subtree-Prefetching-Power-Sharpening/case_studies/logs-entropycut/lcb_v6/2026-09-20/vllm/dataset-lcb_v6.model-qwen3-8b.alpha4.0.steps100.blocks-1.prefetch-budget-20.rank-accept_first.cut-entropy4.0.samples20.maxnew1024.seed10086.subtreePrefetch.vllm.log,qwen3-8b,20,accept_first,7644,15288,uncertain,0.133569,1,4.62606501e-02,2.14004775e-01,610,0.039901
lcb_v6,complete,/Users/jiangnanhugo/workspace/power-sharpening/Subtree-Prefetching-Power-Sharpening/case_studies/logs-entropycut/lcb_v6/2026-09-20/vllm/dataset-lcb_v6.model-qwen3-8b.alpha4.0.steps100.blocks-1.prefetch-budget-20.rank-accept_first.cut-entropy4.0.samples20.maxnew1024.seed10086.subtreePrefetch.vllm.log,qwen3-8b,20,accept_first,7644,15288,uncertain,0.133569,2,2.14004775e-01,9.90000000e-01,1333,0.087193
lcb_v6,complete,/Users/jiangnanhugo/workspace/power-sharpening/Subtree-Prefetching-Power-Sharpening/case_studies/logs-entropycut/lcb_v6/2026-09-20/vllm/dataset-lcb_v6.model-qwen3-8b.alpha4.0.steps100.blocks-1.prefetch-budget-20.rank-accept_first.cut-entropy4.0.samples20.maxnew1024.seed10086.subtreePrefetch.vllm.log,qwen3-8b,20,accept_first,7644,15288,effectively taken,0.433216,0,9.90000000e-01,1.00000000e+00,6623,0.433216
math500,complete,/Users/jiangnanhugo/workspace/power-sharpening/Subtree-Prefetching-Power-Sharpening/case_studies/logs-entropycut/math500/2026-09-20/vllm/dataset-math500.model-qwen3.5-4b.alpha4.0.steps100.blocks-1.prefetch-budget-20.rank-accept_first.cut-entropy4.0.samples20.maxnew1024.seed10086.subtreePrefetch.vllm.log,qwen3.5-4b,20,accept_first,7398,14796,effectively not taken,0.361990,0,1.38879439e-11,1.00000000e-02,5356,0.361990
math500,complete,/Users/jiangnanhugo/workspace/power-sharpening/Subtree-Prefetching-Power-Sharpening/case_studies/logs-entropycut/math500/2026-09-20/vllm/dataset-math500.model-qwen3.5-4b.alpha4.0.steps100.blocks-1.prefetch-budget-20.rank-accept_first.cut-entropy4.0.samples20.maxnew1024.seed10086.subtreePrefetch.vllm.log,qwen3.5-4b,20,accept_first,7398,14796,uncertain,0.276021,0,1.00000000e-02,4.62606501e-02,227,0.015342
math500,complete,/Users/jiangnanhugo/workspace/power-sharpening/Subtree-Prefetching-Power-Sharpening/case_studies/logs-entropycut/math500/2026-09-20/vllm/dataset-math500.model-qwen3.5-4b.alpha4.0.steps100.blocks-1.prefetch-budget-20.rank-accept_first.cut-entropy4.0.samples20.maxnew1024.seed10086.subtreePrefetch.vllm.log,qwen3.5-4b,20,accept_first,7398,14796,uncertain,0.276021,1,4.62606501e-02,2.14004775e-01,751,0.050757
math500,complete,/Users/jiangnanhugo/workspace/power-sharpening/Subtree-Prefetching-Power-Sharpening/case_studies/logs-entropycut/math500/2026-09-20/vllm/dataset-math500.model-qwen3.5-4b.alpha4.0.steps100.blocks-1.prefetch-budget-20.rank-accept_first.cut-entropy4.0.samples20.maxnew1024.seed10086.subtreePrefetch.vllm.log,qwen3.5-4b,20,accept_first,7398,14796,uncertain,0.276021,2,2.14004775e-01,9.90000000e-01,3106,0.209922
math500,complete,/Users/jiangnanhugo/workspace/power-sharpening/Subtree-Prefetching-Power-Sharpening/case_studies/logs-entropycut/math500/2026-09-20/vllm/dataset-math500.model-qwen3.5-4b.alpha4.0.steps100.blocks-1.prefetch-budget-20.rank-accept_first.cut-entropy4.0.samples20.maxnew1024.seed10086.subtreePrefetch.vllm.log,qwen3.5-4b,20,accept_first,7398,14796,effectively taken,0.361990,0,9.90000000e-01,1.00000000e+00,5356,0.361990
aime,complete,/Users/jiangnanhugo/workspace/power-sharpening/Subtree-Prefetching-Power-Sharpening/case_studies/logs-entropycut/aime/2026-09-21/vllm/dataset-aime.model-qwen3.5-4b.alpha4.0.steps100.blocks-1.prefetch-budget-20.rank-accept_first.cut-entropy4.0.samples20.maxnew1024.seed10086.subtreePrefetch.vllm.log,qwen3.5-4b,20,accept_first,6354,12708,effectively not taken,0.395971,0,1.38879439e-11,1.00000000e-02,5032,0.395971
aime,complete,/Users/jiangnanhugo/workspace/power-sharpening/Subtree-Prefetching-Power-Sharpening/case_studies/logs-entropycut/aime/2026-09-21/vllm/dataset-aime.model-qwen3.5-4b.alpha4.0.steps100.blocks-1.prefetch-budget-20.rank-accept_first.cut-entropy4.0.samples20.maxnew1024.seed10086.subtreePrefetch.vllm.log,qwen3.5-4b,20,accept_first,6354,12708,uncertain,0.208058,0,1.00000000e-02,4.62606501e-02,83,0.006531
aime,complete,/Users/jiangnanhugo/workspace/power-sharpening/Subtree-Prefetching-Power-Sharpening/case_studies/logs-entropycut/aime/2026-09-21/vllm/dataset-aime.model-qwen3.5-4b.alpha4.0.steps100.blocks-1.prefetch-budget-20.rank-accept_first.cut-entropy4.0.samples20.maxnew1024.seed10086.subtreePrefetch.vllm.log,qwen3.5-4b,20,accept_first,6354,12708,uncertain,0.208058,1,4.62606501e-02,2.14004775e-01,442,0.034781
aime,complete,/Users/jiangnanhugo/workspace/power-sharpening/Subtree-Prefetching-Power-Sharpening/case_studies/logs-entropycut/aime/2026-09-21/vllm/dataset-aime.model-qwen3.5-4b.alpha4.0.steps100.blocks-1.prefetch-budget-20.rank-accept_first.cut-entropy4.0.samples20.maxnew1024.seed10086.subtreePrefetch.vllm.log,qwen3.5-4b,20,accept_first,6354,12708,uncertain,0.208058,2,2.14004775e-01,9.90000000e-01,2119,0.166745
aime,complete,/Users/jiangnanhugo/workspace/power-sharpening/Subtree-Prefetching-Power-Sharpening/case_studies/logs-entropycut/aime/2026-09-21/vllm/dataset-aime.model-qwen3.5-4b.alpha4.0.steps100.blocks-1.prefetch-budget-20.rank-accept_first.cut-entropy4.0.samples20.maxnew1024.seed10086.subtreePrefetch.vllm.log,qwen3.5-4b,20,accept_first,6354,12708,effectively taken,0.395971,0,9.90000000e-01,1.00000000e+00,5032,0.395971
mbpp,complete,/Users/jiangnanhugo/workspace/power-sharpening/Subtree-Prefetching-Power-Sharpening/case_studies/logs-entropycut/mbpp/2026-09-21/vllm/dataset-mbpp.model-qwen3.5-4b.alpha4.0.steps100.blocks-1.prefetch-budget-20.rank-accept_first.cut-entropy4.0.samples20.maxnew1024.seed10086.subtreePrefetch.vllm.log,qwen3.5-4b,20,accept_first,6583,13166,effectively not taken,0.445921,0,1.38879439e-11,1.00000000e-02,5871,0.445921
mbpp,complete,/Users/jiangnanhugo/workspace/power-sharpening/Subtree-Prefetching-Power-Sharpening/case_studies/logs-entropycut/mbpp/2026-09-21/vllm/dataset-mbpp.model-qwen3.5-4b.alpha4.0.steps100.blocks-1.prefetch-budget-20.rank-accept_first.cut-entropy4.0.samples20.maxnew1024.seed10086.subtreePrefetch.vllm.log,qwen3.5-4b,20,accept_first,6583,13166,uncertain,0.108157,0,1.00000000e-02,4.62606501e-02,122,0.009266
mbpp,complete,/Users/jiangnanhugo/workspace/power-sharpening/Subtree-Prefetching-Power-Sharpening/case_studies/logs-entropycut/mbpp/2026-09-21/vllm/dataset-mbpp.model-qwen3.5-4b.alpha4.0.steps100.blocks-1.prefetch-budget-20.rank-accept_first.cut-entropy4.0.samples20.maxnew1024.seed10086.subtreePrefetch.vllm.log,qwen3.5-4b,20,accept_first,6583,13166,uncertain,0.108157,1,4.62606501e-02,2.14004775e-01,225,0.017089
mbpp,complete,/Users/jiangnanhugo/workspace/power-sharpening/Subtree-Prefetching-Power-Sharpening/case_studies/logs-entropycut/mbpp/2026-09-21/vllm/dataset-mbpp.model-qwen3.5-4b.alpha4.0.steps100.blocks-1.prefetch-budget-20.rank-accept_first.cut-entropy4.0.samples20.maxnew1024.seed10086.subtreePrefetch.vllm.log,qwen3.5-4b,20,accept_first,6583,13166,uncertain,0.108157,2,2.14004775e-01,9.90000000e-01,1077,0.081802
mbpp,complete,/Users/jiangnanhugo/workspace/power-sharpening/Subtree-Prefetching-Power-Sharpening/case_studies/logs-entropycut/mbpp/2026-09-21/vllm/dataset-mbpp.model-qwen3.5-4b.alpha4.0.steps100.blocks-1.prefetch-budget-20.rank-accept_first.cut-entropy4.0.samples20.maxnew1024.seed10086.subtreePrefetch.vllm.log,qwen3.5-4b,20,accept_first,6583,13166,effectively taken,0.445921,0,9.90000000e-01,1.00000000e+00,5871,0.445921
gpqa,complete,/Users/jiangnanhugo/workspace/power-sharpening/Subtree-Prefetching-Power-Sharpening/case_studies/logs-entropycut/gpqa/2026-09-23/vllm/dataset-gpqa.model-qwen3.5-4b.alpha4.0.steps100.blocks-1.prefetch-budget-20.rank-accept_first.cut-entropy4.0.samples20.maxnew1024.seed10086.subtreePrefetch.vllm.log,qwen3.5-4b,20,accept_first,6289,12578,effectively not taken,0.405152,0,1.38879439e-11,1.00000000e-02,5096,0.405152
gpqa,complete,/Users/jiangnanhugo/workspace/power-sharpening/Subtree-Prefetching-Power-Sharpening/case_studies/logs-entropycut/gpqa/2026-09-23/vllm/dataset-gpqa.model-qwen3.5-4b.alpha4.0.steps100.blocks-1.prefetch-budget-20.rank-accept_first.cut-entropy4.0.samples20.maxnew1024.seed10086.subtreePrefetch.vllm.log,qwen3.5-4b,20,accept_first,6289,12578,uncertain,0.189696,0,1.00000000e-02,4.62606501e-02,184,0.014629
gpqa,complete,/Users/jiangnanhugo/workspace/power-sharpening/Subtree-Prefetching-Power-Sharpening/case_studies/logs-entropycut/gpqa/2026-09-23/vllm/dataset-gpqa.model-qwen3.5-4b.alpha4.0.steps100.blocks-1.prefetch-budget-20.rank-accept_first.cut-entropy4.0.samples20.maxnew1024.seed10086.subtreePrefetch.vllm.log,qwen3.5-4b,20,accept_first,6289,12578,uncertain,0.189696,1,4.62606501e-02,2.14004775e-01,443,0.035220
gpqa,complete,/Users/jiangnanhugo/workspace/power-sharpening/Subtree-Prefetching-Power-Sharpening/case_studies/logs-entropycut/gpqa/2026-09-23/vllm/dataset-gpqa.model-qwen3.5-4b.alpha4.0.steps100.blocks-1.prefetch-budget-20.rank-accept_first.cut-entropy4.0.samples20.maxnew1024.seed10086.subtreePrefetch.vllm.log,qwen3.5-4b,20,accept_first,6289,12578,uncertain,0.189696,2,2.14004775e-01,9.90000000e-01,1759,0.139847
gpqa,complete,/Users/jiangnanhugo/workspace/power-sharpening/Subtree-Prefetching-Power-Sharpening/case_studies/logs-entropycut/gpqa/2026-09-23/vllm/dataset-gpqa.model-qwen3.5-4b.alpha4.0.steps100.blocks-1.prefetch-budget-20.rank-accept_first.cut-entropy4.0.samples20.maxnew1024.seed10086.subtreePrefetch.vllm.log,qwen3.5-4b,20,accept_first,6289,12578,effectively taken,0.405152,0,9.90000000e-01,1.00000000e+00,5096,0.405152
human_eval,complete,/Users/jiangnanhugo/workspace/power-sharpening/Subtree-Prefetching-Power-Sharpening/case_studies/logs-entropycut/human_eval/2026-09-23/vllm/dataset-human_eval.model-qwen3.5-4b.alpha4.0.steps100.blocks-1.prefetch-budget-20.rank-accept_first.cut-entropy4.0.samples20.maxnew1024.seed10086.subtreePrefetch.vllm.log,qwen3.5-4b,20,accept_first,7936,15872,effectively not taken,0.410471,0,1.38879439e-11,1.00000000e-02,6515,0.410471
human_eval,complete,/Users/jiangnanhugo/workspace/power-sharpening/Subtree-Prefetching-Power-Sharpening/case_studies/logs-entropycut/human_eval/2026-09-23/vllm/dataset-human_eval.model-qwen3.5-4b.alpha4.0.steps100.blocks-1.prefetch-budget-20.rank-accept_first.cut-entropy4.0.samples20.maxnew1024.seed10086.subtreePrefetch.vllm.log,qwen3.5-4b,20,accept_first,7936,15872,uncertain,0.179057,0,1.00000000e-02,4.62606501e-02,186,0.011719
human_eval,complete,/Users/jiangnanhugo/workspace/power-sharpening/Subtree-Prefetching-Power-Sharpening/case_studies/logs-entropycut/human_eval/2026-09-23/vllm/dataset-human_eval.model-qwen3.5-4b.alpha4.0.steps100.blocks-1.prefetch-budget-20.rank-accept_first.cut-entropy4.0.samples20.maxnew1024.seed10086.subtreePrefetch.vllm.log,qwen3.5-4b,20,accept_first,7936,15872,uncertain,0.179057,1,4.62606501e-02,2.14004775e-01,518,0.032636
human_eval,complete,/Users/jiangnanhugo/workspace/power-sharpening/Subtree-Prefetching-Power-Sharpening/case_studies/logs-entropycut/human_eval/2026-09-23/vllm/dataset-human_eval.model-qwen3.5-4b.alpha4.0.steps100.blocks-1.prefetch-budget-20.rank-accept_first.cut-entropy4.0.samples20.maxnew1024.seed10086.subtreePrefetch.vllm.log,qwen3.5-4b,20,accept_first,7936,15872,uncertain,0.179057,2,2.14004775e-01,9.90000000e-01,2138,0.134703
human_eval,complete,/Users/jiangnanhugo/workspace/power-sharpening/Subtree-Prefetching-Power-Sharpening/case_studies/logs-entropycut/human_eval/2026-09-23/vllm/dataset-human_eval.model-qwen3.5-4b.alpha4.0.steps100.blocks-1.prefetch-budget-20.rank-accept_first.cut-entropy4.0.samples20.maxnew1024.seed10086.subtreePrefetch.vllm.log,qwen3.5-4b,20,accept_first,7936,15872,effectively taken,0.410471,0,9.90000000e-01,1.00000000e+00,6515,0.410471
mmlu,complete,/Users/jiangnanhugo/workspace/power-sharpening/Subtree-Prefetching-Power-Sharpening/case_studies/logs-entropycut/mmlu/2026-09-23/vllm/dataset-mmlu.model-qwen3.5-4b.alpha4.0.steps100.blocks-1.prefetch-budget-20.rank-accept_first.cut-entropy4.0.samples20.maxnew1024.seed10086.subtreePrefetch.vllm.log,qwen3.5-4b,20,accept_first,7334,14668,effectively not taken,0.377488,0,1.38879439e-11,1.00000000e-02,5537,0.377488
mmlu,complete,/Users/jiangnanhugo/workspace/power-sharpening/Subtree-Prefetching-Power-Sharpening/case_studies/logs-entropycut/mmlu/2026-09-23/vllm/dataset-mmlu.model-qwen3.5-4b.alpha4.0.steps100.blocks-1.prefetch-budget-20.rank-accept_first.cut-entropy4.0.samples20.maxnew1024.seed10086.subtreePrefetch.vllm.log,qwen3.5-4b,20,accept_first,7334,14668,uncertain,0.245023,0,1.00000000e-02,4.62606501e-02,145,0.009885
mmlu,complete,/Users/jiangnanhugo/workspace/power-sharpening/Subtree-Prefetching-Power-Sharpening/case_studies/logs-entropycut/mmlu/2026-09-23/vllm/dataset-mmlu.model-qwen3.5-4b.alpha4.0.steps100.blocks-1.prefetch-budget-20.rank-accept_first.cut-entropy4.0.samples20.maxnew1024.seed10086.subtreePrefetch.vllm.log,qwen3.5-4b,20,accept_first,7334,14668,uncertain,0.245023,1,4.62606501e-02,2.14004775e-01,630,0.042951
mmlu,complete,/Users/jiangnanhugo/workspace/power-sharpening/Subtree-Prefetching-Power-Sharpening/case_studies/logs-entropycut/mmlu/2026-09-23/vllm/dataset-mmlu.model-qwen3.5-4b.alpha4.0.steps100.blocks-1.prefetch-budget-20.rank-accept_first.cut-entropy4.0.samples20.maxnew1024.seed10086.subtreePrefetch.vllm.log,qwen3.5-4b,20,accept_first,7334,14668,uncertain,0.245023,2,2.14004775e-01,9.90000000e-01,2819,0.192187
mmlu,complete,/Users/jiangnanhugo/workspace/power-sharpening/Subtree-Prefetching-Power-Sharpening/case_studies/logs-entropycut/mmlu/2026-09-23/vllm/dataset-mmlu.model-qwen3.5-4b.alpha4.0.steps100.blocks-1.prefetch-budget-20.rank-accept_first.cut-entropy4.0.samples20.maxnew1024.seed10086.subtreePrefetch.vllm.log,qwen3.5-4b,20,accept_first,7334,14668,effectively taken,0.377488,0,9.90000000e-01,1.00000000e+00,5537,0.377488
lcb_v6,complete,/Users/jiangnanhugo/workspace/power-sharpening/Subtree-Prefetching-Power-Sharpening/case_studies/logs-entropycut/lcb_v6/2026-09-20/vllm/dataset-lcb_v6.model-qwen3.5-4b.alpha4.0.steps100.blocks-1.prefetch-budget-20.rank-accept_first.cut-entropy4.0.samples20.maxnew1024.seed10086.subtreePrefetch.vllm.log,qwen3.5-4b,20,accept_first,6111,12222,effectively not taken,0.419571,0,1.38879439e-11,1.00000000e-02,5128,0.419571
lcb_v6,complete,/Users/jiangnanhugo/workspace/power-sharpening/Subtree-Prefetching-Power-Sharpening/case_studies/logs-entropycut/lcb_v6/2026-09-20/vllm/dataset-lcb_v6.model-qwen3.5-4b.alpha4.0.steps100.blocks-1.prefetch-budget-20.rank-accept_first.cut-entropy4.0.samples20.maxnew1024.seed10086.subtreePrefetch.vllm.log,qwen3.5-4b,20,accept_first,6111,12222,uncertain,0.160857,0,1.00000000e-02,4.62606501e-02,105,0.008591
lcb_v6,complete,/Users/jiangnanhugo/workspace/power-sharpening/Subtree-Prefetching-Power-Sharpening/case_studies/logs-entropycut/lcb_v6/2026-09-20/vllm/dataset-lcb_v6.model-qwen3.5-4b.alpha4.0.steps100.blocks-1.prefetch-budget-20.rank-accept_first.cut-entropy4.0.samples20.maxnew1024.seed10086.subtreePrefetch.vllm.log,qwen3.5-4b,20,accept_first,6111,12222,uncertain,0.160857,1,4.62606501e-02,2.14004775e-01,397,0.032482
lcb_v6,complete,/Users/jiangnanhugo/workspace/power-sharpening/Subtree-Prefetching-Power-Sharpening/case_studies/logs-entropycut/lcb_v6/2026-09-20/vllm/dataset-lcb_v6.model-qwen3.5-4b.alpha4.0.steps100.blocks-1.prefetch-budget-20.rank-accept_first.cut-entropy4.0.samples20.maxnew1024.seed10086.subtreePrefetch.vllm.log,qwen3.5-4b,20,accept_first,6111,12222,uncertain,0.160857,2,2.14004775e-01,9.90000000e-01,1464,0.119784
lcb_v6,complete,/Users/jiangnanhugo/workspace/power-sharpening/Subtree-Prefetching-Power-Sharpening/case_studies/logs-entropycut/lcb_v6/2026-09-20/vllm/dataset-lcb_v6.model-qwen3.5-4b.alpha4.0.steps100.blocks-1.prefetch-budget-20.rank-accept_first.cut-entropy4.0.samples20.maxnew1024.seed10086.subtreePrefetch.vllm.log,qwen3.5-4b,20,accept_first,6111,12222,effectively taken,0.419571,0,9.90000000e-01,1.00000000e+00,5128,0.419571
math500,complete,/Users/jiangnanhugo/workspace/power-sharpening/Subtree-Prefetching-Power-Sharpening/case_studies/logs-entropycut/math500/2026-09-20/vllm/dataset-math500.model-qwen3-4b.alpha4.0.steps100.blocks-1.prefetch-budget-20.rank-accept_first.cut-entropy4.0.samples20.maxnew1024.seed10086.subtreePrefetch.vllm.log,qwen3-4b,20,accept_first,6374,12748,effectively not taken,0.422419,0,1.38879439e-11,1.00000000e-02,5385,0.422419
math500,complete,/Users/jiangnanhugo/workspace/power-sharpening/Subtree-Prefetching-Power-Sharpening/case_studies/logs-entropycut/math500/2026-09-20/vllm/dataset-math500.model-qwen3-4b.alpha4.0.steps100.blocks-1.prefetch-budget-20.rank-accept_first.cut-entropy4.0.samples20.maxnew1024.seed10086.subtreePrefetch.vllm.log,qwen3-4b,20,accept_first,6374,12748,uncertain,0.155162,0,1.00000000e-02,4.62606501e-02,154,0.012080
math500,complete,/Users/jiangnanhugo/workspace/power-sharpening/Subtree-Prefetching-Power-Sharpening/case_studies/logs-entropycut/math500/2026-09-20/vllm/dataset-math500.model-qwen3-4b.alpha4.0.steps100.blocks-1.prefetch-budget-20.rank-accept_first.cut-entropy4.0.samples20.maxnew1024.seed10086.subtreePrefetch.vllm.log,qwen3-4b,20,accept_first,6374,12748,uncertain,0.155162,1,4.62606501e-02,2.14004775e-01,315,0.024710
math500,complete,/Users/jiangnanhugo/workspace/power-sharpening/Subtree-Prefetching-Power-Sharpening/case_studies/logs-entropycut/math500/2026-09-20/vllm/dataset-math500.model-qwen3-4b.alpha4.0.steps100.blocks-1.prefetch-budget-20.rank-accept_first.cut-entropy4.0.samples20.maxnew1024.seed10086.subtreePrefetch.vllm.log,qwen3-4b,20,accept_first,6374,12748,uncertain,0.155162,2,2.14004775e-01,9.90000000e-01,1509,0.118372
math500,complete,/Users/jiangnanhugo/workspace/power-sharpening/Subtree-Prefetching-Power-Sharpening/case_studies/logs-entropycut/math500/2026-09-20/vllm/dataset-math500.model-qwen3-4b.alpha4.0.steps100.blocks-1.prefetch-budget-20.rank-accept_first.cut-entropy4.0.samples20.maxnew1024.seed10086.subtreePrefetch.vllm.log,qwen3-4b,20,accept_first,6374,12748,effectively taken,0.422419,0,9.90000000e-01,1.00000000e+00,5385,0.422419
aime,complete,/Users/jiangnanhugo/workspace/power-sharpening/Subtree-Prefetching-Power-Sharpening/case_studies/logs-entropycut/aime/2026-09-21/vllm/dataset-aime.model-qwen3-4b.alpha4.0.steps100.blocks-1.prefetch-budget-20.rank-accept_first.cut-entropy4.0.samples20.maxnew1024.seed10086.subtreePrefetch.vllm.log,qwen3-4b,20,accept_first,5561,11122,effectively not taken,0.428070,0,1.38879439e-11,1.00000000e-02,4761,0.428070
aime,complete,/Users/jiangnanhugo/workspace/power-sharpening/Subtree-Prefetching-Power-Sharpening/case_studies/logs-entropycut/aime/2026-09-21/vllm/dataset-aime.model-qwen3-4b.alpha4.0.steps100.blocks-1.prefetch-budget-20.rank-accept_first.cut-entropy4.0.samples20.maxnew1024.seed10086.subtreePrefetch.vllm.log,qwen3-4b,20,accept_first,5561,11122,uncertain,0.143859,0,1.00000000e-02,4.62606501e-02,120,0.010789
aime,complete,/Users/jiangnanhugo/workspace/power-sharpening/Subtree-Prefetching-Power-Sharpening/case_studies/logs-entropycut/aime/2026-09-21/vllm/dataset-aime.model-qwen3-4b.alpha4.0.steps100.blocks-1.prefetch-budget-20.rank-accept_first.cut-entropy4.0.samples20.maxnew1024.seed10086.subtreePrefetch.vllm.log,qwen3-4b,20,accept_first,5561,11122,uncertain,0.143859,1,4.62606501e-02,2.14004775e-01,250,0.022478
aime,complete,/Users/jiangnanhugo/workspace/power-sharpening/Subtree-Prefetching-Power-Sharpening/case_studies/logs-entropycut/aime/2026-09-21/vllm/dataset-aime.model-qwen3-4b.alpha4.0.steps100.blocks-1.prefetch-budget-20.rank-accept_first.cut-entropy4.0.samples20.maxnew1024.seed10086.subtreePrefetch.vllm.log,qwen3-4b,20,accept_first,5561,11122,uncertain,0.143859,2,2.14004775e-01,9.90000000e-01,1230,0.110592
aime,complete,/Users/jiangnanhugo/workspace/power-sharpening/Subtree-Prefetching-Power-Sharpening/case_studies/logs-entropycut/aime/2026-09-21/vllm/dataset-aime.model-qwen3-4b.alpha4.0.steps100.blocks-1.prefetch-budget-20.rank-accept_first.cut-entropy4.0.samples20.maxnew1024.seed10086.subtreePrefetch.vllm.log,qwen3-4b,20,accept_first,5561,11122,effectively taken,0.428070,0,9.90000000e-01,1.00000000e+00,4761,0.428070
mbpp,complete,/Users/jiangnanhugo/workspace/power-sharpening/Subtree-Prefetching-Power-Sharpening/case_studies/logs-entropycut/mbpp/2026-09-21/vllm/dataset-mbpp.model-qwen3-4b.alpha4.0.steps100.blocks-1.prefetch-budget-20.rank-accept_first.cut-entropy4.0.samples20.maxnew1024.seed10086.subtreePrefetch.vllm.log,qwen3-4b,20,accept_first,8732,17464,effectively not taken,0.349634,0,1.38879439e-11,1.00000000e-02,6106,0.349634
mbpp,complete,/Users/jiangnanhugo/workspace/power-sharpening/Subtree-Prefetching-Power-Sharpening/case_studies/logs-entropycut/mbpp/2026-09-21/vllm/dataset-mbpp.model-qwen3-4b.alpha4.0.steps100.blocks-1.prefetch-budget-20.rank-accept_first.cut-entropy4.0.samples20.maxnew1024.seed10086.subtreePrefetch.vllm.log,qwen3-4b,20,accept_first,8732,17464,uncertain,0.300733,0,1.00000000e-02,4.62606501e-02,379,0.021702
mbpp,complete,/Users/jiangnanhugo/workspace/power-sharpening/Subtree-Prefetching-Power-Sharpening/case_studies/logs-entropycut/mbpp/2026-09-21/vllm/dataset-mbpp.model-qwen3-4b.alpha4.0.steps100.blocks-1.prefetch-budget-20.rank-accept_first.cut-entropy4.0.samples20.maxnew1024.seed10086.subtreePrefetch.vllm.log,qwen3-4b,20,accept_first,8732,17464,uncertain,0.300733,1,4.62606501e-02,2.14004775e-01,1067,0.061097
mbpp,complete,/Users/jiangnanhugo/workspace/power-sharpening/Subtree-Prefetching-Power-Sharpening/case_studies/logs-entropycut/mbpp/2026-09-21/vllm/dataset-mbpp.model-qwen3-4b.alpha4.0.steps100.blocks-1.prefetch-budget-20.rank-accept_first.cut-entropy4.0.samples20.maxnew1024.seed10086.subtreePrefetch.vllm.log,qwen3-4b,20,accept_first,8732,17464,uncertain,0.300733,2,2.14004775e-01,9.90000000e-01,3806,0.217934
mbpp,complete,/Users/jiangnanhugo/workspace/power-sharpening/Subtree-Prefetching-Power-Sharpening/case_studies/logs-entropycut/mbpp/2026-09-21/vllm/dataset-mbpp.model-qwen3-4b.alpha4.0.steps100.blocks-1.prefetch-budget-20.rank-accept_first.cut-entropy4.0.samples20.maxnew1024.seed10086.subtreePrefetch.vllm.log,qwen3-4b,20,accept_first,8732,17464,effectively taken,0.349634,0,9.90000000e-01,1.00000000e+00,6106,0.349634
gpqa,complete,/Users/jiangnanhugo/workspace/power-sharpening/Subtree-Prefetching-Power-Sharpening/case_studies/logs-entropycut/gpqa/2026-09-23/vllm/dataset-gpqa.model-qwen3-4b.alpha4.0.steps100.blocks-1.prefetch-budget-20.rank-accept_first.cut-entropy4.0.samples20.maxnew1024.seed10086.subtreePrefetch.vllm.log,qwen3-4b,20,accept_first,6617,13234,effectively not taken,0.426402,0,1.38879439e-11,1.00000000e-02,5643,0.426402
gpqa,complete,/Users/jiangnanhugo/workspace/power-sharpening/Subtree-Prefetching-Power-Sharpening/case_studies/logs-entropycut/gpqa/2026-09-23/vllm/dataset-gpqa.model-qwen3-4b.alpha4.0.steps100.blocks-1.prefetch-budget-20.rank-accept_first.cut-entropy4.0.samples20.maxnew1024.seed10086.subtreePrefetch.vllm.log,qwen3-4b,20,accept_first,6617,13234,uncertain,0.147197,0,1.00000000e-02,4.62606501e-02,118,0.008916
gpqa,complete,/Users/jiangnanhugo/workspace/power-sharpening/Subtree-Prefetching-Power-Sharpening/case_studies/logs-entropycut/gpqa/2026-09-23/vllm/dataset-gpqa.model-qwen3-4b.alpha4.0.steps100.blocks-1.prefetch-budget-20.rank-accept_first.cut-entropy4.0.samples20.maxnew1024.seed10086.subtreePrefetch.vllm.log,qwen3-4b,20,accept_first,6617,13234,uncertain,0.147197,1,4.62606501e-02,2.14004775e-01,330,0.024936
gpqa,complete,/Users/jiangnanhugo/workspace/power-sharpening/Subtree-Prefetching-Power-Sharpening/case_studies/logs-entropycut/gpqa/2026-09-23/vllm/dataset-gpqa.model-qwen3-4b.alpha4.0.steps100.blocks-1.prefetch-budget-20.rank-accept_first.cut-entropy4.0.samples20.maxnew1024.seed10086.subtreePrefetch.vllm.log,qwen3-4b,20,accept_first,6617,13234,uncertain,0.147197,2,2.14004775e-01,9.90000000e-01,1500,0.113344
gpqa,complete,/Users/jiangnanhugo/workspace/power-sharpening/Subtree-Prefetching-Power-Sharpening/case_studies/logs-entropycut/gpqa/2026-09-23/vllm/dataset-gpqa.model-qwen3-4b.alpha4.0.steps100.blocks-1.prefetch-budget-20.rank-accept_first.cut-entropy4.0.samples20.maxnew1024.seed10086.subtreePrefetch.vllm.log,qwen3-4b,20,accept_first,6617,13234,effectively taken,0.426402,0,9.90000000e-01,1.00000000e+00,5643,0.426402
human_eval,complete,/Users/jiangnanhugo/workspace/power-sharpening/Subtree-Prefetching-Power-Sharpening/case_studies/logs-entropycut/human_eval/2026-09-23/vllm/dataset-human_eval.model-qwen3-4b.alpha4.0.steps100.blocks-1.prefetch-budget-20.rank-accept_first.cut-entropy4.0.samples20.maxnew1024.seed10086.subtreePrefetch.vllm.log,qwen3-4b,20,accept_first,9291,18582,effectively not taken,0.438973,0,1.38879439e-11,1.00000000e-02,8157,0.438973
human_eval,complete,/Users/jiangnanhugo/workspace/power-sharpening/Subtree-Prefetching-Power-Sharpening/case_studies/logs-entropycut/human_eval/2026-09-23/vllm/dataset-human_eval.model-qwen3-4b.alpha4.0.steps100.blocks-1.prefetch-budget-20.rank-accept_first.cut-entropy4.0.samples20.maxnew1024.seed10086.subtreePrefetch.vllm.log,qwen3-4b,20,accept_first,9291,18582,uncertain,0.122054,0,1.00000000e-02,4.62606501e-02,62,0.003337
human_eval,complete,/Users/jiangnanhugo/workspace/power-sharpening/Subtree-Prefetching-Power-Sharpening/case_studies/logs-entropycut/human_eval/2026-09-23/vllm/dataset-human_eval.model-qwen3-4b.alpha4.0.steps100.blocks-1.prefetch-budget-20.rank-accept_first.cut-entropy4.0.samples20.maxnew1024.seed10086.subtreePrefetch.vllm.log,qwen3-4b,20,accept_first,9291,18582,uncertain,0.122054,1,4.62606501e-02,2.14004775e-01,393,0.021149
human_eval,complete,/Users/jiangnanhugo/workspace/power-sharpening/Subtree-Prefetching-Power-Sharpening/case_studies/logs-entropycut/human_eval/2026-09-23/vllm/dataset-human_eval.model-qwen3-4b.alpha4.0.steps100.blocks-1.prefetch-budget-20.rank-accept_first.cut-entropy4.0.samples20.maxnew1024.seed10086.subtreePrefetch.vllm.log,qwen3-4b,20,accept_first,9291,18582,uncertain,0.122054,2,2.14004775e-01,9.90000000e-01,1813,0.097568
human_eval,complete,/Users/jiangnanhugo/workspace/power-sharpening/Subtree-Prefetching-Power-Sharpening/case_studies/logs-entropycut/human_eval/2026-09-23/vllm/dataset-human_eval.model-qwen3-4b.alpha4.0.steps100.blocks-1.prefetch-budget-20.rank-accept_first.cut-entropy4.0.samples20.maxnew1024.seed10086.subtreePrefetch.vllm.log,qwen3-4b,20,accept_first,9291,18582,effectively taken,0.438973,0,9.90000000e-01,1.00000000e+00,8157,0.438973
mmlu,complete,/Users/jiangnanhugo/workspace/power-sharpening/Subtree-Prefetching-Power-Sharpening/case_studies/logs-entropycut/mmlu/2026-09-23/vllm/dataset-mmlu.model-qwen3-4b.alpha4.0.steps100.blocks-1.prefetch-budget-20.rank-accept_first.cut-entropy4.0.samples20.maxnew1024.seed10086.subtreePrefetch.vllm.log,qwen3-4b,20,accept_first,7008,14016,effectively not taken,0.411458,0,1.38879439e-11,1.00000000e-02,5767,0.411458
mmlu,complete,/Users/jiangnanhugo/workspace/power-sharpening/Subtree-Prefetching-Power-Sharpening/case_studies/logs-entropycut/mmlu/2026-09-23/vllm/dataset-mmlu.model-qwen3-4b.alpha4.0.steps100.blocks-1.prefetch-budget-20.rank-accept_first.cut-entropy4.0.samples20.maxnew1024.seed10086.subtreePrefetch.vllm.log,qwen3-4b,20,accept_first,7008,14016,uncertain,0.177083,0,1.00000000e-02,4.62606501e-02,87,0.006207
mmlu,complete,/Users/jiangnanhugo/workspace/power-sharpening/Subtree-Prefetching-Power-Sharpening/case_studies/logs-entropycut/mmlu/2026-09-23/vllm/dataset-mmlu.model-qwen3-4b.alpha4.0.steps100.blocks-1.prefetch-budget-20.rank-accept_first.cut-entropy4.0.samples20.maxnew1024.seed10086.subtreePrefetch.vllm.log,qwen3-4b,20,accept_first,7008,14016,uncertain,0.177083,1,4.62606501e-02,2.14004775e-01,532,0.037957
mmlu,complete,/Users/jiangnanhugo/workspace/power-sharpening/Subtree-Prefetching-Power-Sharpening/case_studies/logs-entropycut/mmlu/2026-09-23/vllm/dataset-mmlu.model-qwen3-4b.alpha4.0.steps100.blocks-1.prefetch-budget-20.rank-accept_first.cut-entropy4.0.samples20.maxnew1024.seed10086.subtreePrefetch.vllm.log,qwen3-4b,20,accept_first,7008,14016,uncertain,0.177083,2,2.14004775e-01,9.90000000e-01,1863,0.132920
mmlu,complete,/Users/jiangnanhugo/workspace/power-sharpening/Subtree-Prefetching-Power-Sharpening/case_studies/logs-entropycut/mmlu/2026-09-23/vllm/dataset-mmlu.model-qwen3-4b.alpha4.0.steps100.blocks-1.prefetch-budget-20.rank-accept_first.cut-entropy4.0.samples20.maxnew1024.seed10086.subtreePrefetch.vllm.log,qwen3-4b,20,accept_first,7008,14016,effectively taken,0.411458,0,9.90000000e-01,1.00000000e+00,5767,0.411458
lcb_v6,complete,/Users/jiangnanhugo/workspace/power-sharpening/Subtree-Prefetching-Power-Sharpening/case_studies/logs-entropycut/lcb_v6/2026-09-20/vllm/dataset-lcb_v6.model-qwen3-4b.alpha4.0.steps100.blocks-1.prefetch-budget-20.rank-accept_first.cut-entropy4.0.samples20.maxnew1024.seed10086.subtreePrefetch.vllm.log,qwen3-4b,20,accept_first,6926,13852,effectively not taken,0.436760,0,1.38879439e-11,1.00000000e-02,6050,0.436760
lcb_v6,complete,/Users/jiangnanhugo/workspace/power-sharpening/Subtree-Prefetching-Power-Sharpening/case_studies/logs-entropycut/lcb_v6/2026-09-20/vllm/dataset-lcb_v6.model-qwen3-4b.alpha4.0.steps100.blocks-1.prefetch-budget-20.rank-accept_first.cut-entropy4.0.samples20.maxnew1024.seed10086.subtreePrefetch.vllm.log,qwen3-4b,20,accept_first,6926,13852,uncertain,0.126480,0,1.00000000e-02,4.62606501e-02,130,0.009385
lcb_v6,complete,/Users/jiangnanhugo/workspace/power-sharpening/Subtree-Prefetching-Power-Sharpening/case_studies/logs-entropycut/lcb_v6/2026-09-20/vllm/dataset-lcb_v6.model-qwen3-4b.alpha4.0.steps100.blocks-1.prefetch-budget-20.rank-accept_first.cut-entropy4.0.samples20.maxnew1024.seed10086.subtreePrefetch.vllm.log,qwen3-4b,20,accept_first,6926,13852,uncertain,0.126480,1,4.62606501e-02,2.14004775e-01,346,0.024978
lcb_v6,complete,/Users/jiangnanhugo/workspace/power-sharpening/Subtree-Prefetching-Power-Sharpening/case_studies/logs-entropycut/lcb_v6/2026-09-20/vllm/dataset-lcb_v6.model-qwen3-4b.alpha4.0.steps100.blocks-1.prefetch-budget-20.rank-accept_first.cut-entropy4.0.samples20.maxnew1024.seed10086.subtreePrefetch.vllm.log,qwen3-4b,20,accept_first,6926,13852,uncertain,0.126480,2,2.14004775e-01,9.90000000e-01,1276,0.092117
lcb_v6,complete,/Users/jiangnanhugo/workspace/power-sharpening/Subtree-Prefetching-Power-Sharpening/case_studies/logs-entropycut/lcb_v6/2026-09-20/vllm/dataset-lcb_v6.model-qwen3-4b.alpha4.0.steps100.blocks-1.prefetch-budget-20.rank-accept_first.cut-entropy4.0.samples20.maxnew1024.seed10086.subtreePrefetch.vllm.log,qwen3-4b,20,accept_first,6926,13852,effectively taken,0.436760,0,9.90000000e-01,1.00000000e+00,6050,0.436760
math500,complete,/Users/jiangnanhugo/workspace/power-sharpening/Subtree-Prefetching-Power-Sharpening/case_studies/logs-entropycut/math500/2026-09-20/vllm/dataset-math500.model-qwen3.5-9b.alpha4.0.steps100.blocks-1.prefetch-budget-20.rank-accept_first.cut-entropy4.0.samples20.maxnew1024.seed10086.subtreePrefetch.vllm.log,qwen3.5-9b,20,accept_first,6933,13866,effectively not taken,0.382230,0,1.38879439e-11,1.00000000e-02,5300,0.382230
math500,complete,/Users/jiangnanhugo/workspace/power-sharpening/Subtree-Prefetching-Power-Sharpening/case_studies/logs-entropycut/math500/2026-09-20/vllm/dataset-math500.model-qwen3.5-9b.alpha4.0.steps100.blocks-1.prefetch-budget-20.rank-accept_first.cut-entropy4.0.samples20.maxnew1024.seed10086.subtreePrefetch.vllm.log,qwen3.5-9b,20,accept_first,6933,13866,uncertain,0.235540,0,1.00000000e-02,4.62606501e-02,227,0.016371
math500,complete,/Users/jiangnanhugo/workspace/power-sharpening/Subtree-Prefetching-Power-Sharpening/case_studies/logs-entropycut/math500/2026-09-20/vllm/dataset-math500.model-qwen3.5-9b.alpha4.0.steps100.blocks-1.prefetch-budget-20.rank-accept_first.cut-entropy4.0.samples20.maxnew1024.seed10086.subtreePrefetch.vllm.log,qwen3.5-9b,20,accept_first,6933,13866,uncertain,0.235540,1,4.62606501e-02,2.14004775e-01,541,0.039016
math500,complete,/Users/jiangnanhugo/workspace/power-sharpening/Subtree-Prefetching-Power-Sharpening/case_studies/logs-entropycut/math500/2026-09-20/vllm/dataset-math500.model-qwen3.5-9b.alpha4.0.steps100.blocks-1.prefetch-budget-20.rank-accept_first.cut-entropy4.0.samples20.maxnew1024.seed10086.subtreePrefetch.vllm.log,qwen3.5-9b,20,accept_first,6933,13866,uncertain,0.235540,2,2.14004775e-01,9.90000000e-01,2498,0.180153
math500,complete,/Users/jiangnanhugo/workspace/power-sharpening/Subtree-Prefetching-Power-Sharpening/case_studies/logs-entropycut/math500/2026-09-20/vllm/dataset-math500.model-qwen3.5-9b.alpha4.0.steps100.blocks-1.prefetch-budget-20.rank-accept_first.cut-entropy4.0.samples20.maxnew1024.seed10086.subtreePrefetch.vllm.log,qwen3.5-9b,20,accept_first,6933,13866,effectively taken,0.382230,0,9.90000000e-01,1.00000000e+00,5300,0.382230
aime,complete,/Users/jiangnanhugo/workspace/power-sharpening/Subtree-Prefetching-Power-Sharpening/case_studies/logs-entropycut/aime/2026-09-21/vllm/dataset-aime.model-qwen3.5-9b.alpha4.0.steps100.blocks-1.prefetch-budget-20.rank-accept_first.cut-entropy4.0.samples20.maxnew1024.seed10086.subtreePrefetch.vllm.log,qwen3.5-9b,20,accept_first,7260,14520,effectively not taken,0.362466,0,1.38879439e-11,1.00000000e-02,5263,0.362466
aime,complete,/Users/jiangnanhugo/workspace/power-sharpening/Subtree-Prefetching-Power-Sharpening/case_studies/logs-entropycut/aime/2026-09-21/vllm/dataset-aime.model-qwen3.5-9b.alpha4.0.steps100.blocks-1.prefetch-budget-20.rank-accept_first.cut-entropy4.0.samples20.maxnew1024.seed10086.subtreePrefetch.vllm.log,qwen3.5-9b,20,accept_first,7260,14520,uncertain,0.275069,0,1.00000000e-02,4.62606501e-02,299,0.020592
aime,complete,/Users/jiangnanhugo/workspace/power-sharpening/Subtree-Prefetching-Power-Sharpening/case_studies/logs-entropycut/aime/2026-09-21/vllm/dataset-aime.model-qwen3.5-9b.alpha4.0.steps100.blocks-1.prefetch-budget-20.rank-accept_first.cut-entropy4.0.samples20.maxnew1024.seed10086.subtreePrefetch.vllm.log,qwen3.5-9b,20,accept_first,7260,14520,uncertain,0.275069,1,4.62606501e-02,2.14004775e-01,657,0.045248
aime,complete,/Users/jiangnanhugo/workspace/power-sharpening/Subtree-Prefetching-Power-Sharpening/case_studies/logs-entropycut/aime/2026-09-21/vllm/dataset-aime.model-qwen3.5-9b.alpha4.0.steps100.blocks-1.prefetch-budget-20.rank-accept_first.cut-entropy4.0.samples20.maxnew1024.seed10086.subtreePrefetch.vllm.log,qwen3.5-9b,20,accept_first,7260,14520,uncertain,0.275069,2,2.14004775e-01,9.90000000e-01,3038,0.209229
aime,complete,/Users/jiangnanhugo/workspace/power-sharpening/Subtree-Prefetching-Power-Sharpening/case_studies/logs-entropycut/aime/2026-09-21/vllm/dataset-aime.model-qwen3.5-9b.alpha4.0.steps100.blocks-1.prefetch-budget-20.rank-accept_first.cut-entropy4.0.samples20.maxnew1024.seed10086.subtreePrefetch.vllm.log,qwen3.5-9b,20,accept_first,7260,14520,effectively taken,0.362466,0,9.90000000e-01,1.00000000e+00,5263,0.362466
mbpp,complete,/Users/jiangnanhugo/workspace/power-sharpening/Subtree-Prefetching-Power-Sharpening/case_studies/logs-entropycut/mbpp/2026-09-21/vllm/dataset-mbpp.model-qwen3.5-9b.alpha4.0.steps100.blocks-1.prefetch-budget-20.rank-accept_first.cut-entropy4.0.samples20.maxnew1024.seed10086.subtreePrefetch.vllm.log,qwen3.5-9b,20,accept_first,6654,13308,effectively not taken,0.459723,0,1.38879439e-11,1.00000000e-02,6118,0.459723
mbpp,complete,/Users/jiangnanhugo/workspace/power-sharpening/Subtree-Prefetching-Power-Sharpening/case_studies/logs-entropycut/mbpp/2026-09-21/vllm/dataset-mbpp.model-qwen3.5-9b.alpha4.0.steps100.blocks-1.prefetch-budget-20.rank-accept_first.cut-entropy4.0.samples20.maxnew1024.seed10086.subtreePrefetch.vllm.log,qwen3.5-9b,20,accept_first,6654,13308,uncertain,0.080553,0,1.00000000e-02,4.62606501e-02,131,0.009844
mbpp,complete,/Users/jiangnanhugo/workspace/power-sharpening/Subtree-Prefetching-Power-Sharpening/case_studies/logs-entropycut/mbpp/2026-09-21/vllm/dataset-mbpp.model-qwen3.5-9b.alpha4.0.steps100.blocks-1.prefetch-budget-20.rank-accept_first.cut-entropy4.0.samples20.maxnew1024.seed10086.subtreePrefetch.vllm.log,qwen3.5-9b,20,accept_first,6654,13308,uncertain,0.080553,1,4.62606501e-02,2.14004775e-01,189,0.014202
mbpp,complete,/Users/jiangnanhugo/workspace/power-sharpening/Subtree-Prefetching-Power-Sharpening/case_studies/logs-entropycut/mbpp/2026-09-21/vllm/dataset-mbpp.model-qwen3.5-9b.alpha4.0.steps100.blocks-1.prefetch-budget-20.rank-accept_first.cut-entropy4.0.samples20.maxnew1024.seed10086.subtreePrefetch.vllm.log,qwen3.5-9b,20,accept_first,6654,13308,uncertain,0.080553,2,2.14004775e-01,9.90000000e-01,752,0.056507
mbpp,complete,/Users/jiangnanhugo/workspace/power-sharpening/Subtree-Prefetching-Power-Sharpening/case_studies/logs-entropycut/mbpp/2026-09-21/vllm/dataset-mbpp.model-qwen3.5-9b.alpha4.0.steps100.blocks-1.prefetch-budget-20.rank-accept_first.cut-entropy4.0.samples20.maxnew1024.seed10086.subtreePrefetch.vllm.log,qwen3.5-9b,20,accept_first,6654,13308,effectively taken,0.459723,0,9.90000000e-01,1.00000000e+00,6118,0.459723
gpqa,complete,/Users/jiangnanhugo/workspace/power-sharpening/Subtree-Prefetching-Power-Sharpening/case_studies/logs-entropycut/gpqa/2026-09-23/vllm/dataset-gpqa.model-qwen3.5-9b.alpha4.0.steps100.blocks-1.prefetch-budget-20.rank-accept_first.cut-entropy4.0.samples20.maxnew1024.seed10086.subtreePrefetch.vllm.log,qwen3.5-9b,20,accept_first,6444,12888,effectively not taken,0.414804,0,1.38879439e-11,1.00000000e-02,5346,0.414804
gpqa,complete,/Users/jiangnanhugo/workspace/power-sharpening/Subtree-Prefetching-Power-Sharpening/case_studies/logs-entropycut/gpqa/2026-09-23/vllm/dataset-gpqa.model-qwen3.5-9b.alpha4.0.steps100.blocks-1.prefetch-budget-20.rank-accept_first.cut-entropy4.0.samples20.maxnew1024.seed10086.subtreePrefetch.vllm.log,qwen3.5-9b,20,accept_first,6444,12888,uncertain,0.170391,0,1.00000000e-02,4.62606501e-02,149,0.011561
gpqa,complete,/Users/jiangnanhugo/workspace/power-sharpening/Subtree-Prefetching-Power-Sharpening/case_studies/logs-entropycut/gpqa/2026-09-23/vllm/dataset-gpqa.model-qwen3.5-9b.alpha4.0.steps100.blocks-1.prefetch-budget-20.rank-accept_first.cut-entropy4.0.samples20.maxnew1024.seed10086.subtreePrefetch.vllm.log,qwen3.5-9b,20,accept_first,6444,12888,uncertain,0.170391,1,4.62606501e-02,2.14004775e-01,378,0.029330
gpqa,complete,/Users/jiangnanhugo/workspace/power-sharpening/Subtree-Prefetching-Power-Sharpening/case_studies/logs-entropycut/gpqa/2026-09-23/vllm/dataset-gpqa.model-qwen3.5-9b.alpha4.0.steps100.blocks-1.prefetch-budget-20.rank-accept_first.cut-entropy4.0.samples20.maxnew1024.seed10086.subtreePrefetch.vllm.log,qwen3.5-9b,20,accept_first,6444,12888,uncertain,0.170391,2,2.14004775e-01,9.90000000e-01,1669,0.129500
gpqa,complete,/Users/jiangnanhugo/workspace/power-sharpening/Subtree-Prefetching-Power-Sharpening/case_studies/logs-entropycut/gpqa/2026-09-23/vllm/dataset-gpqa.model-qwen3.5-9b.alpha4.0.steps100.blocks-1.prefetch-budget-20.rank-accept_first.cut-entropy4.0.samples20.maxnew1024.seed10086.subtreePrefetch.vllm.log,qwen3.5-9b,20,accept_first,6444,12888,effectively taken,0.414804,0,9.90000000e-01,1.00000000e+00,5346,0.414804
human_eval,complete,/Users/jiangnanhugo/workspace/power-sharpening/Subtree-Prefetching-Power-Sharpening/case_studies/logs-entropycut/human_eval/2026-09-23/vllm/dataset-human_eval.model-qwen3.5-9b.alpha4.0.steps100.blocks-1.prefetch-budget-20.rank-accept_first.cut-entropy4.0.samples20.maxnew1024.seed10086.subtreePrefetch.vllm.log,qwen3.5-9b,20,accept_first,7978,15956,effectively not taken,0.330346,0,1.38879439e-11,1.00000000e-02,5271,0.330346
human_eval,complete,/Users/jiangnanhugo/workspace/power-sharpening/Subtree-Prefetching-Power-Sharpening/case_studies/logs-entropycut/human_eval/2026-09-23/vllm/dataset-human_eval.model-qwen3.5-9b.alpha4.0.steps100.blocks-1.prefetch-budget-20.rank-accept_first.cut-entropy4.0.samples20.maxnew1024.seed10086.subtreePrefetch.vllm.log,qwen3.5-9b,20,accept_first,7978,15956,uncertain,0.339308,0,1.00000000e-02,4.62606501e-02,122,0.007646
human_eval,complete,/Users/jiangnanhugo/workspace/power-sharpening/Subtree-Prefetching-Power-Sharpening/case_studies/logs-entropycut/human_eval/2026-09-23/vllm/dataset-human_eval.model-qwen3.5-9b.alpha4.0.steps100.blocks-1.prefetch-budget-20.rank-accept_first.cut-entropy4.0.samples20.maxnew1024.seed10086.subtreePrefetch.vllm.log,qwen3.5-9b,20,accept_first,7978,15956,uncertain,0.339308,1,4.62606501e-02,2.14004775e-01,1398,0.087616
human_eval,complete,/Users/jiangnanhugo/workspace/power-sharpening/Subtree-Prefetching-Power-Sharpening/case_studies/logs-entropycut/human_eval/2026-09-23/vllm/dataset-human_eval.model-qwen3.5-9b.alpha4.0.steps100.blocks-1.prefetch-budget-20.rank-accept_first.cut-entropy4.0.samples20.maxnew1024.seed10086.subtreePrefetch.vllm.log,qwen3.5-9b,20,accept_first,7978,15956,uncertain,0.339308,2,2.14004775e-01,9.90000000e-01,3894,0.244046
human_eval,complete,/Users/jiangnanhugo/workspace/power-sharpening/Subtree-Prefetching-Power-Sharpening/case_studies/logs-entropycut/human_eval/2026-09-23/vllm/dataset-human_eval.model-qwen3.5-9b.alpha4.0.steps100.blocks-1.prefetch-budget-20.rank-accept_first.cut-entropy4.0.samples20.maxnew1024.seed10086.subtreePrefetch.vllm.log,qwen3.5-9b,20,accept_first,7978,15956,effectively taken,0.330346,0,9.90000000e-01,1.00000000e+00,5271,0.330346
mmlu,complete,/Users/jiangnanhugo/workspace/power-sharpening/Subtree-Prefetching-Power-Sharpening/case_studies/logs-entropycut/mmlu/2026-09-23/vllm/dataset-mmlu.model-qwen3.5-9b.alpha4.0.steps100.blocks-1.prefetch-budget-20.rank-accept_first.cut-entropy4.0.samples20.maxnew1024.seed10086.subtreePrefetch.vllm.log,qwen3.5-9b,20,accept_first,8416,16832,effectively not taken,0.300618,0,1.38879439e-11,1.00000000e-02,5060,0.300618
mmlu,complete,/Users/jiangnanhugo/workspace/power-sharpening/Subtree-Prefetching-Power-Sharpening/case_studies/logs-entropycut/mmlu/2026-09-23/vllm/dataset-mmlu.model-qwen3.5-9b.alpha4.0.steps100.blocks-1.prefetch-budget-20.rank-accept_first.cut-entropy4.0.samples20.maxnew1024.seed10086.subtreePrefetch.vllm.log,qwen3.5-9b,20,accept_first,8416,16832,uncertain,0.398764,0,1.00000000e-02,4.62606501e-02,450,0.026735
mmlu,complete,/Users/jiangnanhugo/workspace/power-sharpening/Subtree-Prefetching-Power-Sharpening/case_studies/logs-entropycut/mmlu/2026-09-23/vllm/dataset-mmlu.model-qwen3.5-9b.alpha4.0.steps100.blocks-1.prefetch-budget-20.rank-accept_first.cut-entropy4.0.samples20.maxnew1024.seed10086.subtreePrefetch.vllm.log,qwen3.5-9b,20,accept_first,8416,16832,uncertain,0.398764,1,4.62606501e-02,2.14004775e-01,1175,0.069808
mmlu,complete,/Users/jiangnanhugo/workspace/power-sharpening/Subtree-Prefetching-Power-Sharpening/case_studies/logs-entropycut/mmlu/2026-09-23/vllm/dataset-mmlu.model-qwen3.5-9b.alpha4.0.steps100.blocks-1.prefetch-budget-20.rank-accept_first.cut-entropy4.0.samples20.maxnew1024.seed10086.subtreePrefetch.vllm.log,qwen3.5-9b,20,accept_first,8416,16832,uncertain,0.398764,2,2.14004775e-01,9.90000000e-01,5087,0.302222
mmlu,complete,/Users/jiangnanhugo/workspace/power-sharpening/Subtree-Prefetching-Power-Sharpening/case_studies/logs-entropycut/mmlu/2026-09-23/vllm/dataset-mmlu.model-qwen3.5-9b.alpha4.0.steps100.blocks-1.prefetch-budget-20.rank-accept_first.cut-entropy4.0.samples20.maxnew1024.seed10086.subtreePrefetch.vllm.log,qwen3.5-9b,20,accept_first,8416,16832,effectively taken,0.300618,0,9.90000000e-01,1.00000000e+00,5060,0.300618
lcb_v6,complete,/Users/jiangnanhugo/workspace/power-sharpening/Subtree-Prefetching-Power-Sharpening/case_studies/logs-entropycut/lcb_v6/2026-09-20/vllm/dataset-lcb_v6.model-qwen3.5-9b.alpha4.0.steps100.blocks-1.prefetch-budget-20.rank-accept_first.cut-entropy4.0.samples20.maxnew1024.seed10086.subtreePrefetch.vllm.log,qwen3.5-9b,20,accept_first,6368,12736,effectively not taken,0.406329,0,1.38879439e-11,1.00000000e-02,5175,0.406329
lcb_v6,complete,/Users/jiangnanhugo/workspace/power-sharpening/Subtree-Prefetching-Power-Sharpening/case_studies/logs-entropycut/lcb_v6/2026-09-20/vllm/dataset-lcb_v6.model-qwen3.5-9b.alpha4.0.steps100.blocks-1.prefetch-budget-20.rank-accept_first.cut-entropy4.0.samples20.maxnew1024.seed10086.subtreePrefetch.vllm.log,qwen3.5-9b,20,accept_first,6368,12736,uncertain,0.187343,0,1.00000000e-02,4.62606501e-02,182,0.014290
lcb_v6,complete,/Users/jiangnanhugo/workspace/power-sharpening/Subtree-Prefetching-Power-Sharpening/case_studies/logs-entropycut/lcb_v6/2026-09-20/vllm/dataset-lcb_v6.model-qwen3.5-9b.alpha4.0.steps100.blocks-1.prefetch-budget-20.rank-accept_first.cut-entropy4.0.samples20.maxnew1024.seed10086.subtreePrefetch.vllm.log,qwen3.5-9b,20,accept_first,6368,12736,uncertain,0.187343,1,4.62606501e-02,2.14004775e-01,407,0.031957
lcb_v6,complete,/Users/jiangnanhugo/workspace/power-sharpening/Subtree-Prefetching-Power-Sharpening/case_studies/logs-entropycut/lcb_v6/2026-09-20/vllm/dataset-lcb_v6.model-qwen3.5-9b.alpha4.0.steps100.blocks-1.prefetch-budget-20.rank-accept_first.cut-entropy4.0.samples20.maxnew1024.seed10086.subtreePrefetch.vllm.log,qwen3.5-9b,20,accept_first,6368,12736,uncertain,0.187343,2,2.14004775e-01,9.90000000e-01,1797,0.141096
lcb_v6,complete,/Users/jiangnanhugo/workspace/power-sharpening/Subtree-Prefetching-Power-Sharpening/case_studies/logs-entropycut/lcb_v6/2026-09-20/vllm/dataset-lcb_v6.model-qwen3.5-9b.alpha4.0.steps100.blocks-1.prefetch-budget-20.rank-accept_first.cut-entropy4.0.samples20.maxnew1024.seed10086.subtreePrefetch.vllm.log,qwen3.5-9b,20,accept_first,6368,12736,effectively taken,0.406329,0,9.90000000e-01,1.00000000e+00,5175,0.406329
