mh_iteration,trace_count,mean_cumulative_seconds,std_cumulative_seconds
1,20,4.4982999999999995,2.689983508069187
2,20,9.359449999999999,3.8307312683089636
3,20,13.035999999999998,5.057335183463198
4,20,17.087600000000002,5.36222650535548
5,20,21.52655,6.320939874109328
6,20,25.092750000000002,7.133726691790056
7,20,28.367700000000003,7.278846135422694
8,20,32.9998,7.040445302902216
9,20,37.378,7.249300917293589
10,20,41.55675,7.364076258753492
11,20,46.21805,7.438210717745158
12,20,50.237049999999996,7.38802592018791
13,20,54.781349999999996,7.490855247883036
14,20,57.6493,7.967984332710235
15,20,60.90220000000001,8.002530649738242
16,20,65.08975000000001,9.255840664569304
17,20,69.52215,9.675713395567165
18,20,73.7758,10.142928392675724
19,20,77.16405,9.430494067957918
20,20,81.92999999999999,9.758116756402279
21,20,85.9679,9.607794225742477
22,20,89.15305,9.568015883386526
23,20,93.82820000000001,9.306142621097663
24,20,97.35675,9.403065328167695
25,20,102.58995,9.148744322669586
26,20,106.41159999999999,9.295762862724072
27,20,110.1795,9.606356187989613
28,20,113.8406,9.907581171692927
29,20,118.0619,10.413022408200424
30,20,122.93319999999999,11.039206891801598
31,20,126.47469999999998,11.502412374436021
32,20,129.65795,11.580394250515324
33,20,133.81504999999999,12.628841624901394
34,20,138.53115,13.382537550558386
35,20,143.58509999999998,13.25590299451531
36,20,147.4124,14.367167777152254
37,20,151.01155,14.305780964259462
38,20,155.36505,13.64184097190081
39,20,159.76330000000002,14.04288509905508
40,20,163.9943,14.56925653234451
41,20,169.0923,15.082262559220457
42,20,173.1299,15.472838418542212
43,20,176.63344999999998,16.489007874386473
44,20,181.33355,17.087718533542706
45,20,185.89375,17.355551785417703
46,20,190.9092,17.539633479336832
47,20,195.75365,17.295433280052183
48,20,199.61025,17.11840654437266
49,20,204.262,17.442958612514516
50,20,208.9812,18.30892370747979
51,20,212.88815,18.961965371917252
52,20,217.3303,18.639621435900565
53,20,221.32415,17.859006777578045
54,20,226.04299999999998,18.38237301558779
55,20,230.14074999999997,18.385644579900386
56,20,234.21554999999998,18.528654836495797
57,20,238.0257,18.908748788520292
58,20,241.85465,18.675050686255435
59,20,245.30034999999998,18.717478927392108
60,20,249.63799999999998,18.954969671913407
61,20,253.92765,19.345600175083987
62,20,258.45005,20.54177696786156
63,20,261.97884999999997,20.29698891143836
64,20,266.28934999999996,19.947334000140394
65,20,270.9681,20.168674611099764
66,20,275.3745,19.86917256375867
67,20,280.27435,20.80440301645428
68,20,284.76255000000003,20.796104656692435
69,20,289.26374999999996,20.427245788729262
70,20,292.9953,19.831730826871194
71,20,297.4071,20.273686300226693
72,20,301.899,21.03858373510315
73,20,306.02840000000003,21.081634028349484
74,20,310.0229,20.542975034123742
75,20,314.1639,20.148719752720872
76,20,317.80765,20.01744443512104
77,20,321.8681,20.475573940673815
78,20,326.46365000000003,20.17645115181507
79,20,330.46475,20.185943154568594
80,20,334.8917,21.22489762941034
81,20,339.1937,21.872386234461814
82,20,343.163,23.303091134462267
83,20,347.22075,23.776169522123162
84,20,351.64615,23.540093089461816
85,20,356.12655,23.337215006519692
86,20,359.6216,22.929134517602655
87,20,364.40794999999997,23.429870762442093
88,20,369.3951,24.727208261559344
89,20,374.00429999999994,25.078000734760217
90,20,378.33824999999996,25.34602973139461
91,20,382.7018,25.62028220930077
92,20,386.14189999999996,25.696602642331875
93,20,389.85984999999994,25.9593742449013
94,20,394.3332,26.1466707624106
95,20,398.3924,26.211173237059807
96,20,402.58365,26.552331074740575
97,20,406.31225,26.35184978801303
98,20,410.79974999999996,26.379173062484888
99,20,414.9531,26.583779367560968
100,20,418.26995,25.304085849553644
