path_id,path_length,uncertain_fraction_eps_0.01,longest_predictable_run_eps_0.01,uncertain_fraction_eps_0.05,longest_predictable_run_eps_0.05,uncertain_fraction_eps_0.1,longest_predictable_run_eps_0.1,uncertain_fraction_eps_0.2,longest_predictable_run_eps_0.2
0,5,0.4,2,0.2,2,0.2,2,0.2,2
1,3,0.3333333333333333,1,0.3333333333333333,1,0.0,3,0.0,3
2,4,0.75,1,0.5,2,0.5,2,0.25,3
3,1,0.0,1,0.0,1,0.0,1,0.0,1
4,1,0.0,1,0.0,1,0.0,1,0.0,1
5,5,0.0,5,0.0,5,0.0,5,0.0,5
6,2,0.5,1,0.5,1,0.5,1,0.0,2
7,4,0.0,4,0.0,4,0.0,4,0.0,4
8,3,0.6666666666666666,1,0.6666666666666666,1,0.6666666666666666,1,0.3333333333333333,2
9,6,0.3333333333333333,4,0.16666666666666666,4,0.16666666666666666,4,0.16666666666666666,4
10,7,0.5714285714285714,1,0.5714285714285714,1,0.2857142857142857,4,0.14285714285714285,5
11,2,0.0,2,0.0,2,0.0,2,0.0,2
12,3,0.6666666666666666,1,0.6666666666666666,1,0.6666666666666666,1,0.3333333333333333,1
13,4,0.75,1,0.5,2,0.25,2,0.0,4
14,4,0.5,1,0.25,2,0.25,2,0.25,2
15,5,0.4,2,0.4,2,0.4,2,0.4,2
16,4,0.25,2,0.25,2,0.25,2,0.25,2
17,7,0.2857142857142857,3,0.2857142857142857,3,0.2857142857142857,3,0.0,7
18,6,0.3333333333333333,3,0.3333333333333333,3,0.16666666666666666,3,0.0,6
19,7,0.42857142857142855,3,0.2857142857142857,5,0.2857142857142857,5,0.0,7
20,1,1.0,0,1.0,0,1.0,0,1.0,0
21,2,0.0,2,0.0,2,0.0,2,0.0,2
22,9,0.0,9,0.0,9,0.0,9,0.0,9
23,5,0.0,5,0.0,5,0.0,5,0.0,5
24,6,0.16666666666666666,5,0.16666666666666666,5,0.16666666666666666,5,0.0,6
25,1,1.0,0,1.0,0,1.0,0,1.0,0
26,1,0.0,1,0.0,1,0.0,1,0.0,1
27,1,0.0,1,0.0,1,0.0,1,0.0,1
28,1,0.0,1,0.0,1,0.0,1,0.0,1
29,2,1.0,0,1.0,0,1.0,0,1.0,0
30,5,0.4,3,0.0,5,0.0,5,0.0,5
31,5,0.8,1,0.6,2,0.4,3,0.4,3
32,2,0.5,1,0.5,1,0.0,2,0.0,2
33,5,0.6,1,0.4,3,0.4,3,0.4,3
34,1,0.0,1,0.0,1,0.0,1,0.0,1
35,7,0.5714285714285714,1,0.2857142857142857,3,0.2857142857142857,3,0.2857142857142857,3
36,1,0.0,1,0.0,1,0.0,1,0.0,1
37,7,0.2857142857142857,5,0.2857142857142857,5,0.2857142857142857,5,0.14285714285714285,6
38,3,0.6666666666666666,1,0.6666666666666666,1,0.6666666666666666,1,0.3333333333333333,2
39,5,0.2,4,0.0,5,0.0,5,0.0,5
40,6,0.0,6,0.0,6,0.0,6,0.0,6
41,4,0.25,3,0.25,3,0.25,3,0.0,4
42,6,0.16666666666666666,4,0.0,6,0.0,6,0.0,6
43,7,0.14285714285714285,6,0.14285714285714285,6,0.0,7,0.0,7
44,5,0.2,4,0.2,4,0.2,4,0.2,4
45,5,0.2,3,0.2,3,0.0,5,0.0,5
46,5,0.2,4,0.2,4,0.2,4,0.2,4
47,6,0.3333333333333333,2,0.16666666666666666,3,0.16666666666666666,3,0.16666666666666666,3
48,3,0.0,3,0.0,3,0.0,3,0.0,3
49,5,0.0,5,0.0,5,0.0,5,0.0,5
50,6,0.16666666666666666,5,0.16666666666666666,5,0.0,6,0.0,6
51,2,0.0,2,0.0,2,0.0,2,0.0,2
52,7,0.14285714285714285,5,0.0,7,0.0,7,0.0,7
53,6,0.16666666666666666,5,0.16666666666666666,5,0.16666666666666666,5,0.16666666666666666,5
54,7,0.14285714285714285,5,0.14285714285714285,5,0.0,7,0.0,7
55,6,0.3333333333333333,4,0.16666666666666666,5,0.16666666666666666,5,0.16666666666666666,5
56,6,0.5,2,0.16666666666666666,3,0.16666666666666666,3,0.16666666666666666,3
57,5,0.4,2,0.4,2,0.4,2,0.0,5
58,3,0.3333333333333333,1,0.3333333333333333,1,0.3333333333333333,1,0.3333333333333333,1
59,5,0.4,1,0.4,1,0.2,3,0.2,3
60,5,0.4,3,0.4,3,0.2,4,0.0,5
61,3,0.0,3,0.0,3,0.0,3,0.0,3
62,6,0.3333333333333333,4,0.3333333333333333,4,0.3333333333333333,4,0.16666666666666666,5
63,4,0.0,4,0.0,4,0.0,4,0.0,4
64,6,0.0,6,0.0,6,0.0,6,0.0,6
65,6,0.3333333333333333,2,0.16666666666666666,4,0.16666666666666666,4,0.16666666666666666,4
66,3,0.0,3,0.0,3,0.0,3,0.0,3
67,5,0.2,3,0.2,3,0.2,3,0.2,3
68,4,0.0,4,0.0,4,0.0,4,0.0,4
69,1,0.0,1,0.0,1,0.0,1,0.0,1
70,1,0.0,1,0.0,1,0.0,1,0.0,1
71,2,0.0,2,0.0,2,0.0,2,0.0,2
72,5,0.2,4,0.2,4,0.0,5,0.0,5
73,4,0.25,3,0.25,3,0.0,4,0.0,4
74,6,0.5,3,0.3333333333333333,4,0.16666666666666666,5,0.0,6
75,1,1.0,0,1.0,0,1.0,0,1.0,0
76,5,0.2,4,0.0,5,0.0,5,0.0,5
77,5,0.2,2,0.2,2,0.2,2,0.2,2
78,4,0.25,2,0.25,2,0.25,2,0.0,4
79,1,0.0,1,0.0,1,0.0,1,0.0,1
80,2,0.0,2,0.0,2,0.0,2,0.0,2
81,5,0.6,1,0.2,3,0.2,3,0.2,3
82,2,0.5,1,0.5,1,0.5,1,0.5,1
83,4,0.25,2,0.0,4,0.0,4,0.0,4
84,2,0.5,1,0.5,1,0.0,2,0.0,2
85,1,0.0,1,0.0,1,0.0,1,0.0,1
86,7,0.42857142857142855,2,0.2857142857142857,4,0.2857142857142857,4,0.2857142857142857,4
87,5,0.4,3,0.4,3,0.4,3,0.2,3
88,1,1.0,0,1.0,0,1.0,0,0.0,1
89,3,0.0,3,0.0,3,0.0,3,0.0,3
90,4,0.25,2,0.0,4,0.0,4,0.0,4
91,1,1.0,0,1.0,0,1.0,0,1.0,0
92,1,0.0,1,0.0,1,0.0,1,0.0,1
93,4,0.25,3,0.25,3,0.25,3,0.25,3
94,5,0.2,2,0.0,5,0.0,5,0.0,5
95,8,0.0,8,0.0,8,0.0,8,0.0,8
96,6,0.3333333333333333,3,0.16666666666666666,5,0.16666666666666666,5,0.16666666666666666,5
97,4,0.25,3,0.0,4,0.0,4,0.0,4
98,3,0.0,3,0.0,3,0.0,3,0.0,3
99,6,0.16666666666666666,4,0.16666666666666666,4,0.16666666666666666,4,0.16666666666666666,4
100,3,0.0,3,0.0,3,0.0,3,0.0,3
101,4,0.25,2,0.0,4,0.0,4,0.0,4
102,7,0.14285714285714285,6,0.14285714285714285,6,0.14285714285714285,6,0.0,7
103,6,0.0,6,0.0,6,0.0,6,0.0,6
104,6,0.0,6,0.0,6,0.0,6,0.0,6
105,4,0.25,2,0.25,2,0.25,2,0.0,4
106,1,1.0,0,1.0,0,1.0,0,1.0,0
107,3,0.3333333333333333,1,0.0,3,0.0,3,0.0,3
108,2,0.0,2,0.0,2,0.0,2,0.0,2
109,5,0.6,2,0.6,2,0.4,3,0.4,3
110,7,0.5714285714285714,2,0.42857142857142855,3,0.14285714285714285,4,0.0,7
111,6,0.0,6,0.0,6,0.0,6,0.0,6
112,7,0.0,7,0.0,7,0.0,7,0.0,7
113,5,0.8,1,0.4,2,0.0,5,0.0,5
114,5,0.2,4,0.2,4,0.0,5,0.0,5
115,6,0.3333333333333333,2,0.3333333333333333,2,0.3333333333333333,2,0.3333333333333333,2
116,3,0.0,3,0.0,3,0.0,3,0.0,3
117,1,0.0,1,0.0,1,0.0,1,0.0,1
118,6,0.3333333333333333,4,0.16666666666666666,4,0.0,6,0.0,6
119,4,0.0,4,0.0,4,0.0,4,0.0,4
120,1,0.0,1,0.0,1,0.0,1,0.0,1
121,2,0.0,2,0.0,2,0.0,2,0.0,2
122,2,0.0,2,0.0,2,0.0,2,0.0,2
123,6,0.6666666666666666,2,0.6666666666666666,2,0.5,2,0.5,2
124,1,1.0,0,0.0,1,0.0,1,0.0,1
125,7,0.0,7,0.0,7,0.0,7,0.0,7
126,5,0.2,2,0.2,2,0.2,2,0.2,2
127,5,0.0,5,0.0,5,0.0,5,0.0,5
128,2,0.0,2,0.0,2,0.0,2,0.0,2
129,5,0.4,2,0.4,2,0.4,2,0.4,2
130,3,0.3333333333333333,2,0.3333333333333333,2,0.3333333333333333,2,0.0,3
131,5,0.0,5,0.0,5,0.0,5,0.0,5
132,5,0.6,2,0.6,2,0.6,2,0.6,2
133,7,0.14285714285714285,4,0.14285714285714285,4,0.14285714285714285,4,0.14285714285714285,4
134,2,0.5,1,0.5,1,0.0,2,0.0,2
135,6,0.3333333333333333,3,0.16666666666666666,5,0.0,6,0.0,6
136,5,0.8,1,0.6,1,0.4,1,0.4,1
137,5,0.2,3,0.2,3,0.2,3,0.2,3
138,7,0.42857142857142855,3,0.42857142857142855,3,0.42857142857142855,3,0.14285714285714285,5
139,3,0.3333333333333333,2,0.3333333333333333,2,0.3333333333333333,2,0.3333333333333333,2
140,2,0.5,1,0.5,1,0.5,1,0.5,1
141,5,0.4,2,0.4,2,0.4,2,0.4,2
142,1,1.0,0,1.0,0,1.0,0,1.0,0
143,2,0.0,2,0.0,2,0.0,2,0.0,2
144,6,0.3333333333333333,4,0.3333333333333333,4,0.16666666666666666,5,0.16666666666666666,5
145,1,0.0,1,0.0,1,0.0,1,0.0,1
146,2,0.0,2,0.0,2,0.0,2,0.0,2
147,2,0.5,1,0.5,1,0.5,1,0.5,1
148,7,0.7142857142857143,2,0.42857142857142855,3,0.42857142857142855,3,0.42857142857142855,3
149,2,0.5,1,0.5,1,0.5,1,0.5,1
150,6,0.16666666666666666,3,0.0,6,0.0,6,0.0,6
151,7,0.5714285714285714,3,0.42857142857142855,3,0.42857142857142855,3,0.2857142857142857,4
152,4,0.5,1,0.5,1,0.25,3,0.25,3
153,7,0.2857142857142857,4,0.14285714285714285,5,0.14285714285714285,5,0.14285714285714285,5
154,2,0.5,1,0.5,1,0.5,1,0.5,1
155,6,0.3333333333333333,2,0.3333333333333333,2,0.3333333333333333,2,0.0,6
156,5,0.8,1,0.6,1,0.6,1,0.6,1
157,4,0.25,2,0.25,2,0.25,2,0.25,2
158,2,0.5,1,0.5,1,0.5,1,0.5,1
159,6,0.5,3,0.5,3,0.5,3,0.16666666666666666,4
160,4,0.75,1,0.25,3,0.25,3,0.0,4
161,2,1.0,0,0.5,1,0.0,2,0.0,2
162,7,0.7142857142857143,1,0.5714285714285714,2,0.5714285714285714,2,0.2857142857142857,3
163,4,0.75,1,0.75,1,0.75,1,0.75,1
164,6,0.3333333333333333,3,0.3333333333333333,3,0.3333333333333333,3,0.3333333333333333,3
165,3,0.3333333333333333,2,0.3333333333333333,2,0.3333333333333333,2,0.0,3
166,2,0.5,1,0.0,2,0.0,2,0.0,2
167,2,0.5,1,0.5,1,0.5,1,0.5,1
168,5,0.6,1,0.2,3,0.2,3,0.0,5
169,2,0.0,2,0.0,2,0.0,2,0.0,2
170,3,0.0,3,0.0,3,0.0,3,0.0,3
171,2,0.0,2,0.0,2,0.0,2,0.0,2
172,4,0.25,3,0.25,3,0.25,3,0.25,3
173,4,0.75,1,0.25,3,0.25,3,0.25,3
174,2,0.5,1,0.5,1,0.5,1,0.5,1
175,7,0.14285714285714285,6,0.0,7,0.0,7,0.0,7
176,6,0.0,6,0.0,6,0.0,6,0.0,6
177,3,0.3333333333333333,1,0.3333333333333333,1,0.3333333333333333,1,0.0,3
178,6,0.16666666666666666,4,0.0,6,0.0,6,0.0,6
179,7,0.2857142857142857,3,0.2857142857142857,3,0.2857142857142857,3,0.14285714285714285,4
180,6,0.5,2,0.16666666666666666,3,0.16666666666666666,3,0.16666666666666666,3
181,5,0.2,3,0.0,5,0.0,5,0.0,5
182,5,0.4,3,0.2,4,0.2,4,0.2,4
183,3,0.6666666666666666,1,0.3333333333333333,1,0.3333333333333333,1,0.0,3
184,2,0.5,1,0.0,2,0.0,2,0.0,2
185,3,0.6666666666666666,1,0.0,3,0.0,3,0.0,3
186,5,0.0,5,0.0,5,0.0,5,0.0,5
187,7,0.14285714285714285,6,0.14285714285714285,6,0.14285714285714285,6,0.0,7
188,4,0.25,2,0.25,2,0.25,2,0.25,2
189,5,0.4,2,0.0,5,0.0,5,0.0,5
190,4,0.0,4,0.0,4,0.0,4,0.0,4
191,4,0.0,4,0.0,4,0.0,4,0.0,4
192,3,0.3333333333333333,2,0.0,3,0.0,3,0.0,3
193,3,0.3333333333333333,2,0.3333333333333333,2,0.3333333333333333,2,0.3333333333333333,2
194,2,0.0,2,0.0,2,0.0,2,0.0,2
195,3,0.3333333333333333,1,0.3333333333333333,1,0.0,3,0.0,3
196,5,0.0,5,0.0,5,0.0,5,0.0,5
197,7,0.0,7,0.0,7,0.0,7,0.0,7
198,5,0.4,2,0.4,2,0.2,2,0.2,2
199,7,0.14285714285714285,3,0.14285714285714285,3,0.14285714285714285,3,0.14285714285714285,3
200,7,0.0,7,0.0,7,0.0,7,0.0,7
201,4,0.0,4,0.0,4,0.0,4,0.0,4
202,6,0.3333333333333333,4,0.16666666666666666,5,0.0,6,0.0,6
203,3,0.6666666666666666,1,0.6666666666666666,1,0.6666666666666666,1,0.0,3
204,6,0.3333333333333333,2,0.3333333333333333,2,0.3333333333333333,2,0.16666666666666666,5
205,6,0.3333333333333333,3,0.16666666666666666,4,0.0,6,0.0,6
206,6,0.16666666666666666,5,0.16666666666666666,5,0.0,6,0.0,6
207,7,0.2857142857142857,3,0.0,7,0.0,7,0.0,7
208,6,0.0,6,0.0,6,0.0,6,0.0,6
209,7,0.2857142857142857,4,0.2857142857142857,4,0.2857142857142857,4,0.14285714285714285,5
210,7,0.2857142857142857,3,0.2857142857142857,3,0.2857142857142857,3,0.2857142857142857,3
211,3,0.0,3,0.0,3,0.0,3,0.0,3
212,1,0.0,1,0.0,1,0.0,1,0.0,1
213,2,0.0,2,0.0,2,0.0,2,0.0,2
214,1,0.0,1,0.0,1,0.0,1,0.0,1
215,3,0.3333333333333333,1,0.3333333333333333,1,0.3333333333333333,1,0.3333333333333333,1
216,2,0.0,2,0.0,2,0.0,2,0.0,2
217,4,0.25,3,0.25,3,0.0,4,0.0,4
218,4,0.0,4,0.0,4,0.0,4,0.0,4
219,6,0.0,6,0.0,6,0.0,6,0.0,6
220,7,0.0,7,0.0,7,0.0,7,0.0,7
221,6,0.0,6,0.0,6,0.0,6,0.0,6
222,4,0.0,4,0.0,4,0.0,4,0.0,4
223,8,0.0,8,0.0,8,0.0,8,0.0,8
224,6,0.0,6,0.0,6,0.0,6,0.0,6
225,6,0.0,6,0.0,6,0.0,6,0.0,6
226,5,0.0,5,0.0,5,0.0,5,0.0,5
227,6,0.0,6,0.0,6,0.0,6,0.0,6
228,6,0.0,6,0.0,6,0.0,6,0.0,6
229,4,0.0,4,0.0,4,0.0,4,0.0,4
230,5,0.0,5,0.0,5,0.0,5,0.0,5
231,4,0.0,4,0.0,4,0.0,4,0.0,4
232,3,0.0,3,0.0,3,0.0,3,0.0,3
233,7,0.0,7,0.0,7,0.0,7,0.0,7
234,1,0.0,1,0.0,1,0.0,1,0.0,1
235,1,0.0,1,0.0,1,0.0,1,0.0,1
236,1,1.0,0,1.0,0,1.0,0,0.0,1
237,1,0.0,1,0.0,1,0.0,1,0.0,1
238,1,0.0,1,0.0,1,0.0,1,0.0,1
239,1,0.0,1,0.0,1,0.0,1,0.0,1
240,3,0.3333333333333333,2,0.3333333333333333,2,0.3333333333333333,2,0.3333333333333333,2
241,4,0.25,3,0.25,3,0.25,3,0.25,3
242,2,0.5,1,0.5,1,0.5,1,0.0,2
243,8,0.25,6,0.125,6,0.125,6,0.0,8
244,5,0.6,1,0.6,1,0.6,1,0.2,3
245,5,0.0,5,0.0,5,0.0,5,0.0,5
246,3,0.0,3,0.0,3,0.0,3,0.0,3
247,4,0.0,4,0.0,4,0.0,4,0.0,4
248,7,0.2857142857142857,2,0.2857142857142857,2,0.2857142857142857,2,0.14285714285714285,4
249,3,0.3333333333333333,2,0.3333333333333333,2,0.3333333333333333,2,0.3333333333333333,2
250,7,0.2857142857142857,5,0.2857142857142857,5,0.2857142857142857,5,0.14285714285714285,6
251,4,0.25,3,0.25,3,0.0,4,0.0,4
252,1,1.0,0,1.0,0,1.0,0,0.0,1
253,2,0.5,1,0.5,1,0.5,1,0.5,1
254,2,0.5,1,0.5,1,0.5,1,0.5,1
255,5,0.6,1,0.6,1,0.4,2,0.4,2
256,6,0.16666666666666666,3,0.16666666666666666,3,0.16666666666666666,3,0.0,6
257,7,0.0,7,0.0,7,0.0,7,0.0,7
258,6,0.6666666666666666,2,0.5,2,0.5,2,0.5,2
259,2,0.0,2,0.0,2,0.0,2,0.0,2
260,4,0.75,1,0.75,1,0.75,1,0.75,1
261,3,0.0,3,0.0,3,0.0,3,0.0,3
262,1,1.0,0,0.0,1,0.0,1,0.0,1
263,3,0.3333333333333333,1,0.3333333333333333,1,0.3333333333333333,1,0.3333333333333333,1
264,3,0.6666666666666666,1,0.6666666666666666,1,0.6666666666666666,1,0.6666666666666666,1
265,2,0.0,2,0.0,2,0.0,2,0.0,2
266,1,0.0,1,0.0,1,0.0,1,0.0,1
267,6,0.8333333333333334,1,0.6666666666666666,2,0.16666666666666666,4,0.0,6
268,2,0.5,1,0.0,2,0.0,2,0.0,2
269,4,0.0,4,0.0,4,0.0,4,0.0,4
270,3,0.3333333333333333,2,0.3333333333333333,2,0.0,3,0.0,3
271,4,0.75,1,0.5,1,0.25,3,0.0,4
272,7,0.14285714285714285,4,0.14285714285714285,4,0.0,7,0.0,7
273,5,0.6,1,0.4,3,0.4,3,0.2,4
274,2,0.5,1,0.5,1,0.5,1,0.0,2
275,1,0.0,1,0.0,1,0.0,1,0.0,1
276,2,0.0,2,0.0,2,0.0,2,0.0,2
277,5,0.4,2,0.4,2,0.2,3,0.0,5
278,5,0.2,3,0.0,5,0.0,5,0.0,5
279,7,0.5714285714285714,1,0.42857142857142855,3,0.2857142857142857,5,0.2857142857142857,5
280,1,0.0,1,0.0,1,0.0,1,0.0,1
281,4,0.0,4,0.0,4,0.0,4,0.0,4
282,7,0.2857142857142857,5,0.14285714285714285,6,0.0,7,0.0,7
283,3,0.3333333333333333,1,0.0,3,0.0,3,0.0,3
284,8,0.125,5,0.125,5,0.0,8,0.0,8
285,2,0.0,2,0.0,2,0.0,2,0.0,2
286,4,0.0,4,0.0,4,0.0,4,0.0,4
287,6,0.6666666666666666,2,0.16666666666666666,5,0.16666666666666666,5,0.0,6
288,3,0.3333333333333333,2,0.3333333333333333,2,0.3333333333333333,2,0.0,3
289,3,0.0,3,0.0,3,0.0,3,0.0,3
290,2,0.0,2,0.0,2,0.0,2,0.0,2
291,2,0.0,2,0.0,2,0.0,2,0.0,2
292,2,0.5,1,0.5,1,0.5,1,0.5,1
293,5,0.0,5,0.0,5,0.0,5,0.0,5
294,3,0.0,3,0.0,3,0.0,3,0.0,3
295,3,0.0,3,0.0,3,0.0,3,0.0,3
296,3,0.6666666666666666,1,0.6666666666666666,1,0.6666666666666666,1,0.0,3
297,7,0.0,7,0.0,7,0.0,7,0.0,7
298,7,0.14285714285714285,5,0.14285714285714285,5,0.14285714285714285,5,0.14285714285714285,5
299,6,0.3333333333333333,2,0.3333333333333333,2,0.3333333333333333,2,0.16666666666666666,5
300,6,0.5,2,0.3333333333333333,3,0.3333333333333333,3,0.3333333333333333,3
301,1,1.0,0,0.0,1,0.0,1,0.0,1
302,5,0.0,5,0.0,5,0.0,5,0.0,5
303,2,0.0,2,0.0,2,0.0,2,0.0,2
304,4,0.25,2,0.25,2,0.25,2,0.25,2
305,5,0.0,5,0.0,5,0.0,5,0.0,5
306,7,0.2857142857142857,3,0.2857142857142857,3,0.14285714285714285,4,0.0,7
307,5,0.0,5,0.0,5,0.0,5,0.0,5
308,5,0.0,5,0.0,5,0.0,5,0.0,5
309,4,0.0,4,0.0,4,0.0,4,0.0,4
310,5,0.2,3,0.0,5,0.0,5,0.0,5
311,6,0.5,2,0.5,2,0.5,2,0.3333333333333333,2
312,2,0.5,1,0.5,1,0.5,1,0.5,1
313,3,0.3333333333333333,1,0.3333333333333333,1,0.3333333333333333,1,0.3333333333333333,1
314,1,0.0,1,0.0,1,0.0,1,0.0,1
315,3,0.3333333333333333,2,0.0,3,0.0,3,0.0,3
316,3,1.0,0,1.0,0,0.3333333333333333,2,0.3333333333333333,2
317,5,1.0,0,0.8,1,0.6,2,0.4,2
318,1,1.0,0,1.0,0,0.0,1,0.0,1
319,3,0.3333333333333333,1,0.3333333333333333,1,0.3333333333333333,1,0.3333333333333333,1
320,6,0.6666666666666666,1,0.5,2,0.3333333333333333,3,0.3333333333333333,3
321,5,0.6,1,0.6,1,0.2,4,0.2,4
322,1,0.0,1,0.0,1,0.0,1,0.0,1
323,2,1.0,0,0.5,1,0.5,1,0.5,1
324,2,0.0,2,0.0,2,0.0,2,0.0,2
325,1,0.0,1,0.0,1,0.0,1,0.0,1
326,1,0.0,1,0.0,1,0.0,1,0.0,1
327,2,0.5,1,0.5,1,0.5,1,0.5,1
328,2,0.5,1,0.5,1,0.5,1,0.5,1
329,2,1.0,0,1.0,0,1.0,0,0.5,1
330,1,0.0,1,0.0,1,0.0,1,0.0,1
331,2,0.5,1,0.0,2,0.0,2,0.0,2
332,2,1.0,0,1.0,0,1.0,0,1.0,0
333,2,1.0,0,0.0,2,0.0,2,0.0,2
334,2,0.0,2,0.0,2,0.0,2,0.0,2
335,1,0.0,1,0.0,1,0.0,1,0.0,1
336,2,0.0,2,0.0,2,0.0,2,0.0,2
337,3,0.6666666666666666,1,0.6666666666666666,1,0.6666666666666666,1,0.3333333333333333,1
338,1,1.0,0,1.0,0,1.0,0,0.0,1
339,2,1.0,0,0.5,1,0.5,1,0.5,1
340,4,0.25,2,0.25,2,0.25,2,0.25,2
341,1,0.0,1,0.0,1,0.0,1,0.0,1
342,5,0.6,1,0.4,2,0.4,2,0.2,3
343,5,1.0,0,0.8,1,0.4,3,0.2,4
344,6,0.8333333333333334,1,0.3333333333333333,2,0.3333333333333333,2,0.3333333333333333,2
345,4,0.75,1,0.75,1,0.25,3,0.0,4
346,2,0.0,2,0.0,2,0.0,2,0.0,2
347,4,0.25,2,0.25,2,0.25,2,0.0,4
348,8,0.625,2,0.5,2,0.5,2,0.125,6
349,5,0.0,5,0.0,5,0.0,5,0.0,5
350,4,0.75,1,0.75,1,0.75,1,0.5,1
351,6,0.16666666666666666,4,0.0,6,0.0,6,0.0,6
352,7,0.2857142857142857,3,0.2857142857142857,3,0.2857142857142857,3,0.0,7
353,2,0.0,2,0.0,2,0.0,2,0.0,2
354,3,0.3333333333333333,2,0.0,3,0.0,3,0.0,3
355,4,0.75,1,0.5,1,0.25,3,0.25,3
356,1,0.0,1,0.0,1,0.0,1,0.0,1
357,4,0.75,1,0.75,1,0.5,1,0.5,1
358,6,0.16666666666666666,5,0.16666666666666666,5,0.16666666666666666,5,0.16666666666666666,5
359,1,0.0,1,0.0,1,0.0,1,0.0,1
360,4,0.0,4,0.0,4,0.0,4,0.0,4
361,3,0.0,3,0.0,3,0.0,3,0.0,3
362,6,0.3333333333333333,3,0.3333333333333333,3,0.3333333333333333,3,0.16666666666666666,4
363,7,0.0,7,0.0,7,0.0,7,0.0,7
364,7,0.5714285714285714,3,0.14285714285714285,5,0.0,7,0.0,7
365,4,0.5,2,0.25,3,0.0,4,0.0,4
366,2,0.0,2,0.0,2,0.0,2,0.0,2
367,2,0.5,1,0.5,1,0.5,1,0.5,1
368,2,0.5,1,0.5,1,0.5,1,0.5,1
369,2,0.0,2,0.0,2,0.0,2,0.0,2
370,3,0.0,3,0.0,3,0.0,3,0.0,3
371,6,0.16666666666666666,5,0.16666666666666666,5,0.16666666666666666,5,0.0,6
372,1,1.0,0,1.0,0,1.0,0,1.0,0
373,4,0.25,2,0.25,2,0.25,2,0.25,2
374,4,0.25,3,0.25,3,0.0,4,0.0,4
375,3,0.0,3,0.0,3,0.0,3,0.0,3
376,3,0.3333333333333333,2,0.3333333333333333,2,0.3333333333333333,2,0.3333333333333333,2
377,1,0.0,1,0.0,1,0.0,1,0.0,1
378,4,0.25,2,0.25,2,0.25,2,0.25,2
379,5,0.8,1,0.6,1,0.4,2,0.2,2
380,1,0.0,1,0.0,1,0.0,1,0.0,1
381,3,0.3333333333333333,1,0.0,3,0.0,3,0.0,3
382,3,0.6666666666666666,1,0.6666666666666666,1,0.6666666666666666,1,0.0,3
383,4,0.0,4,0.0,4,0.0,4,0.0,4
384,2,0.5,1,0.5,1,0.5,1,0.5,1
385,3,0.0,3,0.0,3,0.0,3,0.0,3
386,1,0.0,1,0.0,1,0.0,1,0.0,1
387,5,0.2,4,0.0,5,0.0,5,0.0,5
388,6,0.16666666666666666,5,0.16666666666666666,5,0.16666666666666666,5,0.0,6
389,1,1.0,0,1.0,0,1.0,0,1.0,0
390,2,0.5,1,0.0,2,0.0,2,0.0,2
391,3,0.3333333333333333,2,0.3333333333333333,2,0.3333333333333333,2,0.0,3
392,4,1.0,0,0.5,2,0.5,2,0.5,2
393,2,0.5,1,0.5,1,0.5,1,0.5,1
394,1,0.0,1,0.0,1,0.0,1,0.0,1
395,4,0.25,3,0.25,3,0.25,3,0.25,3
396,7,0.2857142857142857,3,0.0,7,0.0,7,0.0,7
397,6,0.5,2,0.3333333333333333,2,0.3333333333333333,2,0.16666666666666666,3
398,8,0.375,3,0.25,4,0.125,4,0.125,4
399,6,0.3333333333333333,2,0.16666666666666666,4,0.16666666666666666,4,0.16666666666666666,4
400,5,0.8,1,0.6,1,0.4,2,0.0,5
401,2,0.5,1,0.5,1,0.5,1,0.5,1
402,3,0.6666666666666666,1,0.6666666666666666,1,0.6666666666666666,1,0.3333333333333333,1
403,2,0.0,2,0.0,2,0.0,2,0.0,2
404,5,0.0,5,0.0,5,0.0,5,0.0,5
405,5,0.0,5,0.0,5,0.0,5,0.0,5
406,4,0.5,2,0.25,2,0.25,2,0.25,2
407,4,0.5,2,0.25,3,0.25,3,0.25,3
408,2,0.0,2,0.0,2,0.0,2,0.0,2
409,1,0.0,1,0.0,1,0.0,1,0.0,1
410,5,0.2,4,0.0,5,0.0,5,0.0,5
411,7,0.0,7,0.0,7,0.0,7,0.0,7
412,6,0.16666666666666666,4,0.16666666666666666,4,0.16666666666666666,4,0.16666666666666666,4
413,3,0.0,3,0.0,3,0.0,3,0.0,3
414,3,0.3333333333333333,1,0.0,3,0.0,3,0.0,3
415,5,0.4,3,0.4,3,0.4,3,0.2,4
416,5,0.8,1,0.6,1,0.4,3,0.4,3
417,6,0.3333333333333333,2,0.3333333333333333,2,0.3333333333333333,2,0.16666666666666666,4
418,5,0.4,2,0.2,2,0.2,2,0.2,2
419,1,0.0,1,0.0,1,0.0,1,0.0,1
420,7,0.14285714285714285,6,0.14285714285714285,6,0.14285714285714285,6,0.14285714285714285,6
421,4,0.75,1,0.75,1,0.5,2,0.5,2
422,6,0.0,6,0.0,6,0.0,6,0.0,6
423,2,0.0,2,0.0,2,0.0,2,0.0,2
424,7,0.0,7,0.0,7,0.0,7,0.0,7
425,5,0.0,5,0.0,5,0.0,5,0.0,5
426,2,0.0,2,0.0,2,0.0,2,0.0,2
427,4,0.25,2,0.25,2,0.25,2,0.25,2
428,1,0.0,1,0.0,1,0.0,1,0.0,1
429,2,0.0,2,0.0,2,0.0,2,0.0,2
430,7,0.0,7,0.0,7,0.0,7,0.0,7
431,3,0.0,3,0.0,3,0.0,3,0.0,3
432,4,0.0,4,0.0,4,0.0,4,0.0,4
433,7,0.14285714285714285,6,0.0,7,0.0,7,0.0,7
434,5,0.0,5,0.0,5,0.0,5,0.0,5
435,1,1.0,0,1.0,0,1.0,0,0.0,1
436,6,0.0,6,0.0,6,0.0,6,0.0,6
437,6,0.3333333333333333,3,0.3333333333333333,3,0.16666666666666666,3,0.16666666666666666,3
438,6,0.16666666666666666,4,0.16666666666666666,4,0.16666666666666666,4,0.0,6
439,2,0.5,1,0.5,1,0.5,1,0.0,2
440,6,0.0,6,0.0,6,0.0,6,0.0,6
441,5,0.6,2,0.6,2,0.6,2,0.4,3
442,6,0.0,6,0.0,6,0.0,6,0.0,6
443,6,0.3333333333333333,2,0.16666666666666666,4,0.16666666666666666,4,0.16666666666666666,4
444,5,0.2,4,0.2,4,0.2,4,0.2,4
445,7,0.2857142857142857,4,0.2857142857142857,4,0.14285714285714285,4,0.14285714285714285,4
446,7,0.14285714285714285,4,0.14285714285714285,4,0.0,7,0.0,7
447,4,0.0,4,0.0,4,0.0,4,0.0,4
448,1,0.0,1,0.0,1,0.0,1,0.0,1
449,3,0.3333333333333333,2,0.3333333333333333,2,0.3333333333333333,2,0.0,3
450,2,0.5,1,0.0,2,0.0,2,0.0,2
451,3,0.6666666666666666,1,0.6666666666666666,1,0.6666666666666666,1,0.3333333333333333,2
452,2,0.0,2,0.0,2,0.0,2,0.0,2
453,6,0.0,6,0.0,6,0.0,6,0.0,6
454,5,0.2,4,0.2,4,0.2,4,0.2,4
455,5,0.4,3,0.4,3,0.2,4,0.2,4
456,2,0.5,1,0.5,1,0.5,1,0.5,1
457,4,0.0,4,0.0,4,0.0,4,0.0,4
458,6,0.3333333333333333,3,0.3333333333333333,3,0.3333333333333333,3,0.3333333333333333,3
459,3,0.0,3,0.0,3,0.0,3,0.0,3
460,1,0.0,1,0.0,1,0.0,1,0.0,1
461,5,0.6,2,0.6,2,0.6,2,0.4,3
462,3,0.3333333333333333,1,0.3333333333333333,1,0.0,3,0.0,3
463,8,0.0,8,0.0,8,0.0,8,0.0,8
464,6,0.16666666666666666,4,0.16666666666666666,4,0.16666666666666666,4,0.16666666666666666,4
465,1,0.0,1,0.0,1,0.0,1,0.0,1
466,3,0.6666666666666666,1,0.6666666666666666,1,0.6666666666666666,1,0.3333333333333333,2
467,8,0.0,8,0.0,8,0.0,8,0.0,8
468,6,0.0,6,0.0,6,0.0,6,0.0,6
469,3,0.3333333333333333,2,0.0,3,0.0,3,0.0,3
470,7,0.0,7,0.0,7,0.0,7,0.0,7
471,5,0.0,5,0.0,5,0.0,5,0.0,5
472,2,0.0,2,0.0,2,0.0,2,0.0,2
473,1,0.0,1,0.0,1,0.0,1,0.0,1
474,4,0.0,4,0.0,4,0.0,4,0.0,4
475,2,0.0,2,0.0,2,0.0,2,0.0,2
476,1,0.0,1,0.0,1,0.0,1,0.0,1
477,3,0.3333333333333333,2,0.0,3,0.0,3,0.0,3
478,2,1.0,0,0.5,1,0.0,2,0.0,2
479,2,0.5,1,0.5,1,0.5,1,0.5,1
480,2,0.0,2,0.0,2,0.0,2,0.0,2
481,7,0.0,7,0.0,7,0.0,7,0.0,7
482,4,0.0,4,0.0,4,0.0,4,0.0,4
483,5,0.2,3,0.2,3,0.2,3,0.0,5
484,5,0.0,5,0.0,5,0.0,5,0.0,5
485,8,0.25,4,0.25,4,0.25,4,0.25,4
486,8,0.0,8,0.0,8,0.0,8,0.0,8
487,4,0.25,2,0.25,2,0.25,2,0.25,2
488,6,0.0,6,0.0,6,0.0,6,0.0,6
489,6,0.0,6,0.0,6,0.0,6,0.0,6
490,6,0.16666666666666666,3,0.0,6,0.0,6,0.0,6
491,5,0.0,5,0.0,5,0.0,5,0.0,5
492,5,0.0,5,0.0,5,0.0,5,0.0,5
493,5,0.0,5,0.0,5,0.0,5,0.0,5
494,8,0.0,8,0.0,8,0.0,8,0.0,8
495,1,0.0,1,0.0,1,0.0,1,0.0,1
