tree_index,block_index,num_transitions,num_accepts,num_rejects,leaf_id,node_ids,decisions
0,0,2,1,1,4,0 1 4,accept reject
1,0,1,1,0,1,0 1,accept
2,0,1,1,0,1,0 1,accept
3,0,2,1,1,4,0 1 4,accept reject
4,0,1,1,0,1,0 1,accept
5,0,1,0,1,2,0 2,reject
6,0,1,0,1,2,0 2,reject
7,0,1,1,0,1,0 1,accept
8,0,1,1,0,1,0 1,accept
9,0,1,1,0,1,0 1,accept
10,0,2,1,1,4,0 1 4,accept reject
11,0,1,1,0,1,0 1,accept
12,0,1,0,1,2,0 2,reject
13,0,1,0,1,2,0 2,reject
14,0,2,1,1,4,0 1 4,accept reject
15,0,1,0,1,2,0 2,reject
16,0,1,1,0,1,0 1,accept
17,0,1,1,0,1,0 1,accept
18,0,2,2,0,3,0 1 3,accept accept
19,0,1,0,1,2,0 2,reject
20,0,3,2,1,9,0 1 4 9,accept reject accept
21,0,1,1,0,1,0 1,accept
22,0,1,1,0,1,0 1,accept
23,0,2,1,1,4,0 1 4,accept reject
24,0,1,1,0,1,0 1,accept
25,0,1,0,1,2,0 2,reject
26,0,1,1,0,1,0 1,accept
27,0,1,1,0,1,0 1,accept
28,0,1,0,1,2,0 2,reject
29,0,1,0,1,2,0 2,reject
30,0,1,0,1,2,0 2,reject
31,0,2,1,1,4,0 1 4,accept reject
32,0,1,0,1,2,0 2,reject
33,0,1,0,1,2,0 2,reject
34,0,1,0,1,2,0 2,reject
35,0,1,1,0,1,0 1,accept
36,0,1,0,1,2,0 2,reject
37,0,2,0,2,6,0 2 6,reject reject
38,0,1,1,0,1,0 1,accept
39,0,1,1,0,1,0 1,accept
40,0,1,0,1,2,0 2,reject
41,0,2,0,2,6,0 2 6,reject reject
42,0,2,1,1,4,0 1 4,accept reject
43,0,1,0,1,2,0 2,reject
44,0,1,1,0,1,0 1,accept
45,0,1,1,0,1,0 1,accept
46,0,1,0,1,2,0 2,reject
47,0,1,0,1,2,0 2,reject
48,0,1,0,1,2,0 2,reject
49,0,3,2,1,8,0 1 3 8,accept accept reject
50,0,1,0,1,2,0 2,reject
51,0,2,0,2,6,0 2 6,reject reject
52,0,1,0,1,2,0 2,reject
53,0,2,0,2,6,0 2 6,reject reject
54,0,1,0,1,2,0 2,reject
55,0,1,0,1,2,0 2,reject
56,0,1,0,1,2,0 2,reject
57,0,1,0,1,2,0 2,reject
58,0,2,1,1,4,0 1 4,accept reject
59,0,2,0,2,6,0 2 6,reject reject
60,0,1,0,1,2,0 2,reject
61,0,2,1,1,4,0 1 4,accept reject
62,0,4,2,2,24,0 2 5 11 24,reject accept accept reject
63,0,3,1,2,12,0 2 5 12,reject accept reject
64,0,3,1,2,12,0 2 5 12,reject accept reject
65,0,1,1,0,1,0 1,accept
66,0,1,0,1,2,0 2,reject
67,0,6,2,4,120,0 2 6 14 29 59 120,reject reject reject accept accept reject
68,0,1,0,1,2,0 2,reject
69,0,3,3,0,7,0 1 3 7,accept accept accept
70,0,2,1,1,4,0 1 4,accept reject
71,0,1,0,1,2,0 2,reject
72,0,1,0,1,2,0 2,reject
73,0,1,0,1,2,0 2,reject
74,0,1,0,1,2,0 2,reject
75,0,1,0,1,2,0 2,reject
76,0,1,0,1,2,0 2,reject
77,0,1,0,1,2,0 2,reject
78,0,1,0,1,2,0 2,reject
79,0,1,0,1,2,0 2,reject
80,0,1,0,1,2,0 2,reject
81,0,1,0,1,2,0 2,reject
82,0,1,0,1,2,0 2,reject
83,0,1,0,1,2,0 2,reject
84,0,1,0,1,2,0 2,reject
85,0,1,0,1,2,0 2,reject
86,0,1,0,1,2,0 2,reject
87,0,1,0,1,2,0 2,reject
88,0,1,0,1,2,0 2,reject
89,0,1,0,1,2,0 2,reject
90,0,1,0,1,2,0 2,reject
91,0,1,0,1,2,0 2,reject
92,0,1,0,1,2,0 2,reject
93,0,1,0,1,2,0 2,reject
94,0,1,0,1,2,0 2,reject
95,0,1,0,1,2,0 2,reject
96,0,1,0,1,2,0 2,reject
97,0,1,0,1,2,0 2,reject
98,0,1,0,1,2,0 2,reject
99,0,1,0,1,2,0 2,reject
100,0,1,0,1,2,0 2,reject
101,0,1,0,1,2,0 2,reject
102,0,1,0,1,2,0 2,reject
103,0,2,0,2,6,0 2 6,reject reject
104,0,1,0,1,2,0 2,reject
105,0,1,0,1,2,0 2,reject
106,0,2,1,1,4,0 1 4,accept reject
107,0,1,0,1,2,0 2,reject
108,0,1,0,1,2,0 2,reject
109,0,1,0,1,2,0 2,reject
110,0,1,0,1,2,0 2,reject
111,0,1,0,1,2,0 2,reject
112,0,1,0,1,2,0 2,reject
113,0,1,0,1,2,0 2,reject
114,0,1,0,1,2,0 2,reject
115,0,1,0,1,2,0 2,reject
116,0,1,0,1,2,0 2,reject
117,0,2,0,2,6,0 2 6,reject reject
118,0,1,0,1,2,0 2,reject
119,0,1,0,1,2,0 2,reject
120,0,1,0,1,2,0 2,reject
121,0,1,0,1,2,0 2,reject
122,0,1,0,1,2,0 2,reject
123,0,1,0,1,2,0 2,reject
124,0,1,0,1,2,0 2,reject
125,0,2,1,1,4,0 1 4,accept reject
126,0,1,0,1,2,0 2,reject
127,0,1,0,1,2,0 2,reject
128,0,1,0,1,2,0 2,reject
129,0,1,0,1,2,0 2,reject
130,0,2,0,2,6,0 2 6,reject reject
131,0,1,0,1,2,0 2,reject
132,0,1,0,1,2,0 2,reject
133,0,1,0,1,2,0 2,reject
134,0,2,0,2,6,0 2 6,reject reject
135,0,1,0,1,2,0 2,reject
136,0,1,0,1,2,0 2,reject
137,0,1,0,1,2,0 2,reject
138,0,1,0,1,2,0 2,reject
139,0,2,0,2,6,0 2 6,reject reject
140,0,1,0,1,2,0 2,reject
141,0,1,0,1,2,0 2,reject
142,0,1,0,1,2,0 2,reject
143,0,1,0,1,2,0 2,reject
144,0,1,0,1,2,0 2,reject
145,0,1,0,1,2,0 2,reject
146,0,1,0,1,2,0 2,reject
147,0,1,0,1,2,0 2,reject
148,0,1,0,1,2,0 2,reject
149,0,1,0,1,2,0 2,reject
150,0,5,1,4,58,0 2 6 13 28 58,reject reject accept reject reject
151,0,4,0,4,30,0 2 6 14 30,reject reject reject reject
152,0,3,0,3,14,0 2 6 14,reject reject reject
153,0,1,1,0,1,0 1,accept
154,0,1,1,0,1,0 1,accept
155,0,2,1,1,4,0 1 4,accept reject
156,0,1,0,1,2,0 2,reject
157,0,1,0,1,2,0 2,reject
158,0,1,0,1,2,0 2,reject
159,0,2,1,1,4,0 1 4,accept reject
160,0,3,2,1,8,0 1 3 8,accept accept reject
161,0,1,0,1,2,0 2,reject
162,0,1,0,1,2,0 2,reject
163,0,1,0,1,2,0 2,reject
164,0,2,1,1,4,0 1 4,accept reject
165,0,2,1,1,4,0 1 4,accept reject
166,0,2,1,1,4,0 1 4,accept reject
167,0,2,1,1,4,0 1 4,accept reject
168,0,2,1,1,4,0 1 4,accept reject
169,0,2,1,1,4,0 1 4,accept reject
170,0,1,0,1,2,0 2,reject
171,0,1,0,1,2,0 2,reject
172,0,1,0,1,2,0 2,reject
173,0,1,0,1,2,0 2,reject
174,0,1,0,1,2,0 2,reject
175,0,1,0,1,2,0 2,reject
176,0,1,0,1,2,0 2,reject
177,0,1,0,1,2,0 2,reject
178,0,1,0,1,2,0 2,reject
179,0,1,0,1,2,0 2,reject
180,0,1,1,0,1,0 1,accept
181,0,1,0,1,2,0 2,reject
182,0,1,0,1,2,0 2,reject
183,0,1,1,0,1,0 1,accept
184,0,2,1,1,4,0 1 4,accept reject
185,0,1,0,1,2,0 2,reject
186,0,1,0,1,2,0 2,reject
187,0,1,0,1,2,0 2,reject
188,0,2,1,1,4,0 1 4,accept reject
189,0,2,1,1,4,0 1 4,accept reject
190,0,1,0,1,2,0 2,reject
191,0,1,0,1,2,0 2,reject
192,0,1,1,0,1,0 1,accept
193,0,1,0,1,2,0 2,reject
194,0,1,0,1,2,0 2,reject
195,0,1,0,1,2,0 2,reject
196,0,1,1,0,1,0 1,accept
197,0,2,0,2,6,0 2 6,reject reject
198,0,1,0,1,2,0 2,reject
199,0,1,0,1,2,0 2,reject
200,0,2,1,1,4,0 1 4,accept reject
201,0,1,0,1,2,0 2,reject
202,0,2,1,1,4,0 1 4,accept reject
203,0,2,1,1,4,0 1 4,accept reject
204,0,1,0,1,2,0 2,reject
205,0,1,0,1,2,0 2,reject
206,0,3,0,3,14,0 2 6 14,reject reject reject
207,0,1,0,1,2,0 2,reject
208,0,1,0,1,2,0 2,reject
209,0,1,0,1,2,0 2,reject
210,0,1,0,1,2,0 2,reject
211,0,1,0,1,2,0 2,reject
212,0,1,0,1,2,0 2,reject
213,0,1,0,1,2,0 2,reject
214,0,1,0,1,2,0 2,reject
215,0,1,0,1,2,0 2,reject
216,0,3,1,2,10,0 1 4 10,accept reject reject
217,0,1,0,1,2,0 2,reject
218,0,1,0,1,2,0 2,reject
219,0,2,0,2,6,0 2 6,reject reject
220,0,2,1,1,4,0 1 4,accept reject
221,0,4,1,3,29,0 2 6 14 29,reject reject reject accept
222,0,2,1,1,5,0 2 5,reject accept
223,0,2,2,0,3,0 1 3,accept accept
224,0,1,1,0,1,0 1,accept
225,0,1,1,0,1,0 1,accept
226,0,1,0,1,2,0 2,reject
227,0,1,0,1,2,0 2,reject
228,0,2,1,1,4,0 1 4,accept reject
229,0,1,0,1,2,0 2,reject
230,0,2,1,1,4,0 1 4,accept reject
231,0,2,1,1,4,0 1 4,accept reject
232,0,1,0,1,2,0 2,reject
233,0,2,1,1,4,0 1 4,accept reject
234,0,1,0,1,2,0 2,reject
235,0,2,1,1,4,0 1 4,accept reject
236,0,1,1,0,1,0 1,accept
237,0,2,2,0,3,0 1 3,accept accept
238,0,1,0,1,2,0 2,reject
239,0,1,0,1,2,0 2,reject
240,0,1,0,1,2,0 2,reject
241,0,1,0,1,2,0 2,reject
242,0,1,0,1,2,0 2,reject
243,0,1,0,1,2,0 2,reject
244,0,1,0,1,2,0 2,reject
245,0,1,0,1,2,0 2,reject
246,0,2,2,0,3,0 1 3,accept accept
247,0,1,0,1,2,0 2,reject
248,0,1,0,1,2,0 2,reject
249,0,1,0,1,2,0 2,reject
250,0,1,0,1,2,0 2,reject
251,0,1,0,1,2,0 2,reject
252,0,1,0,1,2,0 2,reject
253,0,1,0,1,2,0 2,reject
254,0,2,1,1,4,0 1 4,accept reject
255,0,1,0,1,2,0 2,reject
256,0,1,1,0,1,0 1,accept
257,0,1,0,1,2,0 2,reject
258,0,2,2,0,3,0 1 3,accept accept
259,0,1,0,1,2,0 2,reject
260,0,2,0,2,6,0 2 6,reject reject
261,0,1,0,1,2,0 2,reject
262,0,1,0,1,2,0 2,reject
263,0,1,1,0,1,0 1,accept
264,0,1,1,0,1,0 1,accept
265,0,1,0,1,2,0 2,reject
266,0,2,1,1,4,0 1 4,accept reject
267,0,2,1,1,4,0 1 4,accept reject
268,0,1,0,1,2,0 2,reject
269,0,1,0,1,2,0 2,reject
270,0,1,0,1,2,0 2,reject
271,0,1,0,1,2,0 2,reject
272,0,2,1,1,4,0 1 4,accept reject
273,0,1,0,1,2,0 2,reject
274,0,4,1,3,28,0 2 6 13 28,reject reject accept reject
275,0,3,1,2,12,0 2 5 12,reject accept reject
276,0,2,1,1,4,0 1 4,accept reject
277,0,2,1,1,4,0 1 4,accept reject
278,0,1,1,0,1,0 1,accept
279,0,1,0,1,2,0 2,reject
280,0,3,0,3,14,0 2 6 14,reject reject reject
281,0,1,0,1,2,0 2,reject
282,0,1,0,1,2,0 2,reject
283,0,1,0,1,2,0 2,reject
284,0,1,0,1,2,0 2,reject
285,0,1,1,0,1,0 1,accept
286,0,1,0,1,2,0 2,reject
287,0,2,2,0,3,0 1 3,accept accept
288,0,2,0,2,6,0 2 6,reject reject
289,0,3,0,3,14,0 2 6 14,reject reject reject
290,0,4,0,4,30,0 2 6 14 30,reject reject reject reject
291,0,1,1,0,1,0 1,accept
292,0,1,1,0,1,0 1,accept
293,0,1,1,0,1,0 1,accept
294,0,1,0,1,2,0 2,reject
295,0,1,1,0,1,0 1,accept
296,0,1,1,0,1,0 1,accept
297,0,1,0,1,2,0 2,reject
298,0,1,0,1,2,0 2,reject
299,0,1,0,1,2,0 2,reject
300,0,1,0,1,2,0 2,reject
301,0,2,2,0,3,0 1 3,accept accept
302,0,3,1,2,12,0 2 5 12,reject accept reject
303,0,4,4,0,15,0 1 3 7 15,accept accept accept accept
304,0,1,0,1,2,0 2,reject
305,0,1,1,0,1,0 1,accept
306,0,1,0,1,2,0 2,reject
307,0,2,2,0,3,0 1 3,accept accept
308,0,1,0,1,2,0 2,reject
309,0,1,0,1,2,0 2,reject
310,0,1,0,1,2,0 2,reject
311,0,1,0,1,2,0 2,reject
312,0,1,0,1,2,0 2,reject
313,0,1,0,1,2,0 2,reject
314,0,2,1,1,4,0 1 4,accept reject
315,0,1,1,0,1,0 1,accept
316,0,1,1,0,1,0 1,accept
317,0,5,3,2,48,0 2 5 11 23 48,reject accept accept accept reject
318,0,1,1,0,1,0 1,accept
319,0,2,0,2,6,0 2 6,reject reject
320,0,1,0,1,2,0 2,reject
321,0,1,0,1,2,0 2,reject
322,0,2,1,1,4,0 1 4,accept reject
323,0,1,0,1,2,0 2,reject
324,0,2,1,1,4,0 1 4,accept reject
325,0,2,2,0,3,0 1 3,accept accept
326,0,3,2,1,8,0 1 3 8,accept accept reject
327,0,2,1,1,4,0 1 4,accept reject
328,0,3,2,1,8,0 1 3 8,accept accept reject
329,0,2,1,1,4,0 1 4,accept reject
330,0,1,0,1,2,0 2,reject
331,0,1,0,1,2,0 2,reject
332,0,2,1,1,4,0 1 4,accept reject
333,0,1,0,1,2,0 2,reject
334,0,2,0,2,6,0 2 6,reject reject
335,0,3,1,2,12,0 2 5 12,reject accept reject
336,0,1,0,1,2,0 2,reject
337,0,1,0,1,2,0 2,reject
338,0,1,1,0,1,0 1,accept
339,0,1,0,1,2,0 2,reject
340,0,4,1,3,26,0 2 5 12 26,reject accept reject reject
341,0,1,0,1,2,0 2,reject
342,0,3,2,1,8,0 1 3 8,accept accept reject
343,0,3,2,1,8,0 1 3 8,accept accept reject
344,0,3,0,3,14,0 2 6 14,reject reject reject
345,0,2,1,1,4,0 1 4,accept reject
346,0,1,1,0,1,0 1,accept
347,0,2,0,2,6,0 2 6,reject reject
348,0,1,0,1,2,0 2,reject
349,0,3,1,2,13,0 2 6 13,reject reject accept
350,0,2,1,1,4,0 1 4,accept reject
351,0,1,1,0,1,0 1,accept
352,0,1,1,0,1,0 1,accept
353,0,1,0,1,2,0 2,reject
354,0,1,1,0,1,0 1,accept
355,0,1,1,0,1,0 1,accept
356,0,1,0,1,2,0 2,reject
357,0,3,3,0,7,0 1 3 7,accept accept accept
358,0,1,0,1,2,0 2,reject
359,0,2,1,1,4,0 1 4,accept reject
360,0,1,0,1,2,0 2,reject
361,0,1,0,1,2,0 2,reject
362,0,1,0,1,2,0 2,reject
363,0,2,1,1,4,0 1 4,accept reject
364,0,1,0,1,2,0 2,reject
365,0,1,1,0,1,0 1,accept
366,0,1,0,1,2,0 2,reject
367,0,2,1,1,4,0 1 4,accept reject
368,0,2,1,1,4,0 1 4,accept reject
369,0,1,0,1,2,0 2,reject
370,0,1,1,0,1,0 1,accept
371,0,1,0,1,2,0 2,reject
372,0,1,1,0,1,0 1,accept
373,0,1,0,1,2,0 2,reject
374,0,1,0,1,2,0 2,reject
375,0,2,1,1,4,0 1 4,accept reject
376,0,1,0,1,2,0 2,reject
377,0,1,0,1,2,0 2,reject
378,0,1,1,0,1,0 1,accept
379,0,2,1,1,4,0 1 4,accept reject
380,0,1,0,1,2,0 2,reject
381,0,1,1,0,1,0 1,accept
382,0,1,1,0,1,0 1,accept
383,0,1,0,1,2,0 2,reject
384,0,1,0,1,2,0 2,reject
385,0,1,0,1,2,0 2,reject
386,0,2,1,1,4,0 1 4,accept reject
387,0,1,0,1,2,0 2,reject
388,0,2,0,2,6,0 2 6,reject reject
389,0,1,0,1,2,0 2,reject
390,0,1,0,1,2,0 2,reject
391,0,3,2,1,8,0 1 3 8,accept accept reject
392,0,2,1,1,5,0 2 5,reject accept
393,0,1,0,1,2,0 2,reject
394,0,1,0,1,2,0 2,reject
395,0,1,0,1,2,0 2,reject
396,0,1,0,1,2,0 2,reject
397,0,2,1,1,4,0 1 4,accept reject
398,0,2,1,1,4,0 1 4,accept reject
399,0,4,3,1,16,0 1 3 7 16,accept accept accept reject
400,0,1,0,1,2,0 2,reject
401,0,2,0,2,6,0 2 6,reject reject
402,0,2,1,1,4,0 1 4,accept reject
403,0,1,0,1,2,0 2,reject
404,0,2,2,0,3,0 1 3,accept accept
405,0,1,0,1,2,0 2,reject
406,0,3,0,3,14,0 2 6 14,reject reject reject
407,0,1,0,1,2,0 2,reject
408,0,1,0,1,2,0 2,reject
409,0,1,0,1,2,0 2,reject
410,0,3,2,1,9,0 1 4 9,accept reject accept
411,0,1,0,1,2,0 2,reject
412,0,2,1,1,4,0 1 4,accept reject
413,0,3,2,1,8,0 1 3 8,accept accept reject
414,0,3,1,2,12,0 2 5 12,reject accept reject
415,0,3,1,2,12,0 2 5 12,reject accept reject
416,0,2,1,1,5,0 2 5,reject accept
417,0,3,1,2,10,0 1 4 10,accept reject reject
418,0,2,1,1,4,0 1 4,accept reject
419,0,2,1,1,4,0 1 4,accept reject
420,0,1,1,0,1,0 1,accept
421,0,1,0,1,2,0 2,reject
422,0,1,0,1,2,0 2,reject
423,0,1,0,1,2,0 2,reject
424,0,1,0,1,2,0 2,reject
425,0,2,1,1,4,0 1 4,accept reject
426,0,3,2,1,8,0 1 3 8,accept accept reject
427,0,1,0,1,2,0 2,reject
428,0,2,1,1,4,0 1 4,accept reject
429,0,1,0,1,2,0 2,reject
430,0,1,0,1,2,0 2,reject
431,0,1,0,1,2,0 2,reject
432,0,1,0,1,2,0 2,reject
433,0,1,0,1,2,0 2,reject
434,0,1,0,1,2,0 2,reject
435,0,1,0,1,2,0 2,reject
436,0,1,0,1,2,0 2,reject
437,0,1,0,1,2,0 2,reject
438,0,1,0,1,2,0 2,reject
439,0,2,0,2,6,0 2 6,reject reject
440,0,1,0,1,2,0 2,reject
441,0,1,0,1,2,0 2,reject
442,0,1,0,1,2,0 2,reject
443,0,2,0,2,6,0 2 6,reject reject
444,0,1,0,1,2,0 2,reject
445,0,1,0,1,2,0 2,reject
446,0,1,0,1,2,0 2,reject
447,0,1,0,1,2,0 2,reject
448,0,1,0,1,2,0 2,reject
449,0,1,0,1,2,0 2,reject
450,0,1,0,1,2,0 2,reject
451,0,1,0,1,2,0 2,reject
452,0,2,0,2,6,0 2 6,reject reject
453,0,1,0,1,2,0 2,reject
454,0,2,1,1,4,0 1 4,accept reject
455,0,1,0,1,2,0 2,reject
456,0,1,0,1,2,0 2,reject
457,0,1,0,1,2,0 2,reject
458,0,2,1,1,4,0 1 4,accept reject
459,0,1,0,1,2,0 2,reject
460,0,3,1,2,10,0 1 4 10,accept reject reject
461,0,2,1,1,4,0 1 4,accept reject
462,0,2,1,1,4,0 1 4,accept reject
463,0,1,0,1,2,0 2,reject
464,0,2,1,1,4,0 1 4,accept reject
465,0,1,0,1,2,0 2,reject
466,0,2,1,1,4,0 1 4,accept reject
467,0,3,2,1,8,0 1 3 8,accept accept reject
468,0,1,0,1,2,0 2,reject
469,0,1,0,1,2,0 2,reject
470,0,1,0,1,2,0 2,reject
471,0,1,0,1,2,0 2,reject
472,0,2,2,0,3,0 1 3,accept accept
473,0,1,0,1,2,0 2,reject
474,0,1,0,1,2,0 2,reject
475,0,1,0,1,2,0 2,reject
476,0,1,0,1,2,0 2,reject
477,0,2,0,2,6,0 2 6,reject reject
478,0,1,0,1,2,0 2,reject
479,0,3,0,3,14,0 2 6 14,reject reject reject
480,0,1,0,1,2,0 2,reject
481,0,1,0,1,2,0 2,reject
482,0,2,1,1,4,0 1 4,accept reject
483,0,3,2,1,8,0 1 3 8,accept accept reject
484,0,7,2,5,186,0 1 4 10 22 45 92 186,accept reject reject reject accept reject reject
485,0,1,0,1,2,0 2,reject
486,0,1,1,0,1,0 1,accept
487,0,2,1,1,4,0 1 4,accept reject
488,0,1,1,0,1,0 1,accept
489,0,2,1,1,4,0 1 4,accept reject
490,0,2,2,0,3,0 1 3,accept accept
491,0,1,1,0,1,0 1,accept
492,0,1,1,0,1,0 1,accept
493,0,2,1,1,4,0 1 4,accept reject
494,0,1,0,1,2,0 2,reject
495,0,1,0,1,2,0 2,reject
496,0,1,1,0,1,0 1,accept
497,0,1,0,1,2,0 2,reject
498,0,1,0,1,2,0 2,reject
499,0,2,1,1,4,0 1 4,accept reject
500,0,1,0,1,2,0 2,reject
501,0,1,0,1,2,0 2,reject
502,0,2,1,1,4,0 1 4,accept reject
503,0,1,1,0,1,0 1,accept
504,0,1,0,1,2,0 2,reject
505,0,1,0,1,2,0 2,reject
506,0,3,2,1,8,0 1 3 8,accept accept reject
507,0,1,0,1,2,0 2,reject
508,0,1,0,1,2,0 2,reject
509,0,5,2,3,42,0 1 4 9 20 42,accept reject accept reject reject
510,0,1,0,1,2,0 2,reject
511,0,1,0,1,2,0 2,reject
512,0,1,0,1,2,0 2,reject
513,0,2,1,1,4,0 1 4,accept reject
514,0,1,0,1,2,0 2,reject
515,0,1,0,1,2,0 2,reject
516,0,1,0,1,2,0 2,reject
517,0,1,0,1,2,0 2,reject
518,0,1,0,1,2,0 2,reject
519,0,1,0,1,2,0 2,reject
520,0,1,0,1,2,0 2,reject
521,0,1,0,1,2,0 2,reject
522,0,1,0,1,2,0 2,reject
523,0,1,0,1,2,0 2,reject
524,0,1,0,1,2,0 2,reject
525,0,1,0,1,2,0 2,reject
526,0,1,0,1,2,0 2,reject
527,0,2,0,2,6,0 2 6,reject reject
528,0,1,0,1,2,0 2,reject
529,0,1,0,1,2,0 2,reject
530,0,1,0,1,2,0 2,reject
531,0,1,0,1,2,0 2,reject
532,0,1,0,1,2,0 2,reject
533,0,2,1,1,4,0 1 4,accept reject
534,0,1,0,1,2,0 2,reject
535,0,1,0,1,2,0 2,reject
536,0,1,0,1,2,0 2,reject
537,0,1,0,1,2,0 2,reject
538,0,1,0,1,2,0 2,reject
539,0,1,0,1,2,0 2,reject
540,0,1,0,1,2,0 2,reject
541,0,1,0,1,2,0 2,reject
542,0,1,0,1,2,0 2,reject
543,0,1,0,1,2,0 2,reject
544,0,1,0,1,2,0 2,reject
545,0,1,0,1,2,0 2,reject
546,0,1,0,1,2,0 2,reject
547,0,2,1,1,4,0 1 4,accept reject
548,0,1,0,1,2,0 2,reject
549,0,1,0,1,2,0 2,reject
550,0,2,0,2,6,0 2 6,reject reject
551,0,3,1,2,10,0 1 4 10,accept reject reject
552,0,1,0,1,2,0 2,reject
553,0,1,1,0,1,0 1,accept
554,0,1,1,0,1,0 1,accept
555,0,2,0,2,6,0 2 6,reject reject
556,0,2,0,2,6,0 2 6,reject reject
557,0,3,1,2,12,0 2 5 12,reject accept reject
558,0,2,1,1,4,0 1 4,accept reject
559,0,3,0,3,14,0 2 6 14,reject reject reject
560,0,1,1,0,1,0 1,accept
561,0,1,1,0,1,0 1,accept
562,0,2,2,0,3,0 1 3,accept accept
563,0,2,2,0,3,0 1 3,accept accept
564,0,1,0,1,2,0 2,reject
565,0,1,0,1,2,0 2,reject
566,0,1,0,1,2,0 2,reject
567,0,1,0,1,2,0 2,reject
568,0,1,0,1,2,0 2,reject
569,0,1,1,0,1,0 1,accept
570,0,1,1,0,1,0 1,accept
571,0,1,0,1,2,0 2,reject
572,0,1,0,1,2,0 2,reject
573,0,1,0,1,2,0 2,reject
574,0,1,1,0,1,0 1,accept
575,0,1,1,0,1,0 1,accept
576,0,1,0,1,2,0 2,reject
577,0,1,1,0,1,0 1,accept
578,0,3,1,2,12,0 2 5 12,reject accept reject
579,0,2,2,0,3,0 1 3,accept accept
580,0,1,0,1,2,0 2,reject
581,0,3,3,0,7,0 1 3 7,accept accept accept
582,0,1,1,0,1,0 1,accept
583,0,1,0,1,2,0 2,reject
584,0,1,0,1,2,0 2,reject
585,0,1,0,1,2,0 2,reject
586,0,1,0,1,2,0 2,reject
587,0,1,0,1,2,0 2,reject
588,0,2,1,1,4,0 1 4,accept reject
589,0,1,1,0,1,0 1,accept
590,0,1,0,1,2,0 2,reject
591,0,1,0,1,2,0 2,reject
592,0,1,0,1,2,0 2,reject
593,0,1,0,1,2,0 2,reject
594,0,1,1,0,1,0 1,accept
595,0,1,0,1,2,0 2,reject
596,0,1,1,0,1,0 1,accept
597,0,1,0,1,2,0 2,reject
598,0,1,0,1,2,0 2,reject
599,0,1,0,1,2,0 2,reject
600,0,1,0,1,2,0 2,reject
601,0,1,0,1,2,0 2,reject
602,0,2,1,1,4,0 1 4,accept reject
603,0,1,0,1,2,0 2,reject
604,0,2,2,0,3,0 1 3,accept accept
605,0,3,1,2,12,0 2 5 12,reject accept reject
606,0,1,1,0,1,0 1,accept
607,0,1,0,1,2,0 2,reject
608,0,2,0,2,6,0 2 6,reject reject
609,0,1,0,1,2,0 2,reject
610,0,1,0,1,2,0 2,reject
611,0,2,0,2,6,0 2 6,reject reject
612,0,1,0,1,2,0 2,reject
613,0,1,0,1,2,0 2,reject
614,0,1,0,1,2,0 2,reject
615,0,1,0,1,2,0 2,reject
616,0,2,1,1,4,0 1 4,accept reject
617,0,1,0,1,2,0 2,reject
618,0,1,0,1,2,0 2,reject
619,0,3,1,2,10,0 1 4 10,accept reject reject
620,0,2,0,2,6,0 2 6,reject reject
621,0,2,1,1,4,0 1 4,accept reject
622,0,1,0,1,2,0 2,reject
623,0,1,1,0,1,0 1,accept
624,0,5,2,3,44,0 1 4 10 21 44,accept reject reject accept reject
625,0,2,0,2,6,0 2 6,reject reject
626,0,3,1,2,13,0 2 6 13,reject reject accept
627,0,3,3,0,7,0 1 3 7,accept accept accept
628,0,1,1,0,1,0 1,accept
629,0,3,1,2,13,0 2 6 13,reject reject accept
630,0,1,1,0,1,0 1,accept
631,0,2,1,1,4,0 1 4,accept reject
632,0,1,0,1,2,0 2,reject
633,0,1,0,1,2,0 2,reject
634,0,1,0,1,2,0 2,reject
635,0,1,0,1,2,0 2,reject
636,0,1,0,1,2,0 2,reject
637,0,1,0,1,2,0 2,reject
638,0,2,1,1,4,0 1 4,accept reject
639,0,1,0,1,2,0 2,reject
640,0,1,0,1,2,0 2,reject
641,0,1,0,1,2,0 2,reject
642,0,1,0,1,2,0 2,reject
643,0,1,0,1,2,0 2,reject
644,0,1,0,1,2,0 2,reject
645,0,1,0,1,2,0 2,reject
646,0,1,0,1,2,0 2,reject
647,0,1,0,1,2,0 2,reject
648,0,1,0,1,2,0 2,reject
649,0,1,0,1,2,0 2,reject
650,0,3,1,2,10,0 1 4 10,accept reject reject
651,0,1,0,1,2,0 2,reject
652,0,1,0,1,2,0 2,reject
653,0,1,0,1,2,0 2,reject
654,0,1,0,1,2,0 2,reject
655,0,3,1,2,10,0 1 4 10,accept reject reject
656,0,1,0,1,2,0 2,reject
657,0,1,0,1,2,0 2,reject
658,0,1,0,1,2,0 2,reject
659,0,1,0,1,2,0 2,reject
660,0,1,0,1,2,0 2,reject
661,0,1,0,1,2,0 2,reject
662,0,1,0,1,2,0 2,reject
663,0,2,1,1,4,0 1 4,accept reject
664,0,1,0,1,2,0 2,reject
665,0,1,0,1,2,0 2,reject
666,0,1,0,1,2,0 2,reject
667,0,1,0,1,2,0 2,reject
668,0,3,2,1,8,0 1 3 8,accept accept reject
669,0,1,0,1,2,0 2,reject
670,0,1,0,1,2,0 2,reject
671,0,4,3,1,16,0 1 3 7 16,accept accept accept reject
672,0,1,0,1,2,0 2,reject
673,0,1,0,1,2,0 2,reject
674,0,1,0,1,2,0 2,reject
675,0,1,0,1,2,0 2,reject
676,0,1,0,1,2,0 2,reject
677,0,2,0,2,6,0 2 6,reject reject
678,0,1,0,1,2,0 2,reject
679,0,3,2,1,8,0 1 3 8,accept accept reject
680,0,1,0,1,2,0 2,reject
681,0,1,0,1,2,0 2,reject
682,0,1,0,1,2,0 2,reject
683,0,1,0,1,2,0 2,reject
684,0,1,0,1,2,0 2,reject
685,0,2,0,2,6,0 2 6,reject reject
686,0,1,0,1,2,0 2,reject
687,0,2,1,1,4,0 1 4,accept reject
688,0,2,0,2,6,0 2 6,reject reject
689,0,1,0,1,2,0 2,reject
690,0,1,0,1,2,0 2,reject
691,0,1,0,1,2,0 2,reject
692,0,1,0,1,2,0 2,reject
693,0,1,0,1,2,0 2,reject
694,0,1,1,0,1,0 1,accept
695,0,3,1,2,12,0 2 5 12,reject accept reject
696,0,3,1,2,10,0 1 4 10,accept reject reject
697,0,2,1,1,4,0 1 4,accept reject
698,0,4,0,4,30,0 2 6 14 30,reject reject reject reject
699,0,5,0,5,62,0 2 6 14 30 62,reject reject reject reject reject
700,0,1,0,1,2,0 2,reject
701,0,1,1,0,1,0 1,accept
702,0,2,2,0,3,0 1 3,accept accept
703,0,1,0,1,2,0 2,reject
704,0,1,0,1,2,0 2,reject
705,0,2,1,1,4,0 1 4,accept reject
706,0,2,1,1,4,0 1 4,accept reject
707,0,1,0,1,2,0 2,reject
708,0,1,1,0,1,0 1,accept
709,0,3,2,1,8,0 1 3 8,accept accept reject
710,0,1,0,1,2,0 2,reject
711,0,2,2,0,3,0 1 3,accept accept
712,0,2,2,0,3,0 1 3,accept accept
713,0,2,2,0,3,0 1 3,accept accept
714,0,1,0,1,2,0 2,reject
715,0,1,0,1,2,0 2,reject
716,0,1,0,1,2,0 2,reject
717,0,1,1,0,1,0 1,accept
718,0,1,0,1,2,0 2,reject
719,0,2,0,2,6,0 2 6,reject reject
720,0,1,0,1,2,0 2,reject
721,0,1,0,1,2,0 2,reject
722,0,2,1,1,4,0 1 4,accept reject
723,0,1,0,1,2,0 2,reject
724,0,1,0,1,2,0 2,reject
725,0,1,0,1,2,0 2,reject
726,0,1,0,1,2,0 2,reject
727,0,1,0,1,2,0 2,reject
728,0,1,0,1,2,0 2,reject
729,0,1,0,1,2,0 2,reject
730,0,2,2,0,3,0 1 3,accept accept
731,0,1,0,1,2,0 2,reject
732,0,1,0,1,2,0 2,reject
733,0,3,3,0,7,0 1 3 7,accept accept accept
734,0,2,1,1,4,0 1 4,accept reject
735,0,2,0,2,6,0 2 6,reject reject
736,0,2,1,1,4,0 1 4,accept reject
737,0,1,0,1,2,0 2,reject
738,0,3,1,2,12,0 2 5 12,reject accept reject
739,0,1,0,1,2,0 2,reject
740,0,1,0,1,2,0 2,reject
741,0,2,1,1,4,0 1 4,accept reject
742,0,2,2,0,3,0 1 3,accept accept
743,0,1,0,1,2,0 2,reject
744,0,2,1,1,4,0 1 4,accept reject
745,0,2,1,1,4,0 1 4,accept reject
746,0,1,1,0,1,0 1,accept
747,0,1,1,0,1,0 1,accept
748,0,2,0,2,6,0 2 6,reject reject
749,0,3,1,2,12,0 2 5 12,reject accept reject
750,0,1,0,1,2,0 2,reject
751,0,1,0,1,2,0 2,reject
752,0,1,0,1,2,0 2,reject
753,0,3,1,2,10,0 1 4 10,accept reject reject
754,0,1,0,1,2,0 2,reject
755,0,2,0,2,6,0 2 6,reject reject
756,0,3,0,3,14,0 2 6 14,reject reject reject
757,0,1,0,1,2,0 2,reject
758,0,1,1,0,1,0 1,accept
759,0,2,1,1,5,0 2 5,reject accept
760,0,3,1,2,10,0 1 4 10,accept reject reject
761,0,2,2,0,3,0 1 3,accept accept
762,0,2,1,1,5,0 2 5,reject accept
763,0,2,0,2,6,0 2 6,reject reject
764,0,3,2,1,8,0 1 3 8,accept accept reject
765,0,1,1,0,1,0 1,accept
766,0,2,1,1,4,0 1 4,accept reject
767,0,1,1,0,1,0 1,accept
768,0,1,1,0,1,0 1,accept
769,0,2,2,0,3,0 1 3,accept accept
770,0,1,0,1,2,0 2,reject
771,0,2,1,1,4,0 1 4,accept reject
772,0,1,0,1,2,0 2,reject
773,0,1,0,1,2,0 2,reject
774,0,4,3,1,16,0 1 3 7 16,accept accept accept reject
775,0,1,1,0,1,0 1,accept
776,0,1,0,1,2,0 2,reject
777,0,1,1,0,1,0 1,accept
778,0,2,1,1,4,0 1 4,accept reject
779,0,1,1,0,1,0 1,accept
780,0,3,1,2,12,0 2 5 12,reject accept reject
781,0,2,1,1,4,0 1 4,accept reject
782,0,3,2,1,8,0 1 3 8,accept accept reject
783,0,1,1,0,1,0 1,accept
784,0,2,1,1,4,0 1 4,accept reject
785,0,2,2,0,3,0 1 3,accept accept
786,0,3,2,1,8,0 1 3 8,accept accept reject
787,0,2,1,1,4,0 1 4,accept reject
788,0,1,0,1,2,0 2,reject
789,0,2,1,1,4,0 1 4,accept reject
790,0,1,1,0,1,0 1,accept
791,0,2,1,1,4,0 1 4,accept reject
792,0,1,0,1,2,0 2,reject
793,0,3,3,0,7,0 1 3 7,accept accept accept
794,0,1,0,1,2,0 2,reject
795,0,1,0,1,2,0 2,reject
796,0,2,1,1,4,0 1 4,accept reject
797,0,1,0,1,2,0 2,reject
798,0,1,1,0,1,0 1,accept
799,0,1,0,1,2,0 2,reject
800,0,2,1,1,4,0 1 4,accept reject
801,0,1,1,0,1,0 1,accept
802,0,1,0,1,2,0 2,reject
803,0,1,0,1,2,0 2,reject
804,0,3,0,3,14,0 2 6 14,reject reject reject
805,0,1,0,1,2,0 2,reject
806,0,3,2,1,8,0 1 3 8,accept accept reject
807,0,1,0,1,2,0 2,reject
808,0,1,0,1,2,0 2,reject
809,0,1,0,1,2,0 2,reject
810,0,3,1,2,10,0 1 4 10,accept reject reject
811,0,1,0,1,2,0 2,reject
812,0,1,0,1,2,0 2,reject
813,0,1,0,1,2,0 2,reject
814,0,3,1,2,12,0 2 5 12,reject accept reject
815,0,3,1,2,10,0 1 4 10,accept reject reject
816,0,2,0,2,6,0 2 6,reject reject
817,0,1,0,1,2,0 2,reject
818,0,4,1,3,22,0 1 4 10 22,accept reject reject reject
819,0,6,1,5,122,0 2 6 14 29 60 122,reject reject reject accept reject reject
820,0,2,1,1,4,0 1 4,accept reject
821,0,1,0,1,2,0 2,reject
822,0,2,2,0,3,0 1 3,accept accept
823,0,2,1,1,5,0 2 5,reject accept
824,0,3,2,1,8,0 1 3 8,accept accept reject
825,0,3,3,0,7,0 1 3 7,accept accept accept
826,0,2,1,1,4,0 1 4,accept reject
827,0,1,1,0,1,0 1,accept
828,0,1,0,1,2,0 2,reject
829,0,2,1,1,4,0 1 4,accept reject
830,0,1,1,0,1,0 1,accept
831,0,1,1,0,1,0 1,accept
832,0,2,2,0,3,0 1 3,accept accept
833,0,2,1,1,4,0 1 4,accept reject
834,0,1,1,0,1,0 1,accept
835,0,2,2,0,3,0 1 3,accept accept
836,0,1,0,1,2,0 2,reject
837,0,1,0,1,2,0 2,reject
838,0,2,2,0,3,0 1 3,accept accept
839,0,2,1,1,4,0 1 4,accept reject
840,0,1,0,1,2,0 2,reject
841,0,1,0,1,2,0 2,reject
842,0,1,1,0,1,0 1,accept
843,0,1,0,1,2,0 2,reject
