method,includes_incomplete,rank,mh_iteration,trace_count,mean_cumulative_seconds,std_cumulative_seconds
PowerMH,False,,1,20,4.4982999999999995,2.689983508069187
PowerMH,False,,2,20,9.359449999999999,3.8307312683089636
PowerMH,False,,3,20,13.035999999999998,5.057335183463198
PowerMH,False,,4,20,17.087600000000002,5.36222650535548
PowerMH,False,,5,20,21.52655,6.320939874109328
PowerMH,False,,6,20,25.092750000000002,7.133726691790056
PowerMH,False,,7,20,28.367700000000003,7.278846135422694
PowerMH,False,,8,20,32.9998,7.040445302902216
PowerMH,False,,9,20,37.378,7.249300917293589
PowerMH,False,,10,20,41.55675,7.364076258753492
PowerMH,False,,11,20,46.21805,7.438210717745158
PowerMH,False,,12,20,50.237049999999996,7.38802592018791
PowerMH,False,,13,20,54.781349999999996,7.490855247883036
PowerMH,False,,14,20,57.6493,7.967984332710235
PowerMH,False,,15,20,60.90220000000001,8.002530649738242
PowerMH,False,,16,20,65.08975000000001,9.255840664569304
PowerMH,False,,17,20,69.52215,9.675713395567165
PowerMH,False,,18,20,73.7758,10.142928392675724
PowerMH,False,,19,20,77.16405,9.430494067957918
PowerMH,False,,20,20,81.92999999999999,9.758116756402279
PowerMH,False,,21,20,85.9679,9.607794225742477
PowerMH,False,,22,20,89.15305,9.568015883386526
PowerMH,False,,23,20,93.82820000000001,9.306142621097663
PowerMH,False,,24,20,97.35675,9.403065328167695
PowerMH,False,,25,20,102.58995,9.148744322669586
PowerMH,False,,26,20,106.41159999999999,9.295762862724072
PowerMH,False,,27,20,110.1795,9.606356187989613
PowerMH,False,,28,20,113.8406,9.907581171692927
PowerMH,False,,29,20,118.0619,10.413022408200424
PowerMH,False,,30,20,122.93319999999999,11.039206891801598
PowerMH,False,,31,20,126.47469999999998,11.502412374436021
PowerMH,False,,32,20,129.65795,11.580394250515324
PowerMH,False,,33,20,133.81504999999999,12.628841624901394
PowerMH,False,,34,20,138.53115,13.382537550558386
PowerMH,False,,35,20,143.58509999999998,13.25590299451531
PowerMH,False,,36,20,147.4124,14.367167777152254
PowerMH,False,,37,20,151.01155,14.305780964259462
PowerMH,False,,38,20,155.36505,13.64184097190081
PowerMH,False,,39,20,159.76330000000002,14.04288509905508
PowerMH,False,,40,20,163.9943,14.56925653234451
PowerMH,False,,41,20,169.0923,15.082262559220457
PowerMH,False,,42,20,173.1299,15.472838418542212
PowerMH,False,,43,20,176.63344999999998,16.489007874386473
PowerMH,False,,44,20,181.33355,17.087718533542706
PowerMH,False,,45,20,185.89375,17.355551785417703
PowerMH,False,,46,20,190.9092,17.539633479336832
PowerMH,False,,47,20,195.75365,17.295433280052183
PowerMH,False,,48,20,199.61025,17.11840654437266
PowerMH,False,,49,20,204.262,17.442958612514516
PowerMH,False,,50,20,208.9812,18.30892370747979
PowerMH,False,,51,20,212.88815,18.961965371917252
PowerMH,False,,52,20,217.3303,18.639621435900565
PowerMH,False,,53,20,221.32415,17.859006777578045
PowerMH,False,,54,20,226.04299999999998,18.38237301558779
PowerMH,False,,55,20,230.14074999999997,18.385644579900386
PowerMH,False,,56,20,234.21554999999998,18.528654836495797
PowerMH,False,,57,20,238.0257,18.908748788520292
PowerMH,False,,58,20,241.85465,18.675050686255435
PowerMH,False,,59,20,245.30034999999998,18.717478927392108
PowerMH,False,,60,20,249.63799999999998,18.954969671913407
PowerMH,False,,61,20,253.92765,19.345600175083987
PowerMH,False,,62,20,258.45005,20.54177696786156
PowerMH,False,,63,20,261.97884999999997,20.29698891143836
PowerMH,False,,64,20,266.28934999999996,19.947334000140394
PowerMH,False,,65,20,270.9681,20.168674611099764
PowerMH,False,,66,20,275.3745,19.86917256375867
PowerMH,False,,67,20,280.27435,20.80440301645428
PowerMH,False,,68,20,284.76255000000003,20.796104656692435
PowerMH,False,,69,20,289.26374999999996,20.427245788729262
PowerMH,False,,70,20,292.9953,19.831730826871194
PowerMH,False,,71,20,297.4071,20.273686300226693
PowerMH,False,,72,20,301.899,21.03858373510315
PowerMH,False,,73,20,306.02840000000003,21.081634028349484
PowerMH,False,,74,20,310.0229,20.542975034123742
PowerMH,False,,75,20,314.1639,20.148719752720872
PowerMH,False,,76,20,317.80765,20.01744443512104
PowerMH,False,,77,20,321.8681,20.475573940673815
PowerMH,False,,78,20,326.46365000000003,20.17645115181507
PowerMH,False,,79,20,330.46475,20.185943154568594
PowerMH,False,,80,20,334.8917,21.22489762941034
PowerMH,False,,81,20,339.1937,21.872386234461814
PowerMH,False,,82,20,343.163,23.303091134462267
PowerMH,False,,83,20,347.22075,23.776169522123162
PowerMH,False,,84,20,351.64615,23.540093089461816
PowerMH,False,,85,20,356.12655,23.337215006519692
PowerMH,False,,86,20,359.6216,22.929134517602655
PowerMH,False,,87,20,364.40794999999997,23.429870762442093
PowerMH,False,,88,20,369.3951,24.727208261559344
PowerMH,False,,89,20,374.00429999999994,25.078000734760217
PowerMH,False,,90,20,378.33824999999996,25.34602973139461
PowerMH,False,,91,20,382.7018,25.62028220930077
PowerMH,False,,92,20,386.14189999999996,25.696602642331875
PowerMH,False,,93,20,389.85984999999994,25.9593742449013
PowerMH,False,,94,20,394.3332,26.1466707624106
PowerMH,False,,95,20,398.3924,26.211173237059807
PowerMH,False,,96,20,402.58365,26.552331074740575
PowerMH,False,,97,20,406.31225,26.35184978801303
PowerMH,False,,98,20,410.79974999999996,26.379173062484888
PowerMH,False,,99,20,414.9531,26.583779367560968
PowerMH,False,,100,20,418.26995,25.304085849553644
SubTreeMH,False,reject_first,0,10,0.0,0.0
SubTreeMH,False,reject_first,1,10,9.619299999999999,2.104851858075633
SubTreeMH,False,reject_first,2,10,15.516,4.291598174210732
SubTreeMH,False,reject_first,3,10,20.2713,8.561997145656042
SubTreeMH,False,reject_first,4,10,23.5913,12.739562272699953
SubTreeMH,False,reject_first,5,10,29.2555,15.83163903390928
SubTreeMH,False,reject_first,6,10,34.149899999999995,14.741969689367233
SubTreeMH,False,reject_first,7,10,39.0461,15.539048679947488
SubTreeMH,False,reject_first,8,10,45.974599999999995,15.875349390380883
SubTreeMH,False,reject_first,9,10,49.9042,17.07755189194933
SubTreeMH,False,reject_first,10,10,55.18579999999999,16.853388533664873
SubTreeMH,False,reject_first,11,10,59.17139999999999,16.285118238577343
SubTreeMH,False,reject_first,12,10,62.0458,17.10555159265228
SubTreeMH,False,reject_first,13,10,65.2749,21.259812544642376
SubTreeMH,False,reject_first,14,10,66.3972,20.041875454491112
SubTreeMH,False,reject_first,15,10,70.6654,23.579917840776666
SubTreeMH,False,reject_first,16,10,74.3004,23.527167880747754
SubTreeMH,False,reject_first,17,10,78.9586,25.22260020607621
SubTreeMH,False,reject_first,18,10,81.1592,25.006745222483918
SubTreeMH,False,reject_first,19,10,84.8539,23.26492048103515
SubTreeMH,False,reject_first,20,10,86.9178,22.682316067319444
SubTreeMH,False,reject_first,21,10,87.99170000000001,24.46731701247378
SubTreeMH,False,reject_first,22,10,89.8029,24.43618666581729
SubTreeMH,False,reject_first,23,10,93.8432,25.325141073644588
SubTreeMH,False,reject_first,24,10,94.848,26.01717493417676
SubTreeMH,False,reject_first,25,10,97.7665,25.544457977982017
SubTreeMH,False,reject_first,26,10,101.2255,27.422969400162017
SubTreeMH,False,reject_first,27,10,105.23479999999999,26.334897627799254
SubTreeMH,False,reject_first,28,10,110.38220000000001,28.195817959406675
SubTreeMH,False,reject_first,29,10,111.31099999999999,26.88520991177119
SubTreeMH,False,reject_first,30,10,114.16680000000001,26.665245452961173
SubTreeMH,False,reject_first,31,10,118.827,28.731494415246367
SubTreeMH,False,reject_first,32,10,121.4887,27.20313387195592
SubTreeMH,False,reject_first,33,10,126.16669999999999,28.330886823982997
SubTreeMH,False,reject_first,34,10,130.129,28.11201710617325
SubTreeMH,False,reject_first,35,10,130.129,28.11201710617325
SubTreeMH,False,reject_first,36,10,135.50889999999998,32.16629150541155
SubTreeMH,False,reject_first,37,10,142.0297,32.93191026631903
SubTreeMH,False,reject_first,38,10,144.591,34.201184073069754
SubTreeMH,False,reject_first,39,10,149.7491,39.06222261256178
SubTreeMH,False,reject_first,40,10,153.0928,38.5452048777363
SubTreeMH,False,reject_first,41,10,154.7511,38.835912170309584
SubTreeMH,False,reject_first,42,10,158.8078,38.942487650380016
SubTreeMH,False,reject_first,43,10,162.3286,40.19065774585487
SubTreeMH,False,reject_first,44,10,164.7826,42.86739632142099
SubTreeMH,False,reject_first,45,10,170.21189999999999,42.2914112936789
SubTreeMH,False,reject_first,46,10,172.0386,42.030386162077235
SubTreeMH,False,reject_first,47,10,175.5058,45.01704086429691
SubTreeMH,False,reject_first,48,10,177.76979999999998,45.5574910239798
SubTreeMH,False,reject_first,49,10,180.1155,47.73616167190934
SubTreeMH,False,reject_first,50,10,184.6922,49.210558633962556
SubTreeMH,False,reject_first,51,10,186.9918,48.64569766245178
SubTreeMH,False,reject_first,52,10,192.9174,52.66018518176496
SubTreeMH,False,reject_first,53,10,194.6521,52.23267707192501
SubTreeMH,False,reject_first,54,10,196.63400000000001,54.32333645251674
SubTreeMH,False,reject_first,55,10,201.8311,58.30733579242934
SubTreeMH,False,reject_first,56,10,203.4332,58.923874479987596
SubTreeMH,False,reject_first,57,10,207.45520000000002,60.04396330985785
SubTreeMH,False,reject_first,58,10,212.82649999999998,59.89021127446455
SubTreeMH,False,reject_first,59,10,215.7973,61.66623341118073
SubTreeMH,False,reject_first,60,10,222.3696,65.1001530672377
SubTreeMH,False,reject_first,61,10,224.471,64.46243332532696
SubTreeMH,False,reject_first,62,10,225.37960000000004,65.05143150905887
SubTreeMH,False,reject_first,63,10,229.11419999999998,67.65337655825711
SubTreeMH,False,reject_first,64,10,232.4756,67.5956518591741
SubTreeMH,False,reject_first,65,10,234.4788,69.93251608324508
SubTreeMH,False,reject_first,66,10,238.0324,69.93002167119164
SubTreeMH,False,reject_first,67,10,242.7168,74.73067331097126
SubTreeMH,False,reject_first,68,10,243.9275,76.54885160507344
SubTreeMH,False,reject_first,69,10,246.79209999999998,77.72581014259178
SubTreeMH,False,reject_first,70,10,249.41219999999998,78.98511379831855
SubTreeMH,False,reject_first,71,10,252.7847,78.40504564836513
SubTreeMH,False,reject_first,72,10,256.4143,81.22488649839886
SubTreeMH,False,reject_first,73,10,262.6589,83.8006384017714
SubTreeMH,False,reject_first,74,10,264.0832,84.07258361122648
SubTreeMH,False,reject_first,75,10,268.34159999999997,87.3904549595918
SubTreeMH,False,reject_first,76,10,270.4459,87.65576335041777
SubTreeMH,False,reject_first,77,10,272.09569999999997,85.44557143722156
SubTreeMH,False,reject_first,78,10,277.2504,86.96245468042196
SubTreeMH,False,reject_first,79,10,281.4083,88.6587570520313
SubTreeMH,False,reject_first,80,10,286.88919999999996,90.90307004569941
SubTreeMH,False,reject_first,81,10,289.4661,94.3423040993099
SubTreeMH,False,reject_first,82,10,295.7861,96.22360444234968
SubTreeMH,False,reject_first,83,10,298.6974,95.15663997057109
SubTreeMH,False,reject_first,84,10,301.592,95.92194097285562
SubTreeMH,False,reject_first,85,10,306.4129,96.42650311616154
SubTreeMH,False,reject_first,86,10,310.4584,98.44933320376866
SubTreeMH,False,reject_first,87,10,312.0408,98.74080763943998
SubTreeMH,False,reject_first,88,10,314.6643,99.79101928647354
SubTreeMH,False,reject_first,89,10,317.3141,103.18208072512721
SubTreeMH,False,reject_first,90,10,319.82820000000004,104.92969487847036
SubTreeMH,False,reject_first,91,10,324.6839,106.3168851044942
SubTreeMH,False,reject_first,92,10,327.72310000000004,106.08366358937857
SubTreeMH,False,reject_first,93,10,331.5562,106.20916906829551
SubTreeMH,False,reject_first,94,10,332.97130000000004,105.05691028839772
SubTreeMH,False,reject_first,95,10,338.0745,107.66316452431116
SubTreeMH,False,reject_first,96,10,339.22180000000003,106.67796585653895
SubTreeMH,False,reject_first,97,10,341.5393,105.00609689500045
SubTreeMH,False,reject_first,98,10,342.6331,104.13375495161127
SubTreeMH,False,reject_first,99,10,344.2821,105.65217299384913
SubTreeMH,False,reject_first,100,10,344.8954,105.7608033790297
