source_log,rank,trace_id,sample_idx,block_idx,trace_complete,mh_iteration,subtree_cumulative_calls,power_mh_cumulative_calls
dataset-lcb_v6.model-qwen3.5-4b.alpha4.0.steps10.blocks-1.prefetch-budget-4.rank-accept_first.cut-entropy4.0.samples5.maxnew1024.seed10086.subtreePrefetch.vllm.log,accept_first,sample-000.block-00,0,0,True,0,0,0
dataset-lcb_v6.model-qwen3.5-4b.alpha4.0.steps10.blocks-1.prefetch-budget-4.rank-accept_first.cut-entropy4.0.samples5.maxnew1024.seed10086.subtreePrefetch.vllm.log,accept_first,sample-000.block-00,0,0,True,1,1,1
dataset-lcb_v6.model-qwen3.5-4b.alpha4.0.steps10.blocks-1.prefetch-budget-4.rank-accept_first.cut-entropy4.0.samples5.maxnew1024.seed10086.subtreePrefetch.vllm.log,accept_first,sample-000.block-00,0,0,True,2,2,2
dataset-lcb_v6.model-qwen3.5-4b.alpha4.0.steps10.blocks-1.prefetch-budget-4.rank-accept_first.cut-entropy4.0.samples5.maxnew1024.seed10086.subtreePrefetch.vllm.log,accept_first,sample-000.block-00,0,0,True,3,3,3
dataset-lcb_v6.model-qwen3.5-4b.alpha4.0.steps10.blocks-1.prefetch-budget-4.rank-accept_first.cut-entropy4.0.samples5.maxnew1024.seed10086.subtreePrefetch.vllm.log,accept_first,sample-000.block-00,0,0,True,4,3,4
dataset-lcb_v6.model-qwen3.5-4b.alpha4.0.steps10.blocks-1.prefetch-budget-4.rank-accept_first.cut-entropy4.0.samples5.maxnew1024.seed10086.subtreePrefetch.vllm.log,accept_first,sample-000.block-00,0,0,True,5,3,5
dataset-lcb_v6.model-qwen3.5-4b.alpha4.0.steps10.blocks-1.prefetch-budget-4.rank-accept_first.cut-entropy4.0.samples5.maxnew1024.seed10086.subtreePrefetch.vllm.log,accept_first,sample-000.block-00,0,0,True,6,4,6
dataset-lcb_v6.model-qwen3.5-4b.alpha4.0.steps10.blocks-1.prefetch-budget-4.rank-accept_first.cut-entropy4.0.samples5.maxnew1024.seed10086.subtreePrefetch.vllm.log,accept_first,sample-000.block-00,0,0,True,7,4,7
dataset-lcb_v6.model-qwen3.5-4b.alpha4.0.steps10.blocks-1.prefetch-budget-4.rank-accept_first.cut-entropy4.0.samples5.maxnew1024.seed10086.subtreePrefetch.vllm.log,accept_first,sample-000.block-00,0,0,True,8,4,8
dataset-lcb_v6.model-qwen3.5-4b.alpha4.0.steps10.blocks-1.prefetch-budget-4.rank-accept_first.cut-entropy4.0.samples5.maxnew1024.seed10086.subtreePrefetch.vllm.log,accept_first,sample-000.block-00,0,0,True,9,5,9
dataset-lcb_v6.model-qwen3.5-4b.alpha4.0.steps10.blocks-1.prefetch-budget-4.rank-accept_first.cut-entropy4.0.samples5.maxnew1024.seed10086.subtreePrefetch.vllm.log,accept_first,sample-000.block-00,0,0,True,10,5,10
dataset-lcb_v6.model-qwen3.5-4b.alpha4.0.steps10.blocks-1.prefetch-budget-4.rank-accept_first.cut-entropy4.0.samples5.maxnew1024.seed10086.subtreePrefetch.vllm.log,accept_first,sample-001.block-00,1,0,True,0,0,0
dataset-lcb_v6.model-qwen3.5-4b.alpha4.0.steps10.blocks-1.prefetch-budget-4.rank-accept_first.cut-entropy4.0.samples5.maxnew1024.seed10086.subtreePrefetch.vllm.log,accept_first,sample-001.block-00,1,0,True,1,1,1
dataset-lcb_v6.model-qwen3.5-4b.alpha4.0.steps10.blocks-1.prefetch-budget-4.rank-accept_first.cut-entropy4.0.samples5.maxnew1024.seed10086.subtreePrefetch.vllm.log,accept_first,sample-001.block-00,1,0,True,2,1,2
dataset-lcb_v6.model-qwen3.5-4b.alpha4.0.steps10.blocks-1.prefetch-budget-4.rank-accept_first.cut-entropy4.0.samples5.maxnew1024.seed10086.subtreePrefetch.vllm.log,accept_first,sample-001.block-00,1,0,True,3,1,3
dataset-lcb_v6.model-qwen3.5-4b.alpha4.0.steps10.blocks-1.prefetch-budget-4.rank-accept_first.cut-entropy4.0.samples5.maxnew1024.seed10086.subtreePrefetch.vllm.log,accept_first,sample-001.block-00,1,0,True,4,2,4
dataset-lcb_v6.model-qwen3.5-4b.alpha4.0.steps10.blocks-1.prefetch-budget-4.rank-accept_first.cut-entropy4.0.samples5.maxnew1024.seed10086.subtreePrefetch.vllm.log,accept_first,sample-001.block-00,1,0,True,5,3,5
dataset-lcb_v6.model-qwen3.5-4b.alpha4.0.steps10.blocks-1.prefetch-budget-4.rank-accept_first.cut-entropy4.0.samples5.maxnew1024.seed10086.subtreePrefetch.vllm.log,accept_first,sample-001.block-00,1,0,True,6,3,6
dataset-lcb_v6.model-qwen3.5-4b.alpha4.0.steps10.blocks-1.prefetch-budget-4.rank-accept_first.cut-entropy4.0.samples5.maxnew1024.seed10086.subtreePrefetch.vllm.log,accept_first,sample-001.block-00,1,0,True,7,3,7
dataset-lcb_v6.model-qwen3.5-4b.alpha4.0.steps10.blocks-1.prefetch-budget-4.rank-accept_first.cut-entropy4.0.samples5.maxnew1024.seed10086.subtreePrefetch.vllm.log,accept_first,sample-001.block-00,1,0,True,8,4,8
dataset-lcb_v6.model-qwen3.5-4b.alpha4.0.steps10.blocks-1.prefetch-budget-4.rank-accept_first.cut-entropy4.0.samples5.maxnew1024.seed10086.subtreePrefetch.vllm.log,accept_first,sample-001.block-00,1,0,True,9,4,9
dataset-lcb_v6.model-qwen3.5-4b.alpha4.0.steps10.blocks-1.prefetch-budget-4.rank-accept_first.cut-entropy4.0.samples5.maxnew1024.seed10086.subtreePrefetch.vllm.log,accept_first,sample-001.block-00,1,0,True,10,4,10
dataset-lcb_v6.model-qwen3.5-4b.alpha4.0.steps10.blocks-1.prefetch-budget-4.rank-accept_first.cut-entropy4.0.samples5.maxnew1024.seed10086.subtreePrefetch.vllm.log,accept_first,sample-002.block-00,2,0,True,0,0,0
dataset-lcb_v6.model-qwen3.5-4b.alpha4.0.steps10.blocks-1.prefetch-budget-4.rank-accept_first.cut-entropy4.0.samples5.maxnew1024.seed10086.subtreePrefetch.vllm.log,accept_first,sample-002.block-00,2,0,True,1,1,1
dataset-lcb_v6.model-qwen3.5-4b.alpha4.0.steps10.blocks-1.prefetch-budget-4.rank-accept_first.cut-entropy4.0.samples5.maxnew1024.seed10086.subtreePrefetch.vllm.log,accept_first,sample-002.block-00,2,0,True,2,1,2
dataset-lcb_v6.model-qwen3.5-4b.alpha4.0.steps10.blocks-1.prefetch-budget-4.rank-accept_first.cut-entropy4.0.samples5.maxnew1024.seed10086.subtreePrefetch.vllm.log,accept_first,sample-002.block-00,2,0,True,3,1,3
dataset-lcb_v6.model-qwen3.5-4b.alpha4.0.steps10.blocks-1.prefetch-budget-4.rank-accept_first.cut-entropy4.0.samples5.maxnew1024.seed10086.subtreePrefetch.vllm.log,accept_first,sample-002.block-00,2,0,True,4,2,4
dataset-lcb_v6.model-qwen3.5-4b.alpha4.0.steps10.blocks-1.prefetch-budget-4.rank-accept_first.cut-entropy4.0.samples5.maxnew1024.seed10086.subtreePrefetch.vllm.log,accept_first,sample-002.block-00,2,0,True,5,2,5
dataset-lcb_v6.model-qwen3.5-4b.alpha4.0.steps10.blocks-1.prefetch-budget-4.rank-accept_first.cut-entropy4.0.samples5.maxnew1024.seed10086.subtreePrefetch.vllm.log,accept_first,sample-002.block-00,2,0,True,6,3,6
dataset-lcb_v6.model-qwen3.5-4b.alpha4.0.steps10.blocks-1.prefetch-budget-4.rank-accept_first.cut-entropy4.0.samples5.maxnew1024.seed10086.subtreePrefetch.vllm.log,accept_first,sample-002.block-00,2,0,True,7,4,7
dataset-lcb_v6.model-qwen3.5-4b.alpha4.0.steps10.blocks-1.prefetch-budget-4.rank-accept_first.cut-entropy4.0.samples5.maxnew1024.seed10086.subtreePrefetch.vllm.log,accept_first,sample-002.block-00,2,0,True,8,4,8
dataset-lcb_v6.model-qwen3.5-4b.alpha4.0.steps10.blocks-1.prefetch-budget-4.rank-accept_first.cut-entropy4.0.samples5.maxnew1024.seed10086.subtreePrefetch.vllm.log,accept_first,sample-002.block-00,2,0,True,9,4,9
dataset-lcb_v6.model-qwen3.5-4b.alpha4.0.steps10.blocks-1.prefetch-budget-4.rank-accept_first.cut-entropy4.0.samples5.maxnew1024.seed10086.subtreePrefetch.vllm.log,accept_first,sample-002.block-00,2,0,True,10,5,10
dataset-lcb_v6.model-qwen3.5-4b.alpha4.0.steps10.blocks-1.prefetch-budget-4.rank-accept_first.cut-entropy4.0.samples5.maxnew1024.seed10086.subtreePrefetch.vllm.log,accept_first,sample-003.block-00,3,0,True,0,0,0
dataset-lcb_v6.model-qwen3.5-4b.alpha4.0.steps10.blocks-1.prefetch-budget-4.rank-accept_first.cut-entropy4.0.samples5.maxnew1024.seed10086.subtreePrefetch.vllm.log,accept_first,sample-003.block-00,3,0,True,1,1,1
dataset-lcb_v6.model-qwen3.5-4b.alpha4.0.steps10.blocks-1.prefetch-budget-4.rank-accept_first.cut-entropy4.0.samples5.maxnew1024.seed10086.subtreePrefetch.vllm.log,accept_first,sample-003.block-00,3,0,True,2,1,2
dataset-lcb_v6.model-qwen3.5-4b.alpha4.0.steps10.blocks-1.prefetch-budget-4.rank-accept_first.cut-entropy4.0.samples5.maxnew1024.seed10086.subtreePrefetch.vllm.log,accept_first,sample-003.block-00,3,0,True,3,1,3
dataset-lcb_v6.model-qwen3.5-4b.alpha4.0.steps10.blocks-1.prefetch-budget-4.rank-accept_first.cut-entropy4.0.samples5.maxnew1024.seed10086.subtreePrefetch.vllm.log,accept_first,sample-003.block-00,3,0,True,4,2,4
dataset-lcb_v6.model-qwen3.5-4b.alpha4.0.steps10.blocks-1.prefetch-budget-4.rank-accept_first.cut-entropy4.0.samples5.maxnew1024.seed10086.subtreePrefetch.vllm.log,accept_first,sample-003.block-00,3,0,True,5,2,5
dataset-lcb_v6.model-qwen3.5-4b.alpha4.0.steps10.blocks-1.prefetch-budget-4.rank-accept_first.cut-entropy4.0.samples5.maxnew1024.seed10086.subtreePrefetch.vllm.log,accept_first,sample-003.block-00,3,0,True,6,3,6
dataset-lcb_v6.model-qwen3.5-4b.alpha4.0.steps10.blocks-1.prefetch-budget-4.rank-accept_first.cut-entropy4.0.samples5.maxnew1024.seed10086.subtreePrefetch.vllm.log,accept_first,sample-003.block-00,3,0,True,7,3,7
dataset-lcb_v6.model-qwen3.5-4b.alpha4.0.steps10.blocks-1.prefetch-budget-4.rank-accept_first.cut-entropy4.0.samples5.maxnew1024.seed10086.subtreePrefetch.vllm.log,accept_first,sample-003.block-00,3,0,True,8,3,8
dataset-lcb_v6.model-qwen3.5-4b.alpha4.0.steps10.blocks-1.prefetch-budget-4.rank-accept_first.cut-entropy4.0.samples5.maxnew1024.seed10086.subtreePrefetch.vllm.log,accept_first,sample-003.block-00,3,0,True,9,4,9
dataset-lcb_v6.model-qwen3.5-4b.alpha4.0.steps10.blocks-1.prefetch-budget-4.rank-accept_first.cut-entropy4.0.samples5.maxnew1024.seed10086.subtreePrefetch.vllm.log,accept_first,sample-003.block-00,3,0,True,10,4,10
dataset-lcb_v6.model-qwen3.5-4b.alpha4.0.steps10.blocks-1.prefetch-budget-4.rank-accept_first.cut-entropy4.0.samples5.maxnew1024.seed10086.subtreePrefetch.vllm.log,accept_first,sample-004.block-00,4,0,True,0,0,0
dataset-lcb_v6.model-qwen3.5-4b.alpha4.0.steps10.blocks-1.prefetch-budget-4.rank-accept_first.cut-entropy4.0.samples5.maxnew1024.seed10086.subtreePrefetch.vllm.log,accept_first,sample-004.block-00,4,0,True,1,1,1
dataset-lcb_v6.model-qwen3.5-4b.alpha4.0.steps10.blocks-1.prefetch-budget-4.rank-accept_first.cut-entropy4.0.samples5.maxnew1024.seed10086.subtreePrefetch.vllm.log,accept_first,sample-004.block-00,4,0,True,2,1,2
dataset-lcb_v6.model-qwen3.5-4b.alpha4.0.steps10.blocks-1.prefetch-budget-4.rank-accept_first.cut-entropy4.0.samples5.maxnew1024.seed10086.subtreePrefetch.vllm.log,accept_first,sample-004.block-00,4,0,True,3,2,3
dataset-lcb_v6.model-qwen3.5-4b.alpha4.0.steps10.blocks-1.prefetch-budget-4.rank-accept_first.cut-entropy4.0.samples5.maxnew1024.seed10086.subtreePrefetch.vllm.log,accept_first,sample-004.block-00,4,0,True,4,2,4
dataset-lcb_v6.model-qwen3.5-4b.alpha4.0.steps10.blocks-1.prefetch-budget-4.rank-accept_first.cut-entropy4.0.samples5.maxnew1024.seed10086.subtreePrefetch.vllm.log,accept_first,sample-004.block-00,4,0,True,5,2,5
dataset-lcb_v6.model-qwen3.5-4b.alpha4.0.steps10.blocks-1.prefetch-budget-4.rank-accept_first.cut-entropy4.0.samples5.maxnew1024.seed10086.subtreePrefetch.vllm.log,accept_first,sample-004.block-00,4,0,True,6,3,6
dataset-lcb_v6.model-qwen3.5-4b.alpha4.0.steps10.blocks-1.prefetch-budget-4.rank-accept_first.cut-entropy4.0.samples5.maxnew1024.seed10086.subtreePrefetch.vllm.log,accept_first,sample-004.block-00,4,0,True,7,3,7
dataset-lcb_v6.model-qwen3.5-4b.alpha4.0.steps10.blocks-1.prefetch-budget-4.rank-accept_first.cut-entropy4.0.samples5.maxnew1024.seed10086.subtreePrefetch.vllm.log,accept_first,sample-004.block-00,4,0,True,8,4,8
dataset-lcb_v6.model-qwen3.5-4b.alpha4.0.steps10.blocks-1.prefetch-budget-4.rank-accept_first.cut-entropy4.0.samples5.maxnew1024.seed10086.subtreePrefetch.vllm.log,accept_first,sample-004.block-00,4,0,True,9,4,9
dataset-lcb_v6.model-qwen3.5-4b.alpha4.0.steps10.blocks-1.prefetch-budget-4.rank-accept_first.cut-entropy4.0.samples5.maxnew1024.seed10086.subtreePrefetch.vllm.log,accept_first,sample-004.block-00,4,0,True,10,4,10
