rank,mh_iteration,trace_count,mean_cumulative_seconds,std_cumulative_seconds
accept_first,0,5,0.0,0.0
accept_first,1,5,5.4597999999999995,0.8761704742799771
accept_first,2,5,6.7574,2.952418042892978
accept_first,3,5,8.7384,4.978547709925055
accept_first,4,5,11.9274,3.06864820401427
accept_first,5,5,13.082400000000002,4.575965395411116
accept_first,6,5,18.044800000000002,2.1319237087663354
accept_first,7,5,19.446,3.2168569287427142
accept_first,8,5,22.0156,3.839438279227836
accept_first,9,5,23.6582,3.007723341665587
accept_first,10,5,24.4594,3.570762845667576
