source_log,rank,trace_id,sample_idx,block_idx,trace_complete,mh_iteration,mh_transitions_per_call
dataset-lcb_v6.model-qwen3.5-4b.alpha4.0.steps10.blocks-1.prefetch-budget-8.rank-accept_first.cut-entropy4.0.samples5.maxnew1024.seed10086.subtreePrefetch.vllm.log,accept_first,sample-000.block-00,0,0,True,1,1.0
dataset-lcb_v6.model-qwen3.5-4b.alpha4.0.steps10.blocks-1.prefetch-budget-8.rank-accept_first.cut-entropy4.0.samples5.maxnew1024.seed10086.subtreePrefetch.vllm.log,accept_first,sample-000.block-00,0,0,True,2,2.0
dataset-lcb_v6.model-qwen3.5-4b.alpha4.0.steps10.blocks-1.prefetch-budget-8.rank-accept_first.cut-entropy4.0.samples5.maxnew1024.seed10086.subtreePrefetch.vllm.log,accept_first,sample-000.block-00,0,0,True,3,3.0
dataset-lcb_v6.model-qwen3.5-4b.alpha4.0.steps10.blocks-1.prefetch-budget-8.rank-accept_first.cut-entropy4.0.samples5.maxnew1024.seed10086.subtreePrefetch.vllm.log,accept_first,sample-000.block-00,0,0,True,4,4.0
dataset-lcb_v6.model-qwen3.5-4b.alpha4.0.steps10.blocks-1.prefetch-budget-8.rank-accept_first.cut-entropy4.0.samples5.maxnew1024.seed10086.subtreePrefetch.vllm.log,accept_first,sample-000.block-00,0,0,True,5,2.5
dataset-lcb_v6.model-qwen3.5-4b.alpha4.0.steps10.blocks-1.prefetch-budget-8.rank-accept_first.cut-entropy4.0.samples5.maxnew1024.seed10086.subtreePrefetch.vllm.log,accept_first,sample-000.block-00,0,0,True,6,3.0
dataset-lcb_v6.model-qwen3.5-4b.alpha4.0.steps10.blocks-1.prefetch-budget-8.rank-accept_first.cut-entropy4.0.samples5.maxnew1024.seed10086.subtreePrefetch.vllm.log,accept_first,sample-000.block-00,0,0,True,7,3.5
dataset-lcb_v6.model-qwen3.5-4b.alpha4.0.steps10.blocks-1.prefetch-budget-8.rank-accept_first.cut-entropy4.0.samples5.maxnew1024.seed10086.subtreePrefetch.vllm.log,accept_first,sample-000.block-00,0,0,True,8,4.0
dataset-lcb_v6.model-qwen3.5-4b.alpha4.0.steps10.blocks-1.prefetch-budget-8.rank-accept_first.cut-entropy4.0.samples5.maxnew1024.seed10086.subtreePrefetch.vllm.log,accept_first,sample-000.block-00,0,0,True,9,4.5
dataset-lcb_v6.model-qwen3.5-4b.alpha4.0.steps10.blocks-1.prefetch-budget-8.rank-accept_first.cut-entropy4.0.samples5.maxnew1024.seed10086.subtreePrefetch.vllm.log,accept_first,sample-000.block-00,0,0,True,10,3.3333333333333335
dataset-lcb_v6.model-qwen3.5-4b.alpha4.0.steps10.blocks-1.prefetch-budget-8.rank-accept_first.cut-entropy4.0.samples5.maxnew1024.seed10086.subtreePrefetch.vllm.log,accept_first,sample-001.block-00,1,0,True,1,1.0
dataset-lcb_v6.model-qwen3.5-4b.alpha4.0.steps10.blocks-1.prefetch-budget-8.rank-accept_first.cut-entropy4.0.samples5.maxnew1024.seed10086.subtreePrefetch.vllm.log,accept_first,sample-001.block-00,1,0,True,2,2.0
dataset-lcb_v6.model-qwen3.5-4b.alpha4.0.steps10.blocks-1.prefetch-budget-8.rank-accept_first.cut-entropy4.0.samples5.maxnew1024.seed10086.subtreePrefetch.vllm.log,accept_first,sample-001.block-00,1,0,True,3,3.0
dataset-lcb_v6.model-qwen3.5-4b.alpha4.0.steps10.blocks-1.prefetch-budget-8.rank-accept_first.cut-entropy4.0.samples5.maxnew1024.seed10086.subtreePrefetch.vllm.log,accept_first,sample-001.block-00,1,0,True,4,2.0
dataset-lcb_v6.model-qwen3.5-4b.alpha4.0.steps10.blocks-1.prefetch-budget-8.rank-accept_first.cut-entropy4.0.samples5.maxnew1024.seed10086.subtreePrefetch.vllm.log,accept_first,sample-001.block-00,1,0,True,5,2.5
dataset-lcb_v6.model-qwen3.5-4b.alpha4.0.steps10.blocks-1.prefetch-budget-8.rank-accept_first.cut-entropy4.0.samples5.maxnew1024.seed10086.subtreePrefetch.vllm.log,accept_first,sample-001.block-00,1,0,True,6,3.0
dataset-lcb_v6.model-qwen3.5-4b.alpha4.0.steps10.blocks-1.prefetch-budget-8.rank-accept_first.cut-entropy4.0.samples5.maxnew1024.seed10086.subtreePrefetch.vllm.log,accept_first,sample-001.block-00,1,0,True,7,3.5
dataset-lcb_v6.model-qwen3.5-4b.alpha4.0.steps10.blocks-1.prefetch-budget-8.rank-accept_first.cut-entropy4.0.samples5.maxnew1024.seed10086.subtreePrefetch.vllm.log,accept_first,sample-001.block-00,1,0,True,8,2.6666666666666665
dataset-lcb_v6.model-qwen3.5-4b.alpha4.0.steps10.blocks-1.prefetch-budget-8.rank-accept_first.cut-entropy4.0.samples5.maxnew1024.seed10086.subtreePrefetch.vllm.log,accept_first,sample-001.block-00,1,0,True,9,3.0
dataset-lcb_v6.model-qwen3.5-4b.alpha4.0.steps10.blocks-1.prefetch-budget-8.rank-accept_first.cut-entropy4.0.samples5.maxnew1024.seed10086.subtreePrefetch.vllm.log,accept_first,sample-001.block-00,1,0,True,10,3.3333333333333335
dataset-lcb_v6.model-qwen3.5-4b.alpha4.0.steps10.blocks-1.prefetch-budget-8.rank-accept_first.cut-entropy4.0.samples5.maxnew1024.seed10086.subtreePrefetch.vllm.log,accept_first,sample-002.block-00,2,0,True,1,1.0
dataset-lcb_v6.model-qwen3.5-4b.alpha4.0.steps10.blocks-1.prefetch-budget-8.rank-accept_first.cut-entropy4.0.samples5.maxnew1024.seed10086.subtreePrefetch.vllm.log,accept_first,sample-002.block-00,2,0,True,2,2.0
dataset-lcb_v6.model-qwen3.5-4b.alpha4.0.steps10.blocks-1.prefetch-budget-8.rank-accept_first.cut-entropy4.0.samples5.maxnew1024.seed10086.subtreePrefetch.vllm.log,accept_first,sample-002.block-00,2,0,True,3,1.5
dataset-lcb_v6.model-qwen3.5-4b.alpha4.0.steps10.blocks-1.prefetch-budget-8.rank-accept_first.cut-entropy4.0.samples5.maxnew1024.seed10086.subtreePrefetch.vllm.log,accept_first,sample-002.block-00,2,0,True,4,1.3333333333333333
dataset-lcb_v6.model-qwen3.5-4b.alpha4.0.steps10.blocks-1.prefetch-budget-8.rank-accept_first.cut-entropy4.0.samples5.maxnew1024.seed10086.subtreePrefetch.vllm.log,accept_first,sample-002.block-00,2,0,True,5,1.6666666666666667
dataset-lcb_v6.model-qwen3.5-4b.alpha4.0.steps10.blocks-1.prefetch-budget-8.rank-accept_first.cut-entropy4.0.samples5.maxnew1024.seed10086.subtreePrefetch.vllm.log,accept_first,sample-002.block-00,2,0,True,6,2.0
dataset-lcb_v6.model-qwen3.5-4b.alpha4.0.steps10.blocks-1.prefetch-budget-8.rank-accept_first.cut-entropy4.0.samples5.maxnew1024.seed10086.subtreePrefetch.vllm.log,accept_first,sample-002.block-00,2,0,True,7,2.3333333333333335
dataset-lcb_v6.model-qwen3.5-4b.alpha4.0.steps10.blocks-1.prefetch-budget-8.rank-accept_first.cut-entropy4.0.samples5.maxnew1024.seed10086.subtreePrefetch.vllm.log,accept_first,sample-002.block-00,2,0,True,8,2.0
dataset-lcb_v6.model-qwen3.5-4b.alpha4.0.steps10.blocks-1.prefetch-budget-8.rank-accept_first.cut-entropy4.0.samples5.maxnew1024.seed10086.subtreePrefetch.vllm.log,accept_first,sample-002.block-00,2,0,True,9,1.8
dataset-lcb_v6.model-qwen3.5-4b.alpha4.0.steps10.blocks-1.prefetch-budget-8.rank-accept_first.cut-entropy4.0.samples5.maxnew1024.seed10086.subtreePrefetch.vllm.log,accept_first,sample-002.block-00,2,0,True,10,2.0
dataset-lcb_v6.model-qwen3.5-4b.alpha4.0.steps10.blocks-1.prefetch-budget-8.rank-accept_first.cut-entropy4.0.samples5.maxnew1024.seed10086.subtreePrefetch.vllm.log,accept_first,sample-003.block-00,3,0,True,1,1.0
dataset-lcb_v6.model-qwen3.5-4b.alpha4.0.steps10.blocks-1.prefetch-budget-8.rank-accept_first.cut-entropy4.0.samples5.maxnew1024.seed10086.subtreePrefetch.vllm.log,accept_first,sample-003.block-00,3,0,True,2,1.0
dataset-lcb_v6.model-qwen3.5-4b.alpha4.0.steps10.blocks-1.prefetch-budget-8.rank-accept_first.cut-entropy4.0.samples5.maxnew1024.seed10086.subtreePrefetch.vllm.log,accept_first,sample-003.block-00,3,0,True,3,1.5
dataset-lcb_v6.model-qwen3.5-4b.alpha4.0.steps10.blocks-1.prefetch-budget-8.rank-accept_first.cut-entropy4.0.samples5.maxnew1024.seed10086.subtreePrefetch.vllm.log,accept_first,sample-003.block-00,3,0,True,4,2.0
dataset-lcb_v6.model-qwen3.5-4b.alpha4.0.steps10.blocks-1.prefetch-budget-8.rank-accept_first.cut-entropy4.0.samples5.maxnew1024.seed10086.subtreePrefetch.vllm.log,accept_first,sample-003.block-00,3,0,True,5,2.5
dataset-lcb_v6.model-qwen3.5-4b.alpha4.0.steps10.blocks-1.prefetch-budget-8.rank-accept_first.cut-entropy4.0.samples5.maxnew1024.seed10086.subtreePrefetch.vllm.log,accept_first,sample-003.block-00,3,0,True,6,2.0
dataset-lcb_v6.model-qwen3.5-4b.alpha4.0.steps10.blocks-1.prefetch-budget-8.rank-accept_first.cut-entropy4.0.samples5.maxnew1024.seed10086.subtreePrefetch.vllm.log,accept_first,sample-003.block-00,3,0,True,7,2.3333333333333335
dataset-lcb_v6.model-qwen3.5-4b.alpha4.0.steps10.blocks-1.prefetch-budget-8.rank-accept_first.cut-entropy4.0.samples5.maxnew1024.seed10086.subtreePrefetch.vllm.log,accept_first,sample-003.block-00,3,0,True,8,2.6666666666666665
dataset-lcb_v6.model-qwen3.5-4b.alpha4.0.steps10.blocks-1.prefetch-budget-8.rank-accept_first.cut-entropy4.0.samples5.maxnew1024.seed10086.subtreePrefetch.vllm.log,accept_first,sample-003.block-00,3,0,True,9,3.0
dataset-lcb_v6.model-qwen3.5-4b.alpha4.0.steps10.blocks-1.prefetch-budget-8.rank-accept_first.cut-entropy4.0.samples5.maxnew1024.seed10086.subtreePrefetch.vllm.log,accept_first,sample-003.block-00,3,0,True,10,2.5
dataset-lcb_v6.model-qwen3.5-4b.alpha4.0.steps10.blocks-1.prefetch-budget-8.rank-accept_first.cut-entropy4.0.samples5.maxnew1024.seed10086.subtreePrefetch.vllm.log,accept_first,sample-004.block-00,4,0,True,1,1.0
dataset-lcb_v6.model-qwen3.5-4b.alpha4.0.steps10.blocks-1.prefetch-budget-8.rank-accept_first.cut-entropy4.0.samples5.maxnew1024.seed10086.subtreePrefetch.vllm.log,accept_first,sample-004.block-00,4,0,True,2,2.0
dataset-lcb_v6.model-qwen3.5-4b.alpha4.0.steps10.blocks-1.prefetch-budget-8.rank-accept_first.cut-entropy4.0.samples5.maxnew1024.seed10086.subtreePrefetch.vllm.log,accept_first,sample-004.block-00,4,0,True,3,3.0
dataset-lcb_v6.model-qwen3.5-4b.alpha4.0.steps10.blocks-1.prefetch-budget-8.rank-accept_first.cut-entropy4.0.samples5.maxnew1024.seed10086.subtreePrefetch.vllm.log,accept_first,sample-004.block-00,4,0,True,4,4.0
dataset-lcb_v6.model-qwen3.5-4b.alpha4.0.steps10.blocks-1.prefetch-budget-8.rank-accept_first.cut-entropy4.0.samples5.maxnew1024.seed10086.subtreePrefetch.vllm.log,accept_first,sample-004.block-00,4,0,True,5,5.0
dataset-lcb_v6.model-qwen3.5-4b.alpha4.0.steps10.blocks-1.prefetch-budget-8.rank-accept_first.cut-entropy4.0.samples5.maxnew1024.seed10086.subtreePrefetch.vllm.log,accept_first,sample-004.block-00,4,0,True,6,3.0
dataset-lcb_v6.model-qwen3.5-4b.alpha4.0.steps10.blocks-1.prefetch-budget-8.rank-accept_first.cut-entropy4.0.samples5.maxnew1024.seed10086.subtreePrefetch.vllm.log,accept_first,sample-004.block-00,4,0,True,7,3.5
dataset-lcb_v6.model-qwen3.5-4b.alpha4.0.steps10.blocks-1.prefetch-budget-8.rank-accept_first.cut-entropy4.0.samples5.maxnew1024.seed10086.subtreePrefetch.vllm.log,accept_first,sample-004.block-00,4,0,True,8,4.0
dataset-lcb_v6.model-qwen3.5-4b.alpha4.0.steps10.blocks-1.prefetch-budget-8.rank-accept_first.cut-entropy4.0.samples5.maxnew1024.seed10086.subtreePrefetch.vllm.log,accept_first,sample-004.block-00,4,0,True,9,4.5
dataset-lcb_v6.model-qwen3.5-4b.alpha4.0.steps10.blocks-1.prefetch-budget-8.rank-accept_first.cut-entropy4.0.samples5.maxnew1024.seed10086.subtreePrefetch.vllm.log,accept_first,sample-004.block-00,4,0,True,10,3.3333333333333335
