method,base_llm,question,correct_answer,pred_answer,completion,prediction,is_correct,justification,alpha,mcmc_steps,prefetch_budget,evict_subtree_cache,rank_fn,cut_dist_type,cut_dist_param,num_blocks,max_new_tokens,init_temperature,temperature_schedule_type,max_model_len,dtype,num_response_tokens,log_likelihood,confidence,acceptance_ratio,total_workload,total_nfe,total_acceptances,peak_gpu_memory_gib,loaded_gpu_memory_gib,peak_llm_generate_gpu_memory_gib,peak_llm_generate_gpu_memory_delta_gib,llm_generate_calls,peak_kv_cache_occupancy,kv_cache_allocated_blocks,kv_cache_evicted_blocks,kv_cache_eviction_rate,prefix_cache_hit_rate,prefix_cache_queried_tokens
subtree_prefetching_MH,Qwen/Qwen3-8B,"Every morning Aya goes for a $9$ -kilometer-long walk and stops at a coffee shop afterwards. When she walks at a constant speed of $s$ kilometers per hour, the walk takes her $4$ hours, including $t$ minutes spent in the coffee shop. When she walks at $s + 2$ kilometers per hour, the walk takes her $2$ hours and $24$ minutes, including $t$ minutes spent in the coffee shop. Suppose Aya walks at $s + \frac{1}{2}$ kilometers per hour. Find the number of minutes the walk takes her, including the $t$ minutes spent in the coffee shop.",204,540," 

Okay, let's try to figure out this problem step by step. So, Aya walks 9 kilometers every morning and stops at a coffee shop. The problem gives us two different scenarios with different walking speeds and total times, including the time spent at the coffee shop. We need to find out how long the walk takes her when she walks at a speed of s + 1/2 km/h, including the coffee shop time.

First, let me parse the problem again. 

When she walks at speed s km/h, the total time (including t minutes at the coffee shop) is 4 hours. When she walks at s + 2 km/h, the total time is 2 hours and 24 minutes, again including t minutes at the coffee shop. We need to find the total time when she walks at s + 1/2 km/h, including the coffee shop time.

Wait, so the total time includes both the walking time and the coffee shop time. So, the total time is walking time plus t minutes. So, if I can figure out t and s, then I can compute the required total time.

Let me denote:

Let me convert all times to hours to make the units consistent, since speed is in km per hour.

First scenario:

Total time: 4 hours. This includes walking time and t minutes. So, walking time is 4 hours minus t minutes. But I need to convert t minutes to hours. So, t minutes is t/60 hours. Therefore, walking time is 4 - t/60 hours.

Similarly, the distance is 9 km. So, walking time is distance divided by speed. Therefore:

Walking time = 9 / s = 4 - t/60.

Similarly, second scenario:

Total time is 2 hours and 24 minutes. Let me convert that to hours. 2 hours is 2, 24 minutes is 24/60 = 0.4 hours. So total time is 2.4 hours. Again, this includes t minutes. So, walking time is 2.4 - t/60 hours.

So, walking time is also equal to 9 / (s + 2). Therefore:

9 / (s + 2) = 2.4 - t/60.

So, now we have two equations:

1) 9/s = 4 - t/60

2) 9/(s + 2) = 2.4 - t/60

So, we have two equations with two variables: s and t. We can solve for s and t.

Let me write them again:

Equation 1: 9/s = 4 - t/60

Equation 2: 9/(s + 2) = 2.4 - t/60

So, if I subtract equation 2 from equation 1, maybe? Or perhaps express t from equation 1 and substitute into equation 2.

Let me try that. Let me solve equation 1 for t.

From equation 1:

t/60 = 4 - 9/s

Multiply both sides by 60:

t = 60*(4 - 9/s) = 240 - 540/s

Similarly, from equation 2:

t/60 = 2.4 - 9/(s + 2)

Multiply both sides by 60:

t = 60*(2.4 - 9/(s + 2)) = 144 - 540/(s + 2)

Therefore, since both expressions equal t, set them equal:

240 - 540/s = 144 - 540/(s + 2)

Let me write that equation:

240 - 540/s = 144 - 540/(s + 2)

Let me subtract 144 from both sides:

240 - 144 - 540/s = -540/(s + 2)

Which is:

96 - 540/s = -540/(s + 2)

Let me rearrange:

96 = 540/s - 540/(s + 2)

Factor out 540:

96 = 540 [1/s - 1/(s + 2)]

Compute the expression in the brackets:

1/s - 1/(s + 2) = [ (s + 2) - s ] / [s(s + 2)] = 2 / [s(s + 2)]

Therefore:

96 = 540 * [2 / (s(s + 2))]

Simplify:

96 = (540 * 2) / [s(s + 2)]

Calculate 540",540,False,"incorrect: got '540', expected '204'",4.0,100,10,False,accept_first,entropy,4.0,1,1024,0.25,const,40960,auto,1024,-0.08216595232490684,-0.16043825008051826,0.34,303,31,34,89.66796875,89.66796875,89.66796875,0.0,32,0.016928265663510134,14081,0,0.0,0.9800743435829404,152266
subtree_prefetching_MH,Qwen/Qwen3-8B,"There exist real numbers $x$ and $y$ , both greater than 1, such that $\log_x(y^x) = \log_y(x^{4y}) = 10.$ Find $xy$ .",25,5," 

Okay, so I need to solve this problem where there are real numbers x and y, both greater than 1, such that log base x of y^x equals log base y of x^{4y} equals 10. And I need to find the product xy. Hmm, let me try to break this down step by step.

First, let me recall some logarithm properties. The logarithm log_b(a) is equal to ln(a)/ln(b), right? Also, there's the power rule: log_b(a^c) = c*log_b(a). Maybe that will come in handy here.

The problem says that both log_x(y^x) and log_y(x^{4y}) equal 10. Let me write down these equations:

1. log_x(y^x) = 10
2. log_y(x^{4y}) = 10

Let me start with the first equation. Using the power rule, log_x(y^x) can be rewritten as x * log_x(y). So equation 1 becomes:

x * log_x(y) = 10.

Similarly, for the second equation, log_y(x^{4y}) can be rewritten as 4y * log_y(x). Therefore, equation 2 becomes:

4y * log_y(x) = 10.

Hmm, so now I have two equations:

1. x * log_x(y) = 10
2. 4y * log_y(x) = 10

I need to find x and y such that both equations are satisfied. Let me think about how to relate these two equations. Maybe I can express log_x(y) in terms of log_y(x) or something like that.

I remember that log_b(a) = 1 / log_a(b). So log_x(y) is equal to 1 / log_y(x). Let me verify that. If I take log_x(y) = c, then x^c = y. Taking log base y of both sides, log_y(x^c) = log_y(y) => c * log_y(x) = 1 => c = 1 / log_y(x). Yes, that's correct. Therefore, log_x(y) = 1 / log_y(x).

So, substituting this into equation 1:

x * [1 / log_y(x)] = 10.

Let me denote log_y(x) as some variable to make it easier. Let me set t = log_y(x). Then equation 1 becomes:

x / t = 10 => x = 10t.

And equation 2 is 4y * t = 10 => 4y * t = 10 => y = 10 / (4t) = 5 / (2t).

So now, I have expressions for x and y in terms of t. Let me write them again:

x = 10t,

y = 5 / (2t).

But also, since t = log_y(x), which is log base y of x. Let me express t in terms of x and y. Remember that log_y(x) = ln(x)/ln(y). But maybe I can use the expressions for x and y in terms of t to find t.

Alternatively, since x = 10t and y = 5/(2t), perhaps I can relate x and y through the definition of t. Since t = log_y(x), which is equal to log_y(10t). Let me write that:

t = log_y(10t).

But y is 5/(2t), so substituting that in:

t = log_{5/(2t)}(10t).

Hmm, this seems a bit complicated, but maybe I can convert this logarithmic equation into exponential form. Remember that log_b(a) = c means that b^c = a. Therefore:

[5/(2t)]^t = 10t.

So, [5/(2t)]^t = 10t.

This equation looks tricky. Let me see if I can manipulate it further. Let me take natural logarithm on both sides to make it easier?

Taking ln of both sides:

ln([5/(2t)]^t) = ln(10t)

Which simplifies to:

t * ln(5/(2t)) = ln(10t)

Let me expand the left side:

t * [ln(5) - ln(2t)] = ln(10t)

Expanding further:

t * [ln(5) - ln(2) - ln(t)] = ln(10) + ln(t)

Let me compute ln(10) as ln(2*5) = ln(2) + ln(5). So:

Left side: t*(ln5 - ln2 - ln t)

Right side: ln2 + ln5 + ln t

Let",5,False,"incorrect: got '5', expected '25'",4.0,100,10,False,accept_first,entropy,4.0,1,1024,0.25,const,40960,auto,1024,-0.08819272490953749,-0.16935770060042724,0.19,232,24,19,89.66796875,89.66796875,89.66796875,0.0,25,0.012063821507329098,8038,0,0.0,0.9864801188879626,137945
subtree_prefetching_MH,Qwen/Qwen3-8B,"Alice and Bob play the following game. A stack of $n$ tokens lies before them. The players take turns with Alice going first. On each turn, the player removes $1$ token or $4$ tokens from the stack. The player who removes the last token wins. Find the number of positive integers $n$ less than or equal to $2024$ such that there is a strategy that guarantees that Bob wins, regardless of Alice’s moves.",809,4," 

Okay, so Alice and Bob are playing this game with a stack of n tokens. They take turns, starting with Alice. On each turn, a player can remove either 1 or 4 tokens. The person who takes the last token wins. The question is asking for how many positive integers n ≤ 2024 are such that Bob can guarantee a win, no matter how Alice plays. 

First, I need to figure out for each n whether it's a winning position or a losing position. A winning position means that the current player can force a win no matter what the opponent does. A losing position is the opposite: no matter what the current player does, the opponent can force a win. 

Since Alice goes first, if n is a losing position, then Bob can win. So the problem is asking for the number of n ≤ 2024 that are losing positions. 

So I need to find all losing positions up to 2024. Let me think about how to model this. 

This seems like a classic combinatorial game theory problem. The standard approach is to use dynamic programming. Let me define an array dp where dp[i] is true if the current player can force a win with i tokens remaining, and false otherwise. 

The base case is dp[0] = false, because if there are 0 tokens, the current player can't make a move and thus loses. 

For i ≥ 1, the current player can take 1 or 4 tokens. So dp[i] is true if either dp[i - 1] is false or dp[i - 4] is false. Wait, no. Wait, if the current player can make a move that leaves the opponent in a losing position, then the current position is a winning position. 

So more precisely, dp[i] = not (dp[i - 1] and dp[i - 4]). Wait, no. Wait, the current player can choose to take 1 or 4 tokens. If either of those moves leads to a position where the opponent cannot win (i.e., dp[i - 1] is false or dp[i - 4] is false), then the current player can force a win. 

So dp[i] is true if either dp[i - 1] is false or dp[i - 4] is false. 

But we have to be careful with the indices. For example, if i is less than 4, then taking 4 tokens is not possible. So for i < 4, the player can only take 1 token. 

So let me formalize this:

For each i ≥ 1:

If i >= 1, then the player can take 1 token, leading to i - 1 tokens. If dp[i - 1] is false, then the current player can win by taking 1 token. 

Similarly, if i >= 4, the player can take 4 tokens, leading to i - 4 tokens. If dp[i - 4] is false, then the current player can win by taking 4 tokens. 

Therefore, dp[i] is true if either (i - 1 is a losing position) or (i - 4 is a losing position). 

So, dp[i] = not (dp[i - 1] and dp[i - 4])? Wait, no. Wait, if either of the moves leads to a losing position for the opponent, then the current position is a winning position. So dp[i] is true if (dp[i - 1] is false) or (dp[i - 4] is false). 

But if i < 4, then the player can't take 4 tokens, so dp[i] is true if dp[i - 1] is false. 

So let me write the recurrence:

dp[0] = False (losing position)

For i ≥ 1:

if i == 1:

dp[1] = not dp[0] (since only possible move is take 1 token, leaving 0 tokens, which is a losing position for the opponent)

Similarly, for i >= 2:

dp[i] = not (dp[i - 1] and (dp[i - 4] if i >= 4 else True)) ?

Wait, maybe it's better to think:

dp[i] is true if there exists a move (either take 1 or take 4) that leads to a losing position for the opponent. 

So:

dp[i] = (not dp[i - 1]) or (if i >= 4 then not dp[i - 4] else False)

Therefore, dp[i] = (not dp[i - 1]) or (i >= 4 and not dp[i - 4])

So, for each i, we check if taking 1 token leaves the opponent in a losing position, or taking 4 tokens (if possible) leaves the opponent in a losing position",4,False,"incorrect: got '4', expected '809'",4.0,100,10,False,accept_first,entropy,4.0,1,1024,0.25,const,40960,auto,1024,-0.11041250281212023,-0.21060145282263054,0.21,281,29,21,89.66796875,89.66796875,89.66796875,0.0,30,0.011901673368789778,9875,340,0.034430379746835445,0.9867766276753906,178245
subtree_prefetching_MH,Qwen/Qwen3-8B,"Jen enters a lottery by selecting $4$ distinct elements of $S=\{1,2,3,\cdots,9,10\}.$ Then four elements of $S$ are drawn at random. Jen wins a prize if at least two of her numbers were drawn, and wins the grand prize if all four of her numbers are drawn. The probability that Jen wins the grand prize given that Jen wins a prize is $\tfrac{m}{n}$ where $m$ and $n$ are relatively prime positive integers. Find $m+n$ .",116,0," 

Okay, so Jen is entering a lottery where she picks 4 distinct numbers from the set S = {1, 2, 3, ..., 9, 10}. Then, four numbers are drawn at random from S. She wins a prize if at least two of her numbers are drawn, and the grand prize if all four of her numbers are drawn. The question is asking for the probability that she wins the grand prize given that she wins a prize. Then, we need to express this probability as a reduced fraction m/n and find m + n.

Alright, so this is a conditional probability problem. The formula for conditional probability is P(A|B) = P(A ∩ B) / P(B). In this case, event A is ""Jen wins the grand prize"" (i.e., all four of her numbers are drawn), and event B is ""Jen wins a prize"" (i.e., at least two of her numbers are drawn). Therefore, the probability we need is P(A|B) = P(A) / P(B), since if she wins the grand prize, she automatically has at least two numbers drawn. So, the intersection of A and B is just A.

So, first, I need to compute P(A), the probability that all four of her numbers are drawn. Then compute P(B), the probability that at least two of her numbers are drawn. Then divide them and simplify the fraction.

Let me recall that the total number of ways to choose 4 numbers from 10 is C(10, 4). So, the denominator for all probabilities will be C(10, 4). Let me compute that first. C(10, 4) is 10! / (4! * 6!) = (10 * 9 * 8 * 7) / (4 * 3 * 2 * 1) = 210. So, total possible combinations are 210.

Now, P(A) is the probability that all four numbers are drawn. Since Jen has selected 4 numbers, and the lottery draws 4 numbers. So, there's only one combination that matches all four numbers. Therefore, P(A) = 1 / C(10, 4) = 1 / 210.

Wait, but hold on. Wait, actually, Jen has selected a specific set of 4 numbers. So, the probability that the lottery draws exactly those four numbers is 1 / C(10, 4). So yes, that's correct. So P(A) = 1/210.

Now, P(B) is the probability that at least two of her numbers are drawn. To compute this, it's easier to compute 1 - P(less than two numbers drawn). That is, 1 - [P(0 numbers drawn) + P(1 number drawn)].

So, let me compute P(0 numbers drawn). That is, the lottery draws all four numbers from the remaining numbers not chosen by Jen. Since Jen has chosen 4 numbers, there are 10 - 4 = 6 numbers not chosen. So, the number of ways to choose 4 numbers from these 6 is C(6, 4). Therefore, P(0) = C(6, 4)/C(10, 4).

Similarly, P(1 number drawn) is the number of ways to choose 1 number from Jen's 4 numbers and 3 numbers from the remaining 6. So, that's C(4, 1) * C(6, 3). Therefore, P(1) = [C(4, 1) * C(6, 3)] / C(10, 4).

Therefore, P(B) = 1 - [C(6, 4) + C(4, 1)*C(6, 3)] / C(10, 4).

Let me compute these values step by step.

First, compute C(6, 4). C(6, 4) is equal to C(6, 2) = (6*5)/2 = 15.

Then, C(4, 1) is 4. C(6, 3) is 20. So, C(4, 1)*C(6, 3) = 4 * 20 = 80.

Therefore, the numerator for P(B) is 1 - (15 + 80)/210 = 1 - 95/210 = (210 - 95)/210 = 115/210.

Wait, so P(B) is 115/210? Let me check that again.

Wait, total combinations are 210. The number of combinations with 0 numbers",0,False,"incorrect: got '0', expected '116'",4.0,100,10,False,accept_first,entropy,4.0,1,1024,0.25,const,40960,auto,1024,-0.0833147803343938,-0.16188765512841635,0.39,261,27,39,89.66796875,89.66796875,89.66796875,0.0,28,0.013750162148138512,9592,9330,0.9726855713094246,0.9848326702969648,167663
subtree_prefetching_MH,Qwen/Qwen3-8B,"Rectangle $ABCD$ has dimensions $AB = 107$ and $BC = 16$ , and rectangle $EFGH$ has dimensions $EF = 184$ and $FG = 17$ . Points $D$ , $E$ , $C$ , and $F$ lie on line $DF$ in that order, and $A$ and $H$ lie on opposite sides of line $DF$ , as shown. Points $A$ , $D$ , $H$ , and $G$ lie on a common circle. Find $CE$ . [asy] import graph; unitsize(0.1cm);  pair A = (0,0);pair B = (70,0);pair C = (70,16);pair D = (0,16);pair E = (3,16);pair F = (90,16);pair G = (90,33);pair H = (3,33); dot(A^^B^^C^^D^^E^^F^^G^^H); label(""$A$"", A, S);label(""$B$"", B, S);label(""$C$"", C, N);label(""$D$"", D, N);label(""$E$"", E, S);label(""$F$"", F, S);label(""$G$"", G, N);label(""$H$"", H, N); draw(E--D--A--B--C--E--H--G--F--C); [/asy]",104,16," 

Okay, let me try to figure out this problem. So, there are two rectangles, ABCD and EFGH. The first rectangle has AB = 107 and BC = 16. The second one has EF = 184 and FG = 17. Points D, E, C, F are on line DF in that order, and A and H are on opposite sides of DF. Also, points A, D, H, G lie on a common circle. We need to find CE.

First, let me visualize the diagram. From the Asymptote code, it seems like ABCD is a rectangle with AB = 107 (horizontal side) and BC = 16 (vertical side). So, if I imagine coordinates, maybe A is at (0,0), B at (107,0), C at (107,16), D at (0,16). But wait, the Asymptote code in the problem has different coordinates? Wait, the Asymptote code given is just an example, maybe not to scale? Because in the Asymptote code, AB is 70, but the problem says AB is 107. So maybe the Asymptote code is just for illustration. So I shouldn't rely on the coordinates in the Asymptote code but rather the problem's given lengths.

So, rectangle ABCD: AB = 107, BC = 16. So AB is the base, BC is the height. So ABCD is a rectangle with length 107 and width 16. Similarly, rectangle EFGH has EF = 184 and FG = 17. So EF is the base, FG is the height. So EFGH is a rectangle with length 184 and width 17.

Now, points D, E, C, F lie on line DF in that order. So line DF passes through D, then E, then C, then F. So D is one point, then E is somewhere along DF, then C, then F. Also, A and H are on opposite sides of DF. So if DF is a line, then A is on one side, H is on the other. Also, points A, D, H, G lie on a common circle. So these four points are concyclic.

We need to find CE. So CE is the distance from C to E along DF? Wait, since D, E, C, F are on DF in order, so CE is the segment from C to E? Wait, but since D-E-C-F are on DF, then E is between D and C? Wait, the order is D, E, C, F. So D is first, then E, then C, then F. So the order along DF is D --- E --- C --- F. Therefore, CE is the distance from C to E? Wait, but if E is between D and C, then CE would be the distance from C to E, which is the same as DC minus DE? Wait, DC is a side of rectangle ABCD. Wait, DC is equal to AB, which is 107? Wait, ABCD is a rectangle, so AB = CD = 107, and BC = AD = 16. So DC is 107. So if E is between D and C, then DE + EC = DC = 107. Therefore, CE = DC - DE = 107 - DE. But we need to find CE. So if we can find DE, then we can find CE. Alternatively, maybe we can find coordinates?

Alternatively, since points A, D, H, G lie on a circle, maybe we can use cyclic quadrilateral properties. Also, since A and H are on opposite sides of DF, and D and E and C and F are on DF, maybe we can assign coordinates to these points and use coordinate geometry?

Let me try coordinate geometry. Let me set up coordinates. Let me assume that line DF is the x-axis for simplicity. Wait, but since A and H are on opposite sides of DF, then DF is a line, and A is on one side, H on the other. Let me set DF as the x-axis. Let me assign coordinates such that DF is the x-axis. Let me denote coordinates for points D, E, C, F on the x-axis.

Let me denote D as (d, 0), E as (e, 0), C as (c, 0), F as (f, 0). But given that D, E, C, F are in order on DF, so d < e < c < f. Also, since ABCD is a rectangle, with AB = 107 and BC = 16. So if D is at (d, ",16,False,"incorrect: got '16', expected '104'",4.0,100,10,False,accept_first,entropy,4.0,1,1024,0.25,const,40960,auto,1024,-0.14888075593152422,-0.2835006419905604,0.27,260,26,27,89.66796875,89.66796875,89.66796875,0.0,27,0.012582695550655054,9536,9275,0.972630033557047,0.9873158361395304,217673
subtree_prefetching_MH,Qwen/Qwen3-8B,"Consider the paths of length $16$ that follow the lines from the lower left corner to the upper right corner on an $8\times 8$ grid. Find the number of such paths that change direction exactly four times, as in the examples shown below. [asy] size(7.5cm); usepackage(""tikz"");label(""\begin{tikzpicture}[scale=.4]\draw(0,0)grid(8,8);\draw[line width=2,red](0,0)--(2,0)--(2,3)--(5,3)--(5,8)--(8,8);\end{tikzpicture}"",origin); label(""\begin{tikzpicture}[scale=.4]\draw(0,0)grid(8,8);\draw[line width=2,red](0,0)--(0,3)--(3,3)--(3,5)--(8,5)--(8,8);\end{tikzpicture}"",E); [/asy]",294,15," 

Okay, so I need to find the number of paths of length 16 on an 8x8 grid that change direction exactly four times. Let me try to understand the problem first.

First, an 8x8 grid. Wait, when they say paths from the lower left corner to the upper right corner, that would be moving from (0,0) to (8,8), right? Because each grid line is 1 unit, so moving from one corner to the opposite would require moving 8 units right and 8 units up. So the total number of steps would be 16 steps: 8 right (R) and 8 up (U). So each path is a sequence of 16 moves, with exactly 8 R and 8 U.

But the problem says ""paths of length 16 that follow the lines from the lower left corner to the upper right corner"". So that's consistent with moving from (0,0) to (8,8) with 16 steps. Now, the paths change direction exactly four times. So, how does changing direction work here?

In the Asymptote examples, they show two paths. The first one goes right, right, up, up, up, right, right, right, up, up, up, up, up, up, up, up? Wait, no. Let me check the Asymptote code. The first path is (0,0) to (2,0) to (2,3) to (5,3) to (5,8) to (8,8). So that's moving right 2 units, then up 3 units, then right 3 units, then up 5 units. Wait, but the total steps would be 2 right, then 3 up, then 3 right, then 5 up. Wait, but the total right steps would be 2 + 3 = 5? But we need 8 right steps. Wait, maybe the grid is 8x8 squares, so the coordinates go from (0,0) to (8,8), so moving from (0,0) to (8,8) requires 8 right and 8 up moves. So the path in the Asymptote code is: starting at (0,0), moving right to (2,0) (so 2 right steps), then up to (2,3) (3 up steps), then right to (5,3) (3 right steps), then up to (5,8) (5 up steps), then right to (8,8) (3 right steps). Wait, but 2 + 3 + 3 + 5 + 3? Wait, no, the total right steps would be 2 + 3 + 3 = 8? Wait, 2 right, then 3 right, then 3 right? Wait, no. Wait, the path is (0,0) to (2,0): that's 2 right steps. Then from (2,0) to (2,3): that's 3 up steps. Then from (2,3) to (5,3): that's 3 right steps. Then from (5,3) to (5,8): that's 5 up steps. Then from (5,8) to (8,8): that's 3 right steps. So total right steps: 2 + 3 + 3 = 8? Wait, 2 + 3 + 3 is 8? 2 + 3 is 5, plus 3 is 8. Yes. And up steps: 3 + 5 = 8. So that's correct. So the path has direction changes: starting with right, then up, then right, then up, then right. So that's four direction changes? Wait, starting direction is right. Then first change is up (1st change), then right (2nd change), then up (3rd change), then right (4th change). So four direction changes. Similarly, the other example: starting with up, then right, then up, then right. So four direction changes. So the problem is to count all such paths that have exactly four direction changes.

So, how do we model this? Let me think.

First, a path from (0,0) to (8,8) with 8 R and 8 U steps. The number of direction changes is the number of times the direction switches from R to U or U to R. So, for example, a path that goes all R then all U would have only 1 direction change. Similarly, a path that alternates R and U would have 15 direction changes. But we need exactly four direction changes.

So, how can we model paths with exactly four direction changes?

Let me think. Each direction change corresponds to",15,False,"incorrect: got '15', expected '294'",4.0,100,10,False,accept_first,entropy,4.0,1,1024,0.25,const,40960,auto,1024,-0.1472774561877867,-0.2904836816221631,0.18,243,26,18,89.66796875,89.66796875,89.66796875,0.0,27,0.01670125826955504,9968,9724,0.9755216693418941,0.9850017782029113,163086
subtree_prefetching_MH,Qwen/Qwen3-8B,Find the largest possible real part of \[(75+117i)z+\frac{96+144i}{z}\] where $z$ is a complex number with $|z|=4$ . Here $i = \sqrt{-1}$ .,540,36," 

Okay, so I need to find the largest possible real part of the expression $(75 + 117i)z + \frac{96 + 144i}{z}$ where $z$ is a complex number with $|z| = 4$. Hmm, let me think about how to approach this.

First, since $z$ is a complex number with modulus 4, I can represent it in polar form. Let me recall that any complex number $z$ with $|z| = r$ can be written as $z = r e^{i\theta}$, where $\theta$ is the argument of $z$. In this case, $r = 4$, so $z = 4 e^{i\theta}$. 

But maybe it's easier to write $z$ in terms of real and imaginary parts? Let me see. Alternatively, since we have $1/z$, maybe using polar form is better because $1/z$ would have modulus $1/4$ and argument $-\theta$. Let me try that.

Let me denote $z = 4 e^{i\theta}$. Then $1/z = \frac{1}{4} e^{-i\theta}$. So substituting into the expression:

$$
(75 + 117i)z + \frac{96 + 144i}{z} = (75 + 117i) \cdot 4 e^{i\theta} + (96 + 144i) \cdot \frac{1}{4} e^{-i\theta}
$$

Let me compute each term separately. First term: $(75 + 117i) \cdot 4 e^{i\theta}$. Let me compute the scalar multiplication first:

$ (75 + 117i) \cdot 4 = 300 + 468i $. So the first term is $ (300 + 468i) e^{i\theta} $.

Second term: $ (96 + 144i) \cdot \frac{1}{4} = 24 + 36i $. So the second term is $ (24 + 36i) e^{-i\theta} $.

Therefore, the entire expression becomes:

$$
(300 + 468i) e^{i\theta} + (24 + 36i) e^{-i\theta}
$$

Now, I need to find the real part of this expression and then maximize it with respect to $\theta$.

Let me recall that $ e^{i\theta} = \cos\theta + i\sin\theta $, and $ e^{-i\theta} = \cos\theta - i\sin\theta $. So let me expand both terms.

First term: $ (300 + 468i)(\cos\theta + i\sin\theta) $

Let me compute that:

Multiply out:

$ 300 \cos\theta + 300 i \sin\theta + 468i \cos\theta + 468i^2 \sin\theta $

Simplify:

$ 300 \cos\theta + 300 i \sin\theta + 468i \cos\theta - 468 \sin\theta $

Combine real and imaginary parts:

Real part: $ 300 \cos\theta - 468 \sin\theta $

Imaginary part: $ (300 \sin\theta + 468 \cos\theta) i $

Second term: $ (24 + 36i)(\cos\theta - i\sin\theta) $

Multiply out:

$ 24 \cos\theta - 24 i \sin\theta + 36i \cos\theta - 36i^2 \sin\theta $

Simplify:

$ 24 \cos\theta - 24 i \sin\theta + 36i \cos\theta + 36 \sin\theta $

Combine real and imaginary parts:

Real part: $ 24 \cos\theta + 36 \sin\theta $

Imaginary part: $ (-24 \sin\theta + 36 \cos\theta) i $

Now, adding both terms together:

Total real part: $ [300 \cos\theta - 468 \sin\theta] + [24 \cos\theta + 36 \sin\theta] $

Total imaginary part: $ [300 \sin\theta + 468 \cos\theta] i + [ -24 \sin\theta + 36 \cos\theta ] i $

",36,False,"incorrect: got '36', expected '540'",4.0,100,10,False,accept_first,entropy,4.0,1,1024,0.25,const,40960,auto,1024,-0.05072186904546672,-0.09873488051243336,0.24,312,32,24,89.66796875,89.66796875,89.66796875,0.0,33,0.01754442858995975,13710,13397,0.9771699489423779,0.9801017469097673,144083
subtree_prefetching_MH,Qwen/Qwen3-8B,"Eight circles of radius $34$ can be placed tangent to $\overline{BC}$ of $\triangle ABC$ so that the circles are sequentially tangent to each other, with the first circle being tangent to $\overline{AB}$ and the last circle being tangent to $\overline{AC}$ , as shown. Similarly, $2024$ circles of radius $1$ can be placed tangent to $\overline{BC}$ in the same manner. The inradius of $\triangle ABC$ can be expressed as $\frac{m}{n}$ , where $m$ and $n$ are relatively prime positive integers. Find $m+n$ . [asy] /* Made by Mathemagician108 */ pair A = (2,1); pair B = (0,0); pair C = (3,0); dot(A^^B^^C); label(""$A$"", A, N); label(""$B$"", B, S); label(""$C$"", C, S); draw(A--B--C--cycle); for(real i=0.62; i<2.7; i+=0.29){ draw(circle((i,0.145), 0.145)); } [/asy]",197,2," 

Okay, so I need to find the inradius of triangle ABC given some information about circles tangent to side BC. Let me try to parse the problem again.

First, there are two scenarios mentioned. In the first case, eight circles of radius 34 are placed tangent to BC, with each circle sequentially tangent to the next, the first tangent to AB, and the last tangent to AC. Similarly, 2024 circles of radius 1 can be placed in the same way. The inradius of triangle ABC is to be found as a reduced fraction m/n, and then compute m + n.

Hmm. So maybe there's a relationship between the number of circles, their radii, and the inradius? Let me think.

I remember that when circles are tangent to a side of a triangle and also tangent to each other, their centers lie along a line parallel to the side? Or maybe not? Wait, if they are tangent to BC and also tangent to each other, their centers must lie along a line parallel to BC? Because each circle is tangent to BC, so their centers are at a distance equal to their radius from BC. Since they are all tangent to BC, their centers lie on a line parallel to BC at height equal to the radius. But since they are also tangent to each other, the distance between centers should be twice the radius? Wait, no. If two circles are tangent to each other, the distance between their centers is twice the radius if they have the same radius. But in this case, all circles have the same radius, right? The first case has eight circles of radius 34, and the second case has 2024 circles of radius 1. So all circles in each case have the same radius, but different numbers of circles.

So, if we have multiple circles of radius r tangent to BC and tangent to each other, their centers lie along a line parallel to BC, at height r above BC. The distance between centers of adjacent circles would be 2r, since they are tangent. But how does this relate to the triangle?

Wait, but the first circle is tangent to AB, and the last is tangent to AC. So the line of centers is not just parallel to BC, but also has to be tangent to AB and AC. So maybe the triangle has some specific proportions?

Let me try to visualize. Let me consider the first case with eight circles of radius 34. The centers of these circles lie along a line parallel to BC, at height 34. The first circle is tangent to AB, so the distance from the center of the first circle to AB is 34. Similarly, the last circle is tangent to AC, so the distance from its center to AC is 34. The centers are spaced 2*34 apart along the line parallel to BC. Since there are eight circles, the total length of the line segment between the first and last centers is (8 - 1)*2*34 = 7*68 = 476. But how does this relate to the triangle?

Alternatively, maybe I need to think about the distance between AB and AC? Wait, the line of centers is parallel to BC, so the distance between AB and this line is equal to the distance from AB to BC minus the distance from the line to BC. Wait, the distance from AB to BC is the height of the triangle from A to BC. Let me denote h as the height from A to BC. Then the distance from AB to the line of centers (which is at height r from BC) would be h - r. Similarly, the distance from AC to the line of centers is also h - r? Wait, no. Wait, the line of centers is parallel to BC, so the distance from AB to the line of centers would depend on where AB is. Wait, maybe I need to think in terms of coordinates.

Let me try to set up coordinates. Let me place BC on the x-axis, with B at (0, 0) and C at (c, 0). Let A be at some point (d, h), where h is the height of the triangle. Then AB is the line from (d, h) to (0, 0), and AC is from (d, h) to (c, 0). The line of centers of the circles is at height r above BC, so y = r. The first circle is tangent to AB, so the distance from the center of the first circle to AB is equal to r. Similarly, the last circle is tangent to AC, so the distance from its center to AC is equal to r.

But the centers of the circles lie along the line y = r. Let me denote the centers as points (x1, r), (x2, r), ..., (xn, r), where n is the number of circles. The distance between consecutive centers is 2r, since they are tangent to each",2,False,"incorrect: got '2', expected '197'",4.0,100,10,False,accept_first,entropy,4.0,1,1024,0.25,const,40960,auto,1024,-0.16314495081422176,-0.3209659262630365,0.08,273,28,8,89.66796875,89.66796875,89.66796875,0.0,29,0.01384745103126217,10755,10481,0.9745234774523478,0.9857099788965933,199020
subtree_prefetching_MH,Qwen/Qwen3-8B,"Let $A$ , $B$ , $C$ , $D$ be points on the hyperbola $\tfrac{x^2}{20}-\tfrac{y^2}{24}=1$ such that $ABCD$ is a rhombus whose diagonals intersect at the origin. Find the largest number less than $BD^2$ for all rhombuses $ABCD$ .",480,0," 

Okay, so I need to find the largest number less than BD² for all rhombuses ABCD on the hyperbola x²/20 - y²/24 = 1. The rhombus has diagonals intersecting at the origin. Hmm, let me think step by step.

First, let me recall some properties of rhombuses. In a rhombus, all sides are equal, and the diagonals bisect each other at right angles? Wait, no, actually, the diagonals bisect each other and bisect the angles, but they aren't necessarily perpendicular unless it's a square. Wait, no, actually, in a rhombus, the diagonals are not necessarily perpendicular? Wait, no, actually, in a rhombus, the diagonals are perpendicular. Yes, that's a key property. So the diagonals intersect at 90 degrees and bisect each other. Also, since the diagonals intersect at the origin, which is the center of the hyperbola. So the origin is the midpoint of both diagonals AC and BD.

So, if ABCD is a rhombus with diagonals intersecting at the origin, then the coordinates of the points can be represented in terms of vectors. Let me think. Let me denote the diagonals as AC and BD. Since the diagonals bisect each other, the midpoint of AC is the origin, so if point A is (a, b), then point C would be (-a, -b). Similarly, if point B is (c, d), then point D would be (-c, -d). 

So the four points are A(a, b), C(-a, -b), B(c, d), D(-c, -d). Since ABCD is a rhombus, all sides are equal. Let me check the distances. AB should equal BC, etc. But maybe there's a better way to approach this.

Alternatively, since the diagonals of a rhombus are perpendicular, the vectors AC and BD should be perpendicular. Wait, but AC is from A to C, which is (-2a, -2b), and BD is from B to D, which is (-2c, -2d). Wait, but the diagonals are AC and BD. The vectors for the diagonals would be AC = C - A = (-a - a, -b - b) = (-2a, -2b), and BD = D - B = (-c - c, -d - d) = (-2c, -2d). For the diagonals to be perpendicular, their dot product should be zero. So AC · BD = (-2a)(-2c) + (-2b)(-2d) = 4ac + 4bd = 0. Therefore, ac + bd = 0. So that's one condition.

Additionally, since points A, B, C, D lie on the hyperbola x²/20 - y²/24 = 1. So for point A(a, b): a²/20 - b²/24 = 1. Similarly for point B(c, d): c²/20 - d²/24 = 1. 

Now, since ABCD is a rhombus, the lengths of the sides must be equal. Let me check AB² = BC². Let me compute AB². AB is from A(a, b) to B(c, d): (c - a)² + (d - b)². BC is from B(c, d) to C(-a, -b): (-a - c)² + (-b - d)² = (- (a + c))² + (- (b + d))² = (a + c)² + (b + d)². So AB² = (c - a)² + (d - b)², BC² = (a + c)² + (b + d)². For AB² = BC²:

(c - a)² + (d - b)² = (a + c)² + (b + d)².

Expanding both sides:

Left side: c² - 2ac + a² + d² - 2bd + b².

Right side: a² + 2ac + c² + b² + 2bd + d².

Subtracting left side from right side:

(a² + 2ac + c² + b² + 2bd + d²) - (a² - 2ac + c² + b² - 2bd + d²) = 4ac + 4bd.

So setting AB² = BC² implies 4ac + 4bd = 0, which is the same as ac + bd = 0, which we already had from the diagonals being perpendicular. Therefore,",0,False,"incorrect: got '0', expected '480'",4.0,100,10,False,accept_first,entropy,4.0,1,1024,0.25,const,40960,auto,1024,-0.10280833017673882,-0.18540567835942878,0.18,275,28,18,89.66796875,89.66796875,89.66796875,0.0,29,0.014236606563756693,11641,11365,0.9762906966755434,0.9843860546242916,142757
subtree_prefetching_MH,Qwen/Qwen3-8B,"Let $\triangle ABC$ have side lengths $AB=5$ , $BC=9$ , $CA=10$ . The tangents to circumcircle of $\triangle ABC$ at $B$ and $C$ intersect at point $D$ , and $\overline{AD}$ intersects the circumcircle at $P \neq A$ . The length of $AP$ is equal to $\frac{m}{n}$ , where $m$ and $n$ are relatively prime integers. Find $m + n$ .",113,3," 

Okay, so I need to find the length of AP in triangle ABC with sides AB=5, BC=9, CA=10. The tangents at B and C to the circumcircle meet at D, and AD intersects the circumcircle again at P. Then AP is m/n, and I need m + n. Alright, let me start by recalling some concepts.

First, since D is the intersection of the tangents at B and C, D lies on the symmedian of triangle ABC. Also, the point D is called the exsymmedian point or something like that? Maybe not. Alternatively, since tangents from D to the circumcircle meet at B and C, so DB and DC are tangents. Therefore, by the power of a point, DB² = DC² = DA * DP? Wait, no. Wait, power of point D with respect to the circumcircle of ABC is DB² = DC² = DP * DA. Because D lies outside the circle, and AD is a secant line passing through A and P. So power of D: DB² = DA * DP. So that might be useful.

But maybe I need coordinates or some other relations. Alternatively, maybe using harmonic division or pole-polar concepts. Alternatively, maybe using Ceva or Menelaus. Alternatively, maybe using coordinates or trigonometry.

Alternatively, maybe using the fact that D lies on the symmedian. Let me recall that the tangents from D to the circumcircle of ABC meet at B and C. Therefore, D lies on the symmedian of angle A? Wait, the symmedian is the reflection of the median over the angle bisector. Alternatively, the tangents from D to the circumcircle... Hmm.

Alternatively, maybe using coordinates. Let me try coordinate geometry. Let me assign coordinates to triangle ABC. Let me place BC on the x-axis for simplicity. Let me let B be at (0, 0), C at (9, 0). Then A is somewhere in the plane. Given AB=5, AC=10, BC=9. Let me find coordinates of A.

Let me denote coordinates of A as (x, y). Then distance from A to B is 5: √(x² + y²) = 5, so x² + y² = 25. Distance from A to C is 10: √((x - 9)² + y²) = 10, so (x - 9)² + y² = 100. Subtract the first equation from the second: (x - 9)² + y² - x² - y² = 100 - 25 => x² - 18x + 81 - x² = 75 => -18x + 81 = 75 => -18x = -6 => x = 6/18 = 1/3. So x = 1/3. Then from x² + y² = 25, we have (1/3)² + y² = 25 => 1/9 + y² = 25 => y² = 25 - 1/9 = 225/9 - 1/9 = 224/9 => y = ±√(224)/3 = ±(4√14)/3. Let me assume y is positive, so A is at (1/3, 4√14/3). Okay.

So coordinates:

B: (0, 0)

C: (9, 0)

A: (1/3, 4√14/3)

Now, need to find the tangents at B and C to the circumcircle of ABC. Then find their intersection D. Then find AD, find where it meets the circumcircle again at P, then compute AP.

First, let me find the equation of the circumcircle of ABC. Since I have coordinates for A, B, C, maybe I can find its equation.

General equation of a circle: x² + y² + Dx + Ey + F = 0. Plugging in points:

For B (0,0): 0 + 0 + 0 + 0 + F = 0 => F = 0.

For C (9, 0): 81 + 0 + 9D + 0 + 0 = 0 => 9D = -81 => D = -9.

For A (1/3, 4√14/3): (1/3)² + (4√14/3)^2 + D*(1/3) + E*(4√14/3) + F = 0.

Compute:

(1/9) + (16*14)/9 + (-9)*(1/3) +",3,False,"incorrect: got '3', expected '113'",4.0,100,10,False,accept_first,entropy,4.0,1,1024,0.25,const,40960,auto,1024,-0.10379037291486728,-0.19759356248506557,0.17,297,30,17,89.66796875,89.66796875,89.66796875,0.0,31,0.014982488001037741,13150,12852,0.9773384030418251,0.9812482918147094,150013
subtree_prefetching_MH,Qwen/Qwen3-8B,"Each vertex of a regular octagon is independently colored either red or blue with equal probability. The probability that the octagon can then be rotated so that all of the blue vertices end up at positions where there had been red vertices is $\tfrac{m}{n}$ , where $m$ and $n$ are relatively prime positive integers. Find $m+n$ .",371,0," 

Okay, so I need to find the probability that a randomly colored regular octagon (with each vertex colored red or blue independently with 50% chance each) can be rotated so that all blue vertices end up where there were originally red vertices. Then express that probability as a reduced fraction m/n and find m + n. Alright, let's break this down.

First, let me understand the problem. We have a regular octagon, which has 8 vertices. Each vertex is colored red or blue, each color with probability 1/2. We need to compute the probability that there exists some rotation of the octagon such that after rotation, all blue vertices are in positions that were originally red. 

So, in other words, if we rotate the octagon by some number of positions (since it's regular, rotations by multiples of 45 degrees, which correspond to shifting by 1, 2, ..., 7 positions), then after such a rotation, every blue vertex is now in a position that was red before the rotation. 

Alternatively, this means that the set of blue vertices is a subset of the red vertices after some rotation. Wait, but since the colors are fixed, and we are rotating the octagon, maybe it's equivalent to saying that the blue vertices can be rotated to a set of positions that were originally red. 

But since the colors are fixed, maybe we need to think about the blue vertices being a subset of the red vertices under some rotation. Wait, but the problem says ""all of the blue vertices end up at positions where there had been red vertices"". So, if we rotate the octagon, then the blue vertices (which are fixed in their original positions) are moved to new positions. The requirement is that all those new positions were originally red. 

So, in other words, if we consider the original coloring, there exists a rotation such that every blue vertex, when rotated, lands on a red vertex. 

Alternatively, if we think of the coloring as a set of blue vertices, then there exists a rotation such that the blue vertices are a subset of the red vertices after the rotation. But since the rotation is applied to the octagon, which is a symmetry, maybe it's equivalent to saying that the set of blue vertices is a subset of the red vertices under some rotation. 

But how do we model this? Let me think. Let me consider that the octagon has 8 positions. Let me denote the positions as 0, 1, 2, 3, 4, 5, 6, 7. Each position is colored red or blue. Let me denote the set of blue vertices as B, which is a subset of {0,1,2,3,4,5,6,7}. The problem is asking for the probability that there exists a rotation (i.e., a shift by k positions, where k is 0,1,...,7) such that B is contained in the complement of B shifted by k. Wait, no. Wait, if we rotate the octagon by k positions, then each vertex i moves to position (i + k) mod 8. So, the blue vertices after rotation would be the set { (i + k) mod 8 | i ∈ B }. The requirement is that all these positions were originally red. So, for each blue vertex i, after rotating by k, the position (i + k) mod 8 was originally red. Therefore, the set { (i + k) mod 8 | i ∈ B } must be a subset of the red vertices. 

But since the red vertices are the complement of B, that is, {0,1,2,3,4,5,6,7} \ B. Therefore, the condition is that { (i + k) mod 8 | i ∈ B } ⊆ {0,1,2,3,4,5,6,7} \ B. 

Alternatively, this is equivalent to saying that B is a subset of the complement of { (i + k) mod 8 | i ∈ B }, which is the same as saying that B ∩ { (i + k) mod 8 | i ∈ B } = ∅. 

Wait, but { (i + k) mod 8 | i ∈ B } is the image of B under rotation by k. So, the condition is that B and its rotated image are disjoint. 

Therefore, the problem reduces to: what is the probability that there exists a rotation k (including identity rotation, k=0) such that B ∩ (B + k) = ∅, where B + k is the set { (i + k) mod 8 | i ∈ B }.

But note that when k=0, B + 0 = B, so B ∩ B = B. Therefore, the only way this is disjoint is if B is empty. But since the problem says """,0,False,"incorrect: got '0', expected '371'",4.0,100,10,False,accept_first,entropy,4.0,1,1024,0.25,const,40960,auto,1024,-0.19560294628647754,-0.3706590835520833,0.25,266,27,25,89.66796875,89.66796875,89.66796875,0.0,28,0.014885199117914083,10280,10013,0.9740272373540856,0.9839563623738975,149779
subtree_prefetching_MH,Qwen/Qwen3-8B,Define $f(x)=|| x|-\tfrac{1}{2}|$ and $g(x)=|| x|-\tfrac{1}{4}|$ . Find the number of intersections of the graphs of $y=4g(f(\sin (2 \pi x)))$ and $x=4g(f(\cos (3 \pi y)))$ .,385,0," 

Okay, so I need to find the number of intersections between the graphs of y = 4g(f(sin(2πx))) and x = 4g(f(cos(3πy))). Hmm, that sounds complicated, but maybe I can break it down step by step.

First, let me recall what f(x) and g(x) are. The problem defines f(x) = ||x| - 1/2| and g(x) = ||x| - 1/4|. So both f and g are absolute value functions with some transformations. Maybe I should first understand the shapes of these functions to see how they behave.

Starting with f(x) = ||x| - 1/2|. Let me think about how this function looks. The inner absolute value |x| is a V-shape with vertex at (0,0). Then subtracting 1/2 shifts it down by 1/2, so the vertex is at (0, -1/2). Then taking the absolute value again would reflect any negative parts back up. So let me sketch this mentally.

For x ≥ 0, |x| = x, so f(x) = |x - 1/2|. That's a V-shape with vertex at (1/2, 0). Similarly, for x < 0, |x| = -x, so f(x) = |-x - 1/2| = | - (x + 1/2)| = |x + 1/2|. Wait, no. Wait, if x is negative, then |x| = -x, so f(x) = | -x - 1/2 | = | - (x + 1/2) | = |x + 1/2|. So for x < 0, it's |x + 1/2|. So the graph of f(x) is a V-shape with vertices at x = -1/2 and x = 1/2, both with value 0, and the minimum value is 0 at those points. Wait, but when x is between -1/2 and 1/2, |x| is less than 1/2, so |x| - 1/2 is negative, so taking absolute value would flip it. So for |x| ≤ 1/2, f(x) = 1/2 - |x|. So the graph is a ""W"" shape? Wait, maybe not. Let me think again.

Let me consider different intervals:

Case 1: x ≥ 1/2. Then |x| = x, so f(x) = |x - 1/2| = x - 1/2.

Case 2: 0 ≤ x ≤ 1/2. Then |x| = x, so f(x) = |x - 1/2| = 1/2 - x.

Case 3: -1/2 ≤ x ≤ 0. Then |x| = -x, so f(x) = |-x - 1/2| = | - (x + 1/2)| = |x + 1/2|. Since x is between -1/2 and 0, x + 1/2 is between 0 and 1/2, so |x + 1/2| = x + 1/2.

Case 4: x ≤ -1/2. Then |x| = -x, so f(x) = |-x - 1/2| = | - (x + 1/2)| = |x + 1/2|. But here x ≤ -1/2, so x + 1/2 ≤ 0, so |x + 1/2| = -x - 1/2.

So putting it all together, the graph of f(x) is:

- For x ≥ 1/2: f(x) = x - 1/2, which is a line with slope 1 starting at (1/2, 0).

- For 0 ≤ x ≤ 1/2: f(x) = 1/2 - x, which is a line with slope -1 starting at (0, 1/2) and going down to (1/2, 0).

- For -1/2 ≤ x ≤ 0: f(x) = x + 1/2, which is a line with slope 1 starting at (-1/2, 0) and going up to (0, 1/2).

- For x ≤ -1/2: f(x) = -x - 1/2, which is a line with slope -1 starting at (-1/2, 0) and going down to the left.

So overall, the graph of f(x) is a ""W"" shape with peaks at x",0,False,"incorrect: got '0', expected '385'",4.0,100,10,False,accept_first,entropy,4.0,1,1024,0.25,const,40960,auto,1024,-0.0871656801004609,-0.17651362485037994,0.14,279,28,14,89.66796875,89.66796875,89.66796875,0.0,29,0.015695939810611015,12614,12334,0.9778024417314095,0.979949600087652,127778
subtree_prefetching_MH,Qwen/Qwen3-8B,Let $p$ be the least prime number for which there exists an integer $n$ such that $n^{4}+1$ is divisible by $p^{2}$ . Find the least positive integer $m$ such that $m^{4}+1$ is divisible by $p^{2}$ .,110,218," 

Okay, so I need to find the least prime number p where there's an integer n such that p² divides n⁴ + 1. Then, once I find that p, I have to find the smallest positive integer m such that p² divides m⁴ + 1. Alright, let me start by understanding the problem step by step.

First, let me recall that if p² divides n⁴ + 1, then n⁴ ≡ -1 mod p². That means that n⁴ ≡ -1 mod p. So, first, maybe I should look for primes p where -1 is a quartic residue modulo p. Because if there's an n such that n⁴ ≡ -1 mod p, then maybe such an n exists modulo p, and then I can lift it to modulo p² using Hensel's lemma or something?

But first, let me check for small primes. Let me start checking primes one by one.

Starting with p=2: Let's see if there exists n such that n⁴ +1 is divisible by 4. Let's check n=1: 1 +1=2, not divisible by 4. n=2: 16 +1=17, not divisible by 4. n=3: 81 +1=82, which is 2 mod 4. n=0: 0 +1=1 mod 4. So no solution for p=2. So p=2 is out.

Next prime p=3. Check if there exists n with n⁴ +1 divisible by 9. Let's check n from 0 to 2:

n=0: 0 +1=1 mod 9
n=1: 1 +1=2 mod 9
n=2: 16 +1=17 ≡ 8 mod 9. So no solution. So p=3 is out.

p=5: Check if there exists n with n⁴ +1 divisible by 25. Let me check n from 0 to 4:

n=0: 1 mod 25
n=1: 1 +1=2
n=2: 16 +1=17
n=3: 81 +1=82 ≡ 82 - 3*25=82-75=7 mod 25
n=4: 256 +1=257 ≡ 257 - 10*25=257-250=7 mod 25. So none of these work. So p=5 is out.

p=7: Let's check n from 0 to 6:

n=0: 1 mod 7
n=1: 1 +1=2
n=2: 16 +1=17 ≡ 3 mod 7
n=3: 81 +1=82 ≡ 82 - 11*7=82-77=5 mod 7
n=4: 256 +1=257 ≡ 257 - 36*7=257 - 252=5 mod 7
n=5: 625 +1=626 ≡ 626 - 89*7=626 - 623=3 mod 7
n=6: 1296 +1=1297 ≡ 1297 - 185*7=1297 - 1295=2 mod 7. So none of these work. So p=7 is out.

p=11: Let me check if there's an n such that n⁴ ≡ -1 mod 11. Let me compute n⁴ mod 11 for n from 0 to 10.

First, note that 11 is prime. Let me compute:

n=0: 0
n=1: 1
n=2: 16 ≡ 5
n=3: 81 ≡ 4
n=4: 256 ≡ 256 - 23*11=256 - 253=3
n=5: 625 ≡ 625 - 56*11=625 - 616=9
n=6: 1296 ≡ 1296 - 117*11=1296 - 1287=9
n=7: 2401 ≡ 2401 - 218",218,False,"incorrect: got '218', expected '110'",4.0,100,10,False,accept_first,entropy,4.0,1,1024,0.25,const,40960,auto,1024,-0.08729369508378183,-0.16652528791156576,0.15,278,28,15,89.66796875,89.66796875,89.66796875,0.0,29,0.017252561940588884,12585,12306,0.9778307508939214,0.9808243800808857,122395
subtree_prefetching_MH,Qwen/Qwen3-8B,"Let $ABCD$ be a tetrahedron such that $AB = CD = \sqrt{41}$ , $AC = BD = \sqrt{80}$ , and $BC = AD = \sqrt{89}$ . There exists a point $I$ inside the tetrahedron such that the distances from $I$ to each of the faces of the tetrahedron are all equal. This distance can be written in the form $\frac{m \sqrt{n}}{p}$ , when $m$ , $n$ , and $p$ are positive integers, $m$ and $p$ are relatively prime, and $n$ is not divisible by the square of any prime. Find $m+n+p$ .",104,41," 

Okay, so I need to solve this problem about a tetrahedron with specific edge lengths and find the distance from an interior point to each face, which is equal. Then express that distance in a certain form and find m + n + p. Let me start by understanding the problem step by step.

First, the tetrahedron ABCD has edges AB = CD = √41, AC = BD = √80, and BC = AD = √89. There's a point I inside the tetrahedron such that its distance to each face is equal. This point is called the incenter or the centroid? Wait, in a tetrahedron, the centroid is the point where the medians intersect, but the incenter is the point equidistant to all faces. However, not all tetrahedrons have an incenter unless they are isohedral or something? Wait, no, actually, every tetrahedron has an incenter, which is the point equidistant to all four faces. But maybe in this case, the distances are equal? Wait, the problem says there exists such a point I inside the tetrahedron. So, maybe this tetrahedron is isohedral? Or maybe it's a special kind of tetrahedron where such a point exists?

But regardless, the problem says that such a point exists, so we can proceed. The distance from I to each face is equal. Let me recall that in a tetrahedron, the volume can be related to the distance from a point to the faces. If the distance from I to each face is equal, then that distance multiplied by the area of each face and divided by 3 should give the volume. Wait, but since there are four faces, the sum of the volumes of the four smaller tetrahedrons formed by I and each face should equal the volume of the original tetrahedron.

Let me formalize this. Let’s denote the distance from I to each face as d. Then, the volume V of the original tetrahedron can be expressed as:

V = (1/3) * A1 * d + (1/3) * A2 * d + (1/3) * A3 * d + (1/3) * A4 * d

Which simplifies to:

V = (d/3) * (A1 + A2 + A3 + A4)

But also, the volume can be calculated using other methods. However, since we don't know the areas of the faces yet, maybe we need to compute them first. Alternatively, maybe there's another way. Wait, but if we can find the volume of the tetrahedron, and also compute the total surface area, then we can solve for d. Let me check.

So, if I can compute the volume V and the total surface area S = A1 + A2 + A3 + A4, then d = 3V / S. That seems like a plan. Let me try that.

First, compute the volume of the tetrahedron. How can I compute the volume given the edge lengths? For a tetrahedron with all edges given, there is a formula called the Cayley-Menger determinant. Maybe I need to use that. Let me recall the formula.

The Cayley-Menger determinant for a tetrahedron with edge lengths AB = a, AC = b, AD = c, BC = d, BD = e, CD = f is given by:

Volume^2 = (1/288) * determinant of the matrix:

0 1 1 1 1

1 0 a² b² c²

1 a² 0 d² e²

1 b² d² 0 f²

1 c² e² f² 0

So, let me write down the values for this tetrahedron. Let me assign:

AB = √41, so AB² = 41

AC = √80, so AC² = 80

AD = √89, so AD² = 89

BC = √89, so BC² = 89

BD = √80, so BD² = 80

CD = √41, so CD² = 41

So the Cayley-Menger determinant matrix is:

Row 0: 0, 1, 1, 1, 1

Row 1: 1, 0, 41, 80, 89

Row 2: 1, 41, 0, 89, 80

Row 3: 1, 80, 89, 0, 41

Row 4: 1, 89, 80, 41",41,False,"incorrect: got '41', expected '104'",4.0,100,10,False,accept_first,entropy,4.0,1,1024,0.25,const,40960,auto,1024,-0.11607511745329341,-0.22878565936484835,0.12,243,25,12,89.66796875,89.66796875,89.66796875,0.0,26,0.015047347256453514,10989,10745,0.9777959777959778,0.9812874593951595,131142
subtree_prefetching_MH,Qwen/Qwen3-8B,"Let $\mathcal{B}$ be the set of rectangular boxes with surface area $54$ and volume $23$ . Let $r$ be the radius of the smallest sphere that can contain each of the rectangular boxes that are elements of $\mathcal{B}$ . The value of $r^2$ can be written as $\frac{p}{q}$ , where $p$ and $q$ are relatively prime positive integers. Find $p+q$ .",721,3," 

Okay, so I need to find the value of r², where r is the radius of the smallest sphere that can contain any rectangular box from the set B. The set B consists of all rectangular boxes with surface area 54 and volume 23. Then, express r² as a reduced fraction p/q and find p + q. Alright, let's break this down step by step.

First, let me recall that for a rectangular box with length, width, and height denoted as a, b, c, the surface area is given by 2(ab + bc + ac) and the volume is abc. So, given that the surface area is 54 and the volume is 23, we have:

2(ab + bc + ac) = 54 ⇒ ab + bc + ac = 27 ...(1)

and

abc = 23 ...(2)

Now, the problem is about finding the smallest sphere that can contain such a box. The radius of the smallest sphere that can contain a rectangular box is half the space diagonal of the box. The space diagonal of a box with sides a, b, c is √(a² + b² + c²). Therefore, the radius r is (1/2)√(a² + b² + c²), so r² would be (1/4)(a² + b² + c²). Therefore, our goal is to find the minimum value of (a² + b² + c²) over all boxes in set B, and then compute r² as (that minimum)/4.

So, essentially, I need to minimize a² + b² + c² given that ab + bc + ac = 27 and abc = 23. Once I find the minimum value of a² + b² + c², then divide by 4 to get r², then express that as a reduced fraction and find p + q.

So, the problem reduces to an optimization problem with constraints. Let me think about how to approach this. Since there are two constraints, maybe I can use Lagrange multipliers? Or perhaps there's a way to relate the variables using symmetric properties?

Alternatively, maybe I can express a² + b² + c² in terms of the known quantities. Let me recall that (a + b + c)² = a² + b² + c² + 2(ab + bc + ac). Therefore, if I can find a + b + c, then I can compute a² + b² + c² as (a + b + c)² - 2(ab + bc + ac). Since ab + bc + ac is 27, then a² + b² + c² = (a + b + c)² - 54. Therefore, minimizing a² + b² + c² is equivalent to minimizing (a + b + c)². Therefore, if I can find the minimum value of (a + b + c), then I can compute the minimum of a² + b² + c².

But how do I find the minimum of a + b + c given that ab + bc + ac = 27 and abc = 23?

Alternatively, maybe I can use the method of Lagrange multipliers here. Let me try that.

Let me denote the variables as x, y, z instead of a, b, c for simplicity. So, we have:

Constraints:

f(x, y, z) = xy + yz + zx - 27 = 0

g(x, y, z) = xyz - 23 = 0

We need to minimize h(x, y, z) = x² + y² + z².

So, using Lagrange multipliers, we can set up the system:

∇h = λ∇f + μ∇g

So, compute gradients:

∇h = (2x, 2y, 2z)

∇f = (y + z, x + z, x + y)

∇g = (yz, xz, xy)

Therefore, the equations are:

2x = λ(y + z) + μ(yz) ...(3)

2y = λ(x + z) + μ(xz) ...(4)

2z = λ(x + y) + μ(xy) ...(5)

And the constraints:

xy + yz + zx = 27 ...(1)

xyz = 23 ...(2)

So, we have five equations with variables x, y, z, λ, μ. This seems complicated, but perhaps there is some symmetry here. Maybe the minimal occurs when two variables are equal? Or maybe all three are equal? Let me check if all three variables can be equal.

Suppose x = y = z. Then, since abc = x³ = 23 ⇒ x = cube root of 23. Then, surface area would be 2(3x",3,False,"incorrect: got '3', expected '721'",4.0,100,10,False,accept_first,entropy,4.0,1,1024,0.25,const,40960,auto,1024,-0.09427768813422407,-0.1850581733926272,0.17,255,26,17,89.66796875,89.66796875,89.66796875,0.0,27,0.014431184330003899,11464,11209,0.9777564549895325,0.9812651170417743,121965
subtree_prefetching_MH,Qwen/Qwen3-8B,Find the sum of all integer bases $b > 9$ for which $17_b$ is a divisor of $97_b$ .,70,1," 

Okay, so I need to find all integer bases b greater than 9 where the number 17 in base b divides the number 97 in base b. Then, sum all those bases. Let me start by understanding what these numbers represent in decimal.

First, let me recall that in base b, the number 17_b means 1 times b^1 plus 7 times b^0. Similarly, 97_b is 9 times b^1 plus 7 times b^0. So converting both numbers to decimal:

17_b = 1*b + 7 = b + 7

97_b = 9*b + 7

So the problem is asking for bases b > 9 where (b + 7) divides (9b + 7). In other words, (9b + 7) divided by (b + 7) should result in an integer. So I need to find all integers b > 9 such that (9b + 7) is divisible by (b + 7).

Let me think about how to approach this. Divisibility conditions can sometimes be handled by polynomial division or by expressing the numerator in terms of the denominator. Let me try to perform the division of 9b + 7 by b + 7.

Let me write it as:

Divide 9b + 7 by b + 7.

Let me perform the division. Let me think of it as dividing 9b + 7 by b + 7. Let me write it as:

Let me consider that 9b + 7 = q*(b + 7) + r, where q is the quotient and r is the remainder. Since we are dividing by a linear term, the remainder should be a constant.

Alternatively, perhaps I can express 9b + 7 in terms of (b + 7). Let me try to manipulate the expression:

Let me note that 9b + 7 can be rewritten as 9(b + 7) - 9*7 + 7. Wait, let me check that:

Let me compute 9*(b + 7) = 9b + 63. Then, if I subtract 56, I get 9b + 63 - 56 = 9b + 7. So yes:

9b + 7 = 9*(b + 7) - 56.

Therefore, 9b + 7 divided by b + 7 is equal to 9 - 56/(b + 7). Therefore, for this to be an integer, 56/(b + 7) must be an integer. Because 9 is already an integer, so the entire expression will be integer if and only if 56/(b + 7) is integer. Therefore, (b + 7) must be a divisor of 56.

So, the problem reduces to finding all integers b > 9 such that (b + 7) divides 56. Therefore, b + 7 is a positive divisor of 56, and since b > 9, then b + 7 > 16. Therefore, we need to find all divisors of 56 that are greater than 16, then subtract 7 from each to get b, and then sum those b's.

So first, let me list all positive divisors of 56. Let me recall that 56 factors into prime factors as 2^3 * 7^1. Therefore, the number of divisors is (3 + 1)*(1 + 1) = 4*2 = 8. The divisors are:

1, 2, 4, 7, 8, 14, 28, 56.

Wait, let me check:

Starting from 1:

1, 2, 4, 7, 8, 14, 28, 56. Yes, that's all. Let me confirm:

Divisors of 56:

1 divides 56.

2 divides 56 (56/2=28)

4 divides 56 (56/4=14)

7 divides 56 (56/7=8)

8 divides 56 (56/8=7)

14 divides 56 (56/14=4)

28 divides 56 (56/28=2)

56 divides 56 (56/56=1)

Yes, those are all the positive divisors.

Now, since b + 7 must be one of these divisors, and b > 9, so b + 7 > 9 + 7 = 16. Therefore, we need to find divisors of 56 that are greater than 1",1,False,"incorrect: got '1', expected '70'",4.0,100,10,False,accept_first,entropy,4.0,1,1024,0.25,const,40960,auto,1024,-0.08557761221259749,-0.16778357820471676,0.19,273,28,19,89.66796875,89.66796875,89.66796875,0.0,29,0.015371643533532264,12233,11958,0.9775198234284312,0.9786833138157837,113573
subtree_prefetching_MH,Qwen/Qwen3-8B,"On $\triangle ABC$ points $A$ , $D$ , $E$ , and $B$ lie in that order on side $\overline{AB}$ with $AD = 4$ , $DE = 16$ , and $EB = 8$ . Points $A$ , $F$ , $G$ , and $C$ lie in that order on side $\overline{AC}$ with $AF = 13$ , $FG = 52$ , and $GC = 26$ . Let $M$ be the reflection of $D$ through $F$ , and let $N$ be the reflection of $G$ through $E$ . Quadrilateral $DEGF$ has area $288$ . Find the area of heptagon $AFNBCEM$ . [asy] unitsize(14); pair A = (0, 9), B = (-6, 0), C = (12, 0), D = (5A + 2B)/7, E = (2A + 5B)/7, F = (5A + 2C)/7, G = (2A + 5C)/7, M = 2F - D, N = 2E - G; filldraw(A--F--N--B--C--E--M--cycle, lightgray); draw(A--B--C--cycle); draw(D--M); draw(N--G); dot(A); dot(B); dot(C); dot(D); dot(E); dot(F); dot(G); dot(M); dot(N); label(""$A$"", A, dir(90)); label(""$B$"", B, dir(225)); label(""$C$"", C, dir(315)); label(""$D$"", D, dir(135)); label(""$E$"", E, dir(135)); label(""$F$"", F, dir(45)); label(""$G$"", G, dir(45)); label(""$M$"", M, dir(45)); label(""$N$"", N, dir(135)); [/asy]",588,5," To solve this problem, we need to find the area of the heptagon $AFNBCEM$ given the areas and segment lengths on triangle $ABC$. Let's break this down step by step.

---

### Step 1: Understand the Geometry

We are given a triangle $ABC$, with points $D, E$ on side $AB$ and points $F, G$ on side $AC$. The points are in the order:

- On $AB$: $A \to D \to E \to B$
- On $AC$: $A \to F \to G \to C$

We are also given:

- $AD = 4$, $DE = 16$, $EB = 8$
- $AF = 13$, $FG = 52$, $GC = 26$
- $M$ is the reflection of $D$ through $F$
- $N$ is the reflection of $G$ through $E$
- The area of quadrilateral $DEGF$ is 288

We are to find the area of heptagon $AFNBCEM$.

---

### Step 2: Use Coordinates to Model the Problem

Let’s place triangle $ABC$ in the coordinate plane for easier calculations. We can assign coordinates as follows:

- Let $A = (0, 0)$
- Let $B = (x, 0)$ (on the x-axis)
- Let $C = (0, y)$ (on the y-axis)

This makes triangle $ABC$ a right triangle with right angle at $A$.

Now, we can find coordinates of points $D, E, F, G$ based on the given segment lengths.

---

### Step 3: Find Coordinates of Points

#### On $AB$:

- $AD = 4$, $DE = 16$, $EB = 8$
- Total length $AB = 4 + 16 + 8 = 28$
- So, $D$ is $4/28 = 1/7$ of the way from $A$ to $B$
- $E$ is $4 + 16 = 20$ from $A$, so $20/28 = 5/7$ of the way from $A$ to $B$

So:
- $D = \frac{1}{7}B = \left(\frac{x}{7}, 0\right)$
- $E = \frac{5}{7}B = \left(\frac{5x}{7}, 0\right)$

#### On $AC$:

- $AF = 13$, $FG = 52$, $GC = 26$
- Total length $AC = 13 + 52 + 26 = 91$
- So, $F$ is $13/91 = 1/7$ of the way from $A$ to $C$
- $G$ is $13 + 52 = 65$ from $A$, so $65/91 = 5/7$ of the way from $A$ to $C$

So:
- $F = \frac{1}{7}C = \left(0, \frac{y}{7}\right)$
- $G = \frac{5}{7}C = \left(0, \frac{5y}{7}\right)$

---

### Step 4: Use Reflections to Find $M$ and $N$

#### Reflection of $D$ through $F$:

- $D = \left(\frac{x}{7}, 0\right)$
- $F = \left(0, \frac{y}{7}\right)$

To reflect $D$ over $F$, we use the formula for reflection over a point:
$$
M = 2F - D = 2\left(0, \frac{y}{7}\right) - \left(\frac{x}{7}, 0\right) = \left(-\frac{x}{7}, \frac{2y}{7}\right)
$$

#### Reflection of $G$ through $E$:

- $G = \left(0, \frac{5y}{7}\right)$
- $E = \left(\frac{5x}{7}, 0\right)$

$$
N = 2E - G = 2\left(\frac{5x}{7}, 0\right) - \left(0, \frac{5y}{7}\right) = \left(\frac{10x}{7}, -\frac{5y}{7}\right)
$$

---

### Step 5: Use the Given Area of Quadrilateral $DEGF$

We are told that the area of quadrilateral $DEGF$",5,False,"incorrect: got '5', expected '588'",4.0,100,10,False,accept_first,entropy,4.0,1,1024,0.25,const,40960,auto,1024,-0.11304791677951705,-0.22627066412792468,0.3,298,30,30,89.66796875,89.66796875,89.66796875,0.0,31,0.018063302633285816,13424,13127,0.9778754469606674,0.985762728266085,248011
subtree_prefetching_MH,Qwen/Qwen3-8B,"The $9$ members of a baseball team went to an ice-cream parlor after their game. Each player had a single scoop cone of chocolate, vanilla, or strawberry ice cream. At least one player chose each flavor, and the number of players who chose chocolate was greater than the number of players who chose vanilla, which was greater than the number of players who chose strawberry. Let $N$ be the number of different assignments of flavors to players that meet these conditions. Find the remainder when $N$ is divided by $1000.$",16,7,"

Okay, so we have this problem about 9 baseball players who each choose an ice cream flavor: chocolate, vanilla, or strawberry. The conditions are that each flavor is chosen by at least one player, and the number of chocolate lovers is more than vanilla, which in turn is more than strawberry. We need to find the number of different assignments (which I think means the number of ways to assign flavors to players) that meet these conditions, then find that number modulo 1000.

First, let me parse the problem again. There are 9 players, each choosing one of three flavors. Each flavor is chosen by at least one person. Also, the counts must satisfy: chocolate > vanilla > strawberry. So, if I denote the number of players choosing chocolate as C, vanilla as V, and strawberry as S, then we have:

C + V + S = 9

C > V > S ≥ 1

Also, since each flavor is chosen by at least one person, S ≥ 1, V ≥ 1, C ≥ 1. But since C > V > S, then S must be at least 1, V at least 2, and C at least 3? Wait, no. Let me think. If S is at least 1, then V has to be greater than S, so V ≥ S + 1 ≥ 2. Then C has to be greater than V, so C ≥ V + 1 ≥ 3. So the minimum values would be S=1, V=2, C=3. Let me check if that adds up to 9: 3 + 2 + 1 = 6. So there's 3 more players to distribute. So the problem is to find all possible triples (C, V, S) such that C + V + S = 9, with C > V > S ≥ 1, and then for each such triple, compute the number of assignments, which would be 9! / (C! V! S!) since it's the multinomial coefficient. Then sum all those up and take mod 1000.

So first step: find all possible triples (C, V, S) where C > V > S ≥ 1 and C + V + S = 9.

So let me list all possible integer triples (C, V, S) with C > V > S ≥ 1 and C + V + S = 9.

Let me think about possible values of S. Since S ≥ 1, and V > S, so V ≥ S + 1, and C > V, so C ≥ V + 1 ≥ S + 2. Therefore, the minimal total is S + (S + 1) + (S + 2) = 3S + 3. Since total is 9, 3S + 3 ≤ 9 => 3S ≤ 6 => S ≤ 2. Therefore, S can be 1 or 2.

Case 1: S = 1.

Then V must be at least 2, and C must be at least V + 1. Let me denote V = 2 + a, where a ≥ 0, and C = V + 1 + b = 2 + a + 1 + b = 3 + a + b, where b ≥ 0. Then total C + V + S = (3 + a + b) + (2 + a) + 1 = 6 + 2a + b = 9. Therefore, 2a + b = 3. So possible non-negative integer solutions for (a, b):

a=0, b=3

a=1, b=1

a=2, b=-1 (invalid)

So only two possibilities:

a=0, b=3: Then V = 2 + 0 = 2, C = 3 + 0 + 3 = 6. So (C, V, S) = (6, 2, 1)

a=1, b=1: V = 2 + 1 = 3, C = 3 + 1 + 1 = 5. So (5, 3, 1)

Check if these satisfy C > V > S: 6 > 2 > 1 and 5 > 3 > 1. Yes.

Case 2: S = 2.

Then V must be at least 3, and C must be at least V + 1 ≥ 4. Then total C + V + S = C + V + 2 = 9 => C + V = 7. Since C > V ≥ 3, so V can be 3, 4, ... but since C > V and C + V = 7, let's see:

If V = 3, then C = 7 - ",7,False,"incorrect: got '7', expected '16'",4.0,100,10,False,accept_first,entropy,4.0,1,1024,0.25,const,40960,auto,1024,-0.10170374774248639,-0.20088911248058414,0.1,244,25,10,89.66796875,89.66796875,89.66796875,0.0,26,0.014463613957711785,10759,10512,0.9770424760665489,0.9829395584451203,123971
subtree_prefetching_MH,Qwen/Qwen3-8B,"Find the number of ordered pairs $(x,y)$ , where both $x$ and $y$ are integers between $-100$ and $100$ , inclusive, such that $12x^2-xy-6y^2=0$ .",117,-6," 

Okay, so I need to find the number of ordered pairs (x, y) where both x and y are integers between -100 and 100 inclusive, and they satisfy the equation 12x² - xy - 6y² = 0. Hmm, let me think about how to approach this.

First, maybe I can try to factor the equation or simplify it somehow. Let me write down the equation again:

12x² - xy - 6y² = 0.

Hmm, this looks like a quadratic in terms of x or y. Maybe I can treat it as a quadratic equation in x and try to solve for x in terms of y, or vice versa. Let me try that.

Let me consider it as a quadratic in x. So, rearranged:

12x² - yx - 6y² = 0.

So, in the form ax² + bx + c = 0, where a = 12, b = -y, c = -6y².

Using the quadratic formula, x = [y ± sqrt(y² - 4*12*(-6y²))]/(2*12).

Let me compute the discriminant:

D = y² - 4*12*(-6y²) = y² + 288y² = 289y².

Oh, that's nice! The discriminant is a perfect square, which is good because that means the solutions for x will be rational if y is rational. Since x and y are integers, this might help.

So, sqrt(D) = sqrt(289y²) = 17|y|. But since we're dealing with integers, maybe we can write it as 17y or -17y? Wait, sqrt(y²) is |y|, so sqrt(289y²) is 17|y|. But since we have ± in the quadratic formula, maybe we can write:

x = [y ± 17|y|]/24.

Hmm, but this seems a bit complicated because of the absolute value. Maybe I can consider cases where y is positive or negative?

Alternatively, maybe factor the original equation. Let me try factoring 12x² - xy - 6y².

Looking for factors of the form (ax + by)(cx + dy) = 0. Let me try to factor it.

Multiply out (ax + by)(cx + dy) = acx² + (ad + bc)xy + bdy². Comparing with 12x² - xy - 6y², so:

ac = 12,

bd = -6,

ad + bc = -1.

Hmm, need integers a, b, c, d such that these equations hold.

Let me think about possible factors. Let me try to find a and c such that ac = 12. Possible pairs (a,c): (1,12), (2,6), (3,4), and their negatives.

Similarly, for bd = -6, possible pairs (b,d): (1,-6), (-1,6), (2,-3), (-2,3), (3,-2), (-3,2), (6,-1), (-6,1).

Now, trying to find a combination where ad + bc = -1.

Let me try some possibilities.

First, let me try a=4, c=3 (since 4*3=12). Then, trying to find b and d such that bd=-6 and ad + bc = -1.

So, ad + bc = 4d + 3b = -1.

Let me try different b and d pairs.

Take b=2, d=-3 (since 2*(-3)=-6). Then 4*(-3) + 3*(2) = -12 + 6 = -6 ≠ -1. Not good.

Take b=3, d=-2: 4*(-2) + 3*(3) = -8 + 9 = 1 ≠ -1.

Take b=-2, d=3: 4*3 + 3*(-2) = 12 -6 = 6 ≠ -1.

Take b=-3, d=2: 4*2 + 3*(-3) = 8 -9 = -1. Hey, that works!

So, with a=4, c=3, b=-3, d=2. Therefore, the factorization is (4x - 3y)(3x + 2y) = 0.

Let me check:

(4x - 3y)(3x + 2y) = 12x² + 8xy - 9xy -6y² = 12x² - xy -6y². Yes",-6,False,"incorrect: got '-6', expected '117'",4.0,100,10,False,accept_first,entropy,4.0,1,1024,0.25,const,40960,auto,1024,-0.08488059976832368,-0.16655982593141858,0.32,303,31,32,89.66796875,89.66796875,89.66796875,0.0,32,0.012193540018160642,11295,10991,0.9730854360336432,0.9815888386315856,172667
subtree_prefetching_MH,Qwen/Qwen3-8B,"There are $8!= 40320$ eight-digit positive integers that use each of the digits $1, 2, 3, 4, 5, 6, 7, 8$ exactly once. Let $N$ be the number of these integers that are divisible by $22$ . Find the difference between $N$ and $2025$ .",279,2," 

Okay, so I need to find the number of eight-digit numbers using each digit from 1 to 8 exactly once that are divisible by 22. Then subtract 2025 from that number. Let me start by recalling the divisibility rules for 22. 

Divisibility by 22 means the number has to be divisible by both 2 and 11, right? Because 22 is 2 times 11, and 2 and 11 are coprime. So, the number must satisfy the divisibility rules for both 2 and 11. 

First, let me handle the divisibility by 2. A number is divisible by 2 if its last digit is even. Since we're using digits 1 through 8, the even digits are 2, 4, 6, 8. So, the last digit must be one of these. 

Next, divisibility by 11. The rule for 11 is that the difference between the sum of the digits in the odd positions and the sum of the digits in the even positions must be a multiple of 11 (including zero). 

So, for an eight-digit number, positions 1, 3, 5, 7 are odd positions, and positions 2, 4, 6, 8 are even positions. Let me denote the sum of the digits in the odd positions as S_odd and the sum of the digits in the even positions as S_even. Then, S_odd - S_even must be divisible by 11. 

But since all digits from 1 to 8 are used exactly once, the total sum of all digits is fixed. Let me calculate that first. The sum of digits from 1 to 8 is (8*9)/2 = 36. Therefore, S_odd + S_even = 36. 

So, if S_odd - S_even is divisible by 11, then we can write S_odd - S_even = 11k, where k is some integer. Also, since S_odd + S_even = 36, we can solve these two equations:

Adding the two equations: 2*S_odd = 36 + 11k => S_odd = (36 + 11k)/2

Similarly, subtracting: 2*S_even = 36 - 11k => S_even = (36 - 11k)/2

Since S_odd and S_even must be integers (they are sums of integers), (36 + 11k) must be even. Let me check what values of k are possible. 

First, 36 is even, 11k must also be even for the sum to be even. Since 11 is odd, k must be even. Let me denote k = 2m, where m is an integer. Then:

S_odd = (36 + 22m)/2 = 18 + 11m

Similarly, S_even = (36 - 22m)/2 = 18 - 11m

Now, since S_odd and S_even are sums of four digits each (since there are 8 digits total, split into two groups of four). The minimum possible sum for S_odd is 1+2+3+4=10, and the maximum is 5+6+7+8=26. Similarly for S_even. 

So, S_odd must be between 10 and 26. Let me find possible values of m such that 10 ≤ 18 + 11m ≤ 26.

Let me solve for m:

Lower bound: 18 + 11m ≥ 10 => 11m ≥ -8 => m ≥ -8/11 ≈ -0.727. Since m is integer, m ≥ -0.

Upper bound: 18 + 11m ≤ 26 => 11m ≤ 8 => m ≤ 8/11 ≈ 0.727. Since m is integer, m ≤ 0.

Therefore, m can only be 0. 

So, m = 0. Therefore, S_odd = 18 + 0 = 18, and S_even = 18 - 0 = 18. 

Therefore, the difference S_odd - S_even = 0, which is divisible by 11. 

So, the only possibility is that the sum of the digits in the odd positions is 18 and the sum of the digits in the even positions is also 18. 

Therefore, the problem reduces to finding the number of eight-digit numbers using digits 1-8 exactly once, with the last digit even (for divisibility by 2), and with the sum",2,False,"incorrect: got '2', expected '279'",4.0,100,10,False,accept_first,entropy,4.0,1,1024,0.25,const,40960,auto,1024,-0.08667900216468602,-0.16596810904133474,0.22,281,29,22,89.66796875,89.66796875,89.66796875,0.0,30,0.012582695550655054,10388,10387,0.9999037350789373,0.9838643544535829,165844
