source_log,source_line,timestamp,elapsed_seconds,prompt_throughput_tokens_s,generation_throughput_tokens_s,running_requests,waiting_requests,gpu_kv_cache_usage_percent,prefix_cache_hit_rate_percent
dataset-aime.model-qwen3-8b.alpha4.0.steps100.blocks-1.prefetch-budget-20.rank-accept_first.cut-entropy4.0.samples20.maxnew1024.seed10086.subtreePrefetch.vllm.log,106,2026-09-22 08:08:33,0.0,32.0,574.8,20,0,1.3,0.0
dataset-aime.model-qwen3-8b.alpha4.0.steps100.blocks-1.prefetch-budget-20.rank-accept_first.cut-entropy4.0.samples20.maxnew1024.seed10086.subtreePrefetch.vllm.log,134,2026-09-22 08:08:43,10.0,20.0,1827.1,16,0,1.8,0.0
dataset-aime.model-qwen3-8b.alpha4.0.steps100.blocks-1.prefetch-budget-20.rank-accept_first.cut-entropy4.0.samples20.maxnew1024.seed10086.subtreePrefetch.vllm.log,172,2026-09-22 08:08:53,20.0,21.7,1499.7,12,0,1.7,0.0
dataset-aime.model-qwen3-8b.alpha4.0.steps100.blocks-1.prefetch-budget-20.rank-accept_first.cut-entropy4.0.samples20.maxnew1024.seed10086.subtreePrefetch.vllm.log,200,2026-09-22 08:09:03,30.0,17.5,1398.7,6,0,1.0,0.0
dataset-aime.model-qwen3-8b.alpha4.0.steps100.blocks-1.prefetch-budget-20.rank-accept_first.cut-entropy4.0.samples20.maxnew1024.seed10086.subtreePrefetch.vllm.log,236,2026-09-22 08:09:13,40.0,16.5,1438.6,2,0,0.4,0.0
dataset-aime.model-qwen3-8b.alpha4.0.steps100.blocks-1.prefetch-budget-20.rank-accept_first.cut-entropy4.0.samples20.maxnew1024.seed10086.subtreePrefetch.vllm.log,299,2026-09-22 08:09:23,50.0,42.6,1691.9,19,0,0.4,0.0
dataset-aime.model-qwen3-8b.alpha4.0.steps100.blocks-1.prefetch-budget-20.rank-accept_first.cut-entropy4.0.samples20.maxnew1024.seed10086.subtreePrefetch.vllm.log,325,2026-09-22 08:09:33,60.0,23.3,1667.1,18,0,1.0,0.0
dataset-aime.model-qwen3-8b.alpha4.0.steps100.blocks-1.prefetch-budget-20.rank-accept_first.cut-entropy4.0.samples20.maxnew1024.seed10086.subtreePrefetch.vllm.log,361,2026-09-22 08:09:43,70.0,22.6,1759.8,19,0,1.5,0.0
dataset-aime.model-qwen3-8b.alpha4.0.steps100.blocks-1.prefetch-budget-20.rank-accept_first.cut-entropy4.0.samples20.maxnew1024.seed10086.subtreePrefetch.vllm.log,399,2026-09-22 08:09:53,80.0,18.5,1626.1,13,0,1.3,0.0
dataset-aime.model-qwen3-8b.alpha4.0.steps100.blocks-1.prefetch-budget-20.rank-accept_first.cut-entropy4.0.samples20.maxnew1024.seed10086.subtreePrefetch.vllm.log,443,2026-09-22 08:10:03,90.0,18.5,1519.7,15,0,1.9,0.0
dataset-aime.model-qwen3-8b.alpha4.0.steps100.blocks-1.prefetch-budget-20.rank-accept_first.cut-entropy4.0.samples20.maxnew1024.seed10086.subtreePrefetch.vllm.log,479,2026-09-22 08:10:13,100.0,17.9,1580.2,14,0,2.2,0.0
dataset-aime.model-qwen3-8b.alpha4.0.steps100.blocks-1.prefetch-budget-20.rank-accept_first.cut-entropy4.0.samples20.maxnew1024.seed10086.subtreePrefetch.vllm.log,519,2026-09-22 08:10:23,110.0,22.4,1584.8,7,0,1.3,0.0
dataset-aime.model-qwen3-8b.alpha4.0.steps100.blocks-1.prefetch-budget-20.rank-accept_first.cut-entropy4.0.samples20.maxnew1024.seed10086.subtreePrefetch.vllm.log,541,2026-09-22 08:10:33,120.0,22.1,1549.6,2,0,0.5,0.0
dataset-aime.model-qwen3-8b.alpha4.0.steps100.blocks-1.prefetch-budget-20.rank-accept_first.cut-entropy4.0.samples20.maxnew1024.seed10086.subtreePrefetch.vllm.log,608,2026-09-22 08:10:43,130.0,40.3,1813.7,19,0,0.9,0.0
dataset-aime.model-qwen3-8b.alpha4.0.steps100.blocks-1.prefetch-budget-20.rank-accept_first.cut-entropy4.0.samples20.maxnew1024.seed10086.subtreePrefetch.vllm.log,634,2026-09-22 08:10:53,140.0,22.8,1832.6,20,0,1.4,0.0
dataset-aime.model-qwen3-8b.alpha4.0.steps100.blocks-1.prefetch-budget-20.rank-accept_first.cut-entropy4.0.samples20.maxnew1024.seed10086.subtreePrefetch.vllm.log,664,2026-09-22 08:11:03,150.0,21.3,1884.7,18,0,2.0,0.0
dataset-aime.model-qwen3-8b.alpha4.0.steps100.blocks-1.prefetch-budget-20.rank-accept_first.cut-entropy4.0.samples20.maxnew1024.seed10086.subtreePrefetch.vllm.log,710,2026-09-22 08:11:13,160.0,22.1,1669.6,14,0,1.9,0.0
dataset-aime.model-qwen3-8b.alpha4.0.steps100.blocks-1.prefetch-budget-20.rank-accept_first.cut-entropy4.0.samples20.maxnew1024.seed10086.subtreePrefetch.vllm.log,746,2026-09-22 08:11:23,170.0,18.7,1761.2,6,0,1.1,0.0
dataset-aime.model-qwen3-8b.alpha4.0.steps100.blocks-1.prefetch-budget-20.rank-accept_first.cut-entropy4.0.samples20.maxnew1024.seed10086.subtreePrefetch.vllm.log,817,2026-09-22 08:11:33,180.0,37.7,1665.1,19,0,0.7,0.0
dataset-aime.model-qwen3-8b.alpha4.0.steps100.blocks-1.prefetch-budget-20.rank-accept_first.cut-entropy4.0.samples20.maxnew1024.seed10086.subtreePrefetch.vllm.log,855,2026-09-22 08:11:43,190.0,20.1,1736.2,20,0,1.6,0.0
dataset-aime.model-qwen3-8b.alpha4.0.steps100.blocks-1.prefetch-budget-20.rank-accept_first.cut-entropy4.0.samples20.maxnew1024.seed10086.subtreePrefetch.vllm.log,887,2026-09-22 08:11:53,200.0,17.9,1772.3,16,0,1.7,0.0
dataset-aime.model-qwen3-8b.alpha4.0.steps100.blocks-1.prefetch-budget-20.rank-accept_first.cut-entropy4.0.samples20.maxnew1024.seed10086.subtreePrefetch.vllm.log,927,2026-09-22 08:12:03,210.0,16.5,1616.7,14,0,1.9,0.0
dataset-aime.model-qwen3-8b.alpha4.0.steps100.blocks-1.prefetch-budget-20.rank-accept_first.cut-entropy4.0.samples20.maxnew1024.seed10086.subtreePrefetch.vllm.log,955,2026-09-22 08:12:13,220.0,15.4,1659.4,15,0,2.4,0.0
dataset-aime.model-qwen3-8b.alpha4.0.steps100.blocks-1.prefetch-budget-20.rank-accept_first.cut-entropy4.0.samples20.maxnew1024.seed10086.subtreePrefetch.vllm.log,997,2026-09-22 08:12:23,230.0,22.3,1558.2,1,0,0.2,0.0
dataset-aime.model-qwen3-8b.alpha4.0.steps100.blocks-1.prefetch-budget-20.rank-accept_first.cut-entropy4.0.samples20.maxnew1024.seed10086.subtreePrefetch.vllm.log,1064,2026-09-22 08:12:33,240.0,20.7,1377.1,2,0,0.1,0.0
dataset-aime.model-qwen3-8b.alpha4.0.steps100.blocks-1.prefetch-budget-20.rank-accept_first.cut-entropy4.0.samples20.maxnew1024.seed10086.subtreePrefetch.vllm.log,1182,2026-09-22 08:12:43,250.0,6.0,198.0,1,0,0.2,0.0
dataset-aime.model-qwen3-8b.alpha4.0.steps100.blocks-1.prefetch-budget-20.rank-accept_first.cut-entropy4.0.samples20.maxnew1024.seed10086.subtreePrefetch.vllm.log,1187,2026-09-22 08:12:53,260.0,22.0,1016.7,3,0,0.6,0.0
dataset-aime.model-qwen3-8b.alpha4.0.steps100.blocks-1.prefetch-budget-20.rank-accept_first.cut-entropy4.0.samples20.maxnew1024.seed10086.subtreePrefetch.vllm.log,1258,2026-09-22 08:13:03,270.0,34.1,1439.0,16,0,0.5,0.0
dataset-aime.model-qwen3-8b.alpha4.0.steps100.blocks-1.prefetch-budget-20.rank-accept_first.cut-entropy4.0.samples20.maxnew1024.seed10086.subtreePrefetch.vllm.log,1282,2026-09-22 08:13:13,280.0,15.4,1311.0,12,0,0.9,0.0
dataset-aime.model-qwen3-8b.alpha4.0.steps100.blocks-1.prefetch-budget-20.rank-accept_first.cut-entropy4.0.samples20.maxnew1024.seed10086.subtreePrefetch.vllm.log,1316,2026-09-22 08:13:23,290.0,18.9,1284.8,11,0,1.3,0.0
dataset-aime.model-qwen3-8b.alpha4.0.steps100.blocks-1.prefetch-budget-20.rank-accept_first.cut-entropy4.0.samples20.maxnew1024.seed10086.subtreePrefetch.vllm.log,1344,2026-09-22 08:13:33,300.0,10.9,1462.8,10,0,1.5,0.0
dataset-aime.model-qwen3-8b.alpha4.0.steps100.blocks-1.prefetch-budget-20.rank-accept_first.cut-entropy4.0.samples20.maxnew1024.seed10086.subtreePrefetch.vllm.log,1378,2026-09-22 08:13:43,310.0,17.9,1285.3,3,0,0.6,0.0
dataset-aime.model-qwen3-8b.alpha4.0.steps100.blocks-1.prefetch-budget-20.rank-accept_first.cut-entropy4.0.samples20.maxnew1024.seed10086.subtreePrefetch.vllm.log,1447,2026-09-22 08:13:53,320.0,32.2,1359.8,19,0,0.8,0.0
dataset-aime.model-qwen3-8b.alpha4.0.steps100.blocks-1.prefetch-budget-20.rank-accept_first.cut-entropy4.0.samples20.maxnew1024.seed10086.subtreePrefetch.vllm.log,1471,2026-09-22 08:14:03,330.0,14.4,1576.0,15,0,1.4,0.0
dataset-aime.model-qwen3-8b.alpha4.0.steps100.blocks-1.prefetch-budget-20.rank-accept_first.cut-entropy4.0.samples20.maxnew1024.seed10086.subtreePrefetch.vllm.log,1497,2026-09-22 08:14:13,340.0,14.5,1570.5,15,0,1.9,0.0
dataset-aime.model-qwen3-8b.alpha4.0.steps100.blocks-1.prefetch-budget-20.rank-accept_first.cut-entropy4.0.samples20.maxnew1024.seed10086.subtreePrefetch.vllm.log,1525,2026-09-22 08:14:23,350.0,13.7,1349.0,4,0,0.7,0.0
dataset-aime.model-qwen3-8b.alpha4.0.steps100.blocks-1.prefetch-budget-20.rank-accept_first.cut-entropy4.0.samples20.maxnew1024.seed10086.subtreePrefetch.vllm.log,1600,2026-09-22 08:14:33,360.0,30.1,1320.3,18,0,0.8,0.0
dataset-aime.model-qwen3-8b.alpha4.0.steps100.blocks-1.prefetch-budget-20.rank-accept_first.cut-entropy4.0.samples20.maxnew1024.seed10086.subtreePrefetch.vllm.log,1634,2026-09-22 08:14:43,370.0,16.0,1485.7,15,0,1.3,0.0
dataset-aime.model-qwen3-8b.alpha4.0.steps100.blocks-1.prefetch-budget-20.rank-accept_first.cut-entropy4.0.samples20.maxnew1024.seed10086.subtreePrefetch.vllm.log,1678,2026-09-22 08:14:53,380.0,12.6,1314.2,9,0,1.2,0.0
dataset-aime.model-qwen3-8b.alpha4.0.steps100.blocks-1.prefetch-budget-20.rank-accept_first.cut-entropy4.0.samples20.maxnew1024.seed10086.subtreePrefetch.vllm.log,1722,2026-09-22 08:15:03,390.0,15.8,1310.1,7,0,1.2,0.0
dataset-aime.model-qwen3-8b.alpha4.0.steps100.blocks-1.prefetch-budget-20.rank-accept_first.cut-entropy4.0.samples20.maxnew1024.seed10086.subtreePrefetch.vllm.log,1750,2026-09-22 08:15:13,400.0,17.0,1494.0,1,0,0.2,0.0
dataset-aime.model-qwen3-8b.alpha4.0.steps100.blocks-1.prefetch-budget-20.rank-accept_first.cut-entropy4.0.samples20.maxnew1024.seed10086.subtreePrefetch.vllm.log,1827,2026-09-22 08:15:23,410.0,33.4,1538.4,16,0,0.8,0.0
dataset-aime.model-qwen3-8b.alpha4.0.steps100.blocks-1.prefetch-budget-20.rank-accept_first.cut-entropy4.0.samples20.maxnew1024.seed10086.subtreePrefetch.vllm.log,1875,2026-09-22 08:15:33,420.0,20.4,1301.2,13,0,1.3,0.0
dataset-aime.model-qwen3-8b.alpha4.0.steps100.blocks-1.prefetch-budget-20.rank-accept_first.cut-entropy4.0.samples20.maxnew1024.seed10086.subtreePrefetch.vllm.log,1913,2026-09-22 08:15:43,430.0,15.7,1146.4,6,0,0.9,0.0
dataset-aime.model-qwen3-8b.alpha4.0.steps100.blocks-1.prefetch-budget-20.rank-accept_first.cut-entropy4.0.samples20.maxnew1024.seed10086.subtreePrefetch.vllm.log,1941,2026-09-22 08:15:53,440.0,8.7,613.7,1,0,0.2,0.0
dataset-aime.model-qwen3-8b.alpha4.0.steps100.blocks-1.prefetch-budget-20.rank-accept_first.cut-entropy4.0.samples20.maxnew1024.seed10086.subtreePrefetch.vllm.log,2041,2026-09-22 08:16:03,450.0,31.5,612.4,20,0,1.3,0.0
dataset-aime.model-qwen3-8b.alpha4.0.steps100.blocks-1.prefetch-budget-20.rank-accept_first.cut-entropy4.0.samples20.maxnew1024.seed10086.subtreePrefetch.vllm.log,2077,2026-09-22 08:16:13,460.0,22.1,1567.2,15,0,1.5,0.0
dataset-aime.model-qwen3-8b.alpha4.0.steps100.blocks-1.prefetch-budget-20.rank-accept_first.cut-entropy4.0.samples20.maxnew1024.seed10086.subtreePrefetch.vllm.log,2113,2026-09-22 08:16:23,470.0,15.0,1636.5,11,0,1.5,0.0
dataset-aime.model-qwen3-8b.alpha4.0.steps100.blocks-1.prefetch-budget-20.rank-accept_first.cut-entropy4.0.samples20.maxnew1024.seed10086.subtreePrefetch.vllm.log,2139,2026-09-22 08:16:33,480.0,19.9,1275.6,7,0,1.2,0.0
dataset-aime.model-qwen3-8b.alpha4.0.steps100.blocks-1.prefetch-budget-20.rank-accept_first.cut-entropy4.0.samples20.maxnew1024.seed10086.subtreePrefetch.vllm.log,2179,2026-09-22 08:16:43,490.0,16.6,1286.0,3,0,0.6,0.0
dataset-aime.model-qwen3-8b.alpha4.0.steps100.blocks-1.prefetch-budget-20.rank-accept_first.cut-entropy4.0.samples20.maxnew1024.seed10086.subtreePrefetch.vllm.log,2234,2026-09-22 08:16:53,500.0,32.2,1439.4,20,0,0.6,0.0
dataset-aime.model-qwen3-8b.alpha4.0.steps100.blocks-1.prefetch-budget-20.rank-accept_first.cut-entropy4.0.samples20.maxnew1024.seed10086.subtreePrefetch.vllm.log,2270,2026-09-22 08:17:03,510.0,16.4,1595.0,17,0,1.1,0.0
dataset-aime.model-qwen3-8b.alpha4.0.steps100.blocks-1.prefetch-budget-20.rank-accept_first.cut-entropy4.0.samples20.maxnew1024.seed10086.subtreePrefetch.vllm.log,2310,2026-09-22 08:17:13,520.0,19.5,1615.4,18,0,1.7,0.0
dataset-aime.model-qwen3-8b.alpha4.0.steps100.blocks-1.prefetch-budget-20.rank-accept_first.cut-entropy4.0.samples20.maxnew1024.seed10086.subtreePrefetch.vllm.log,2336,2026-09-22 08:17:23,530.0,13.8,1603.3,16,0,2.0,0.0
dataset-aime.model-qwen3-8b.alpha4.0.steps100.blocks-1.prefetch-budget-20.rank-accept_first.cut-entropy4.0.samples20.maxnew1024.seed10086.subtreePrefetch.vllm.log,2368,2026-09-22 08:17:33,540.0,12.5,1583.1,10,0,1.6,0.0
dataset-aime.model-qwen3-8b.alpha4.0.steps100.blocks-1.prefetch-budget-20.rank-accept_first.cut-entropy4.0.samples20.maxnew1024.seed10086.subtreePrefetch.vllm.log,2421,2026-09-22 08:17:43,550.0,35.5,1636.4,20,0,0.4,0.0
dataset-aime.model-qwen3-8b.alpha4.0.steps100.blocks-1.prefetch-budget-20.rank-accept_first.cut-entropy4.0.samples20.maxnew1024.seed10086.subtreePrefetch.vllm.log,2465,2026-09-22 08:17:53,560.0,15.8,1565.6,16,0,0.9,0.0
dataset-aime.model-qwen3-8b.alpha4.0.steps100.blocks-1.prefetch-budget-20.rank-accept_first.cut-entropy4.0.samples20.maxnew1024.seed10086.subtreePrefetch.vllm.log,2501,2026-09-22 08:18:03,570.0,18.5,1575.2,13,0,1.5,0.0
dataset-aime.model-qwen3-8b.alpha4.0.steps100.blocks-1.prefetch-budget-20.rank-accept_first.cut-entropy4.0.samples20.maxnew1024.seed10086.subtreePrefetch.vllm.log,2531,2026-09-22 08:18:13,580.0,18.2,1406.3,7,0,1.1,0.0
dataset-aime.model-qwen3-8b.alpha4.0.steps100.blocks-1.prefetch-budget-20.rank-accept_first.cut-entropy4.0.samples20.maxnew1024.seed10086.subtreePrefetch.vllm.log,2561,2026-09-22 08:18:23,590.0,16.4,1349.1,1,0,0.2,0.0
dataset-aime.model-qwen3-8b.alpha4.0.steps100.blocks-1.prefetch-budget-20.rank-accept_first.cut-entropy4.0.samples20.maxnew1024.seed10086.subtreePrefetch.vllm.log,2682,2026-09-22 08:18:33,600.0,28.2,1162.7,1,0,0.1,0.0
dataset-aime.model-qwen3-8b.alpha4.0.steps100.blocks-1.prefetch-budget-20.rank-accept_first.cut-entropy4.0.samples20.maxnew1024.seed10086.subtreePrefetch.vllm.log,2687,2026-09-22 08:18:43,610.0,18.7,670.3,17,0,1.3,0.0
dataset-aime.model-qwen3-8b.alpha4.0.steps100.blocks-1.prefetch-budget-20.rank-accept_first.cut-entropy4.0.samples20.maxnew1024.seed10086.subtreePrefetch.vllm.log,2705,2026-09-22 08:18:53,620.0,21.6,1547.0,16,0,1.7,0.0
dataset-aime.model-qwen3-8b.alpha4.0.steps100.blocks-1.prefetch-budget-20.rank-accept_first.cut-entropy4.0.samples20.maxnew1024.seed10086.subtreePrefetch.vllm.log,2743,2026-09-22 08:19:03,630.0,18.8,1679.3,16,0,2.1,0.0
dataset-aime.model-qwen3-8b.alpha4.0.steps100.blocks-1.prefetch-budget-20.rank-accept_first.cut-entropy4.0.samples20.maxnew1024.seed10086.subtreePrefetch.vllm.log,2769,2026-09-22 08:19:13,640.0,24.0,1584.3,14,0,2.2,0.0
dataset-aime.model-qwen3-8b.alpha4.0.steps100.blocks-1.prefetch-budget-20.rank-accept_first.cut-entropy4.0.samples20.maxnew1024.seed10086.subtreePrefetch.vllm.log,2805,2026-09-22 08:19:23,650.0,24.9,1253.4,2,0,0.4,0.0
dataset-aime.model-qwen3-8b.alpha4.0.steps100.blocks-1.prefetch-budget-20.rank-accept_first.cut-entropy4.0.samples20.maxnew1024.seed10086.subtreePrefetch.vllm.log,2886,2026-09-22 08:19:33,660.0,42.1,1321.4,20,0,0.4,0.0
dataset-aime.model-qwen3-8b.alpha4.0.steps100.blocks-1.prefetch-budget-20.rank-accept_first.cut-entropy4.0.samples20.maxnew1024.seed10086.subtreePrefetch.vllm.log,2918,2026-09-22 08:19:43,670.0,19.6,1431.2,19,0,0.9,0.0
dataset-aime.model-qwen3-8b.alpha4.0.steps100.blocks-1.prefetch-budget-20.rank-accept_first.cut-entropy4.0.samples20.maxnew1024.seed10086.subtreePrefetch.vllm.log,2944,2026-09-22 08:19:53,680.0,23.1,1672.3,19,0,1.4,0.0
dataset-aime.model-qwen3-8b.alpha4.0.steps100.blocks-1.prefetch-budget-20.rank-accept_first.cut-entropy4.0.samples20.maxnew1024.seed10086.subtreePrefetch.vllm.log,2984,2026-09-22 08:20:03,690.0,18.2,1532.4,15,0,1.5,0.0
dataset-aime.model-qwen3-8b.alpha4.0.steps100.blocks-1.prefetch-budget-20.rank-accept_first.cut-entropy4.0.samples20.maxnew1024.seed10086.subtreePrefetch.vllm.log,3012,2026-09-22 08:20:13,700.0,18.3,1424.3,15,0,1.9,0.0
dataset-aime.model-qwen3-8b.alpha4.0.steps100.blocks-1.prefetch-budget-20.rank-accept_first.cut-entropy4.0.samples20.maxnew1024.seed10086.subtreePrefetch.vllm.log,3048,2026-09-22 08:20:23,710.0,19.9,1372.8,5,0,0.8,0.0
dataset-aime.model-qwen3-8b.alpha4.0.steps100.blocks-1.prefetch-budget-20.rank-accept_first.cut-entropy4.0.samples20.maxnew1024.seed10086.subtreePrefetch.vllm.log,3094,2026-09-22 08:20:33,720.0,18.7,1333.4,5,0,1.0,0.0
dataset-aime.model-qwen3-8b.alpha4.0.steps100.blocks-1.prefetch-budget-20.rank-accept_first.cut-entropy4.0.samples20.maxnew1024.seed10086.subtreePrefetch.vllm.log,3177,2026-09-22 08:20:43,730.0,45.9,1214.8,20,0,0.5,0.0
dataset-aime.model-qwen3-8b.alpha4.0.steps100.blocks-1.prefetch-budget-20.rank-accept_first.cut-entropy4.0.samples20.maxnew1024.seed10086.subtreePrefetch.vllm.log,3221,2026-09-22 08:20:53,740.0,20.8,1247.9,19,0,1.1,0.0
dataset-aime.model-qwen3-8b.alpha4.0.steps100.blocks-1.prefetch-budget-20.rank-accept_first.cut-entropy4.0.samples20.maxnew1024.seed10086.subtreePrefetch.vllm.log,3253,2026-09-22 08:21:03,750.0,17.7,1699.6,20,0,1.7,0.0
dataset-aime.model-qwen3-8b.alpha4.0.steps100.blocks-1.prefetch-budget-20.rank-accept_first.cut-entropy4.0.samples20.maxnew1024.seed10086.subtreePrefetch.vllm.log,3283,2026-09-22 08:21:13,760.0,19.6,1522.6,15,0,1.7,0.0
dataset-aime.model-qwen3-8b.alpha4.0.steps100.blocks-1.prefetch-budget-20.rank-accept_first.cut-entropy4.0.samples20.maxnew1024.seed10086.subtreePrefetch.vllm.log,3321,2026-09-22 08:21:24,771.0,24.5,1308.5,11,0,1.6,0.0
dataset-aime.model-qwen3-8b.alpha4.0.steps100.blocks-1.prefetch-budget-20.rank-accept_first.cut-entropy4.0.samples20.maxnew1024.seed10086.subtreePrefetch.vllm.log,3359,2026-09-22 08:21:34,781.0,19.8,1377.6,4,0,0.7,0.0
dataset-aime.model-qwen3-8b.alpha4.0.steps100.blocks-1.prefetch-budget-20.rank-accept_first.cut-entropy4.0.samples20.maxnew1024.seed10086.subtreePrefetch.vllm.log,3395,2026-09-22 08:21:44,791.0,20.0,1521.2,3,0,0.6,0.0
dataset-aime.model-qwen3-8b.alpha4.0.steps100.blocks-1.prefetch-budget-20.rank-accept_first.cut-entropy4.0.samples20.maxnew1024.seed10086.subtreePrefetch.vllm.log,3460,2026-09-22 08:21:54,801.0,24.9,1246.6,2,0,0.2,0.0
dataset-aime.model-qwen3-8b.alpha4.0.steps100.blocks-1.prefetch-budget-20.rank-accept_first.cut-entropy4.0.samples20.maxnew1024.seed10086.subtreePrefetch.vllm.log,3525,2026-09-22 08:22:04,811.0,34.7,175.1,1,0,0.1,0.0
dataset-aime.model-qwen3-8b.alpha4.0.steps100.blocks-1.prefetch-budget-20.rank-accept_first.cut-entropy4.0.samples20.maxnew1024.seed10086.subtreePrefetch.vllm.log,3530,2026-09-22 08:22:14,821.0,21.2,964.8,9,0,1.2,0.0
dataset-aime.model-qwen3-8b.alpha4.0.steps100.blocks-1.prefetch-budget-20.rank-accept_first.cut-entropy4.0.samples20.maxnew1024.seed10086.subtreePrefetch.vllm.log,3568,2026-09-22 08:22:24,831.0,18.4,1672.2,7,0,1.3,0.0
dataset-aime.model-qwen3-8b.alpha4.0.steps100.blocks-1.prefetch-budget-20.rank-accept_first.cut-entropy4.0.samples20.maxnew1024.seed10086.subtreePrefetch.vllm.log,3625,2026-09-22 08:22:34,841.0,32.8,1592.9,16,0,0.9,0.0
dataset-aime.model-qwen3-8b.alpha4.0.steps100.blocks-1.prefetch-budget-20.rank-accept_first.cut-entropy4.0.samples20.maxnew1024.seed10086.subtreePrefetch.vllm.log,3661,2026-09-22 08:22:44,851.0,19.9,1434.5,13,0,1.5,0.0
dataset-aime.model-qwen3-8b.alpha4.0.steps100.blocks-1.prefetch-budget-20.rank-accept_first.cut-entropy4.0.samples20.maxnew1024.seed10086.subtreePrefetch.vllm.log,3693,2026-09-22 08:22:54,861.0,18.0,1393.3,10,0,1.7,0.0
dataset-aime.model-qwen3-8b.alpha4.0.steps100.blocks-1.prefetch-budget-20.rank-accept_first.cut-entropy4.0.samples20.maxnew1024.seed10086.subtreePrefetch.vllm.log,3756,2026-09-22 08:23:04,871.0,36.4,1306.0,19,0,0.5,0.0
dataset-aime.model-qwen3-8b.alpha4.0.steps100.blocks-1.prefetch-budget-20.rank-accept_first.cut-entropy4.0.samples20.maxnew1024.seed10086.subtreePrefetch.vllm.log,3794,2026-09-22 08:23:14,881.0,17.2,1550.9,16,0,1.2,0.0
dataset-aime.model-qwen3-8b.alpha4.0.steps100.blocks-1.prefetch-budget-20.rank-accept_first.cut-entropy4.0.samples20.maxnew1024.seed10086.subtreePrefetch.vllm.log,3830,2026-09-22 08:23:24,891.0,18.6,1626.8,11,0,1.5,0.0
dataset-aime.model-qwen3-8b.alpha4.0.steps100.blocks-1.prefetch-budget-20.rank-accept_first.cut-entropy4.0.samples20.maxnew1024.seed10086.subtreePrefetch.vllm.log,3862,2026-09-22 08:23:34,901.0,16.6,1333.5,7,0,1.2,0.0
dataset-aime.model-qwen3-8b.alpha4.0.steps100.blocks-1.prefetch-budget-20.rank-accept_first.cut-entropy4.0.samples20.maxnew1024.seed10086.subtreePrefetch.vllm.log,3894,2026-09-22 08:23:44,911.0,17.2,1291.6,2,0,0.5,0.0
dataset-aime.model-qwen3-8b.alpha4.0.steps100.blocks-1.prefetch-budget-20.rank-accept_first.cut-entropy4.0.samples20.maxnew1024.seed10086.subtreePrefetch.vllm.log,3961,2026-09-22 08:23:54,921.0,40.7,1320.7,19,0,1.3,0.0
dataset-aime.model-qwen3-8b.alpha4.0.steps100.blocks-1.prefetch-budget-20.rank-accept_first.cut-entropy4.0.samples20.maxnew1024.seed10086.subtreePrefetch.vllm.log,3995,2026-09-22 08:24:04,931.0,21.1,1634.5,12,0,1.1,0.0
dataset-aime.model-qwen3-8b.alpha4.0.steps100.blocks-1.prefetch-budget-20.rank-accept_first.cut-entropy4.0.samples20.maxnew1024.seed10086.subtreePrefetch.vllm.log,4039,2026-09-22 08:24:14,941.0,16.4,1491.2,12,0,1.7,0.0
dataset-aime.model-qwen3-8b.alpha4.0.steps100.blocks-1.prefetch-budget-20.rank-accept_first.cut-entropy4.0.samples20.maxnew1024.seed10086.subtreePrefetch.vllm.log,4077,2026-09-22 08:24:24,951.0,15.4,1143.7,6,0,1.1,0.0
dataset-aime.model-qwen3-8b.alpha4.0.steps100.blocks-1.prefetch-budget-20.rank-accept_first.cut-entropy4.0.samples20.maxnew1024.seed10086.subtreePrefetch.vllm.log,4132,2026-09-22 08:24:34,961.0,38.0,1590.6,20,0,0.7,0.0
dataset-aime.model-qwen3-8b.alpha4.0.steps100.blocks-1.prefetch-budget-20.rank-accept_first.cut-entropy4.0.samples20.maxnew1024.seed10086.subtreePrefetch.vllm.log,4164,2026-09-22 08:24:44,971.0,14.5,1769.9,19,0,1.1,0.0
dataset-aime.model-qwen3-8b.alpha4.0.steps100.blocks-1.prefetch-budget-20.rank-accept_first.cut-entropy4.0.samples20.maxnew1024.seed10086.subtreePrefetch.vllm.log,4198,2026-09-22 08:24:54,981.0,18.9,1712.5,14,0,1.5,0.0
dataset-aime.model-qwen3-8b.alpha4.0.steps100.blocks-1.prefetch-budget-20.rank-accept_first.cut-entropy4.0.samples20.maxnew1024.seed10086.subtreePrefetch.vllm.log,4240,2026-09-22 08:25:04,991.0,11.2,1434.2,10,0,1.5,0.0
dataset-aime.model-qwen3-8b.alpha4.0.steps100.blocks-1.prefetch-budget-20.rank-accept_first.cut-entropy4.0.samples20.maxnew1024.seed10086.subtreePrefetch.vllm.log,4313,2026-09-22 08:25:14,1001.0,21.5,1536.0,2,0,0.3,0.0
dataset-aime.model-qwen3-8b.alpha4.0.steps100.blocks-1.prefetch-budget-20.rank-accept_first.cut-entropy4.0.samples20.maxnew1024.seed10086.subtreePrefetch.vllm.log,4357,2026-09-22 08:25:24,1011.0,37.8,270.0,19,0,0.5,0.0
dataset-aime.model-qwen3-8b.alpha4.0.steps100.blocks-1.prefetch-budget-20.rank-accept_first.cut-entropy4.0.samples20.maxnew1024.seed10086.subtreePrefetch.vllm.log,4401,2026-09-22 08:25:34,1021.0,18.5,1638.0,19,0,1.1,0.0
dataset-aime.model-qwen3-8b.alpha4.0.steps100.blocks-1.prefetch-budget-20.rank-accept_first.cut-entropy4.0.samples20.maxnew1024.seed10086.subtreePrefetch.vllm.log,4437,2026-09-22 08:25:44,1031.0,23.1,1565.7,18,0,1.7,0.0
dataset-aime.model-qwen3-8b.alpha4.0.steps100.blocks-1.prefetch-budget-20.rank-accept_first.cut-entropy4.0.samples20.maxnew1024.seed10086.subtreePrefetch.vllm.log,4475,2026-09-22 08:25:54,1041.0,20.0,1674.4,17,0,2.0,0.0
dataset-aime.model-qwen3-8b.alpha4.0.steps100.blocks-1.prefetch-budget-20.rank-accept_first.cut-entropy4.0.samples20.maxnew1024.seed10086.subtreePrefetch.vllm.log,4503,2026-09-22 08:26:04,1051.0,15.6,1797.5,14,0,2.2,0.0
dataset-aime.model-qwen3-8b.alpha4.0.steps100.blocks-1.prefetch-budget-20.rank-accept_first.cut-entropy4.0.samples20.maxnew1024.seed10086.subtreePrefetch.vllm.log,4527,2026-09-22 08:26:14,1061.0,20.6,1518.2,4,0,0.8,0.0
dataset-aime.model-qwen3-8b.alpha4.0.steps100.blocks-1.prefetch-budget-20.rank-accept_first.cut-entropy4.0.samples20.maxnew1024.seed10086.subtreePrefetch.vllm.log,4608,2026-09-22 08:26:24,1071.0,37.8,1505.7,20,0,0.9,0.0
dataset-aime.model-qwen3-8b.alpha4.0.steps100.blocks-1.prefetch-budget-20.rank-accept_first.cut-entropy4.0.samples20.maxnew1024.seed10086.subtreePrefetch.vllm.log,4650,2026-09-22 08:26:34,1081.0,22.5,1603.7,20,0,1.4,0.0
dataset-aime.model-qwen3-8b.alpha4.0.steps100.blocks-1.prefetch-budget-20.rank-accept_first.cut-entropy4.0.samples20.maxnew1024.seed10086.subtreePrefetch.vllm.log,4692,2026-09-22 08:26:44,1091.0,21.6,1562.3,15,0,1.6,0.0
dataset-aime.model-qwen3-8b.alpha4.0.steps100.blocks-1.prefetch-budget-20.rank-accept_first.cut-entropy4.0.samples20.maxnew1024.seed10086.subtreePrefetch.vllm.log,4710,2026-09-22 08:26:54,1101.0,20.3,1434.1,13,0,1.8,0.0
dataset-aime.model-qwen3-8b.alpha4.0.steps100.blocks-1.prefetch-budget-20.rank-accept_first.cut-entropy4.0.samples20.maxnew1024.seed10086.subtreePrefetch.vllm.log,4791,2026-09-22 08:27:04,1111.0,42.6,1321.4,20,0,0.4,0.0
dataset-aime.model-qwen3-8b.alpha4.0.steps100.blocks-1.prefetch-budget-20.rank-accept_first.cut-entropy4.0.samples20.maxnew1024.seed10086.subtreePrefetch.vllm.log,4831,2026-09-22 08:27:14,1121.0,22.9,1643.6,17,0,0.9,0.0
dataset-aime.model-qwen3-8b.alpha4.0.steps100.blocks-1.prefetch-budget-20.rank-accept_first.cut-entropy4.0.samples20.maxnew1024.seed10086.subtreePrefetch.vllm.log,4863,2026-09-22 08:27:24,1131.0,16.8,1485.1,17,0,1.6,0.0
dataset-aime.model-qwen3-8b.alpha4.0.steps100.blocks-1.prefetch-budget-20.rank-accept_first.cut-entropy4.0.samples20.maxnew1024.seed10086.subtreePrefetch.vllm.log,4905,2026-09-22 08:27:34,1141.0,17.9,1549.7,13,0,1.6,0.0
dataset-aime.model-qwen3-8b.alpha4.0.steps100.blocks-1.prefetch-budget-20.rank-accept_first.cut-entropy4.0.samples20.maxnew1024.seed10086.subtreePrefetch.vllm.log,4949,2026-09-22 08:27:44,1151.0,18.6,1452.1,7,0,1.2,0.0
dataset-aime.model-qwen3-8b.alpha4.0.steps100.blocks-1.prefetch-budget-20.rank-accept_first.cut-entropy4.0.samples20.maxnew1024.seed10086.subtreePrefetch.vllm.log,4979,2026-09-22 08:27:54,1161.0,14.9,1303.0,2,0,0.4,0.0
dataset-aime.model-qwen3-8b.alpha4.0.steps100.blocks-1.prefetch-budget-20.rank-accept_first.cut-entropy4.0.samples20.maxnew1024.seed10086.subtreePrefetch.vllm.log,5038,2026-09-22 08:28:04,1171.0,36.4,1497.3,20,0,0.5,0.0
dataset-aime.model-qwen3-8b.alpha4.0.steps100.blocks-1.prefetch-budget-20.rank-accept_first.cut-entropy4.0.samples20.maxnew1024.seed10086.subtreePrefetch.vllm.log,5070,2026-09-22 08:28:14,1181.0,22.1,1650.0,20,0,1.1,0.0
dataset-aime.model-qwen3-8b.alpha4.0.steps100.blocks-1.prefetch-budget-20.rank-accept_first.cut-entropy4.0.samples20.maxnew1024.seed10086.subtreePrefetch.vllm.log,5100,2026-09-22 08:28:24,1191.0,18.8,1749.9,18,0,1.6,0.0
dataset-aime.model-qwen3-8b.alpha4.0.steps100.blocks-1.prefetch-budget-20.rank-accept_first.cut-entropy4.0.samples20.maxnew1024.seed10086.subtreePrefetch.vllm.log,5132,2026-09-22 08:28:34,1201.0,17.8,1516.6,14,0,1.7,0.0
dataset-aime.model-qwen3-8b.alpha4.0.steps100.blocks-1.prefetch-budget-20.rank-accept_first.cut-entropy4.0.samples20.maxnew1024.seed10086.subtreePrefetch.vllm.log,5172,2026-09-22 08:28:44,1211.0,7.9,663.5,1,0,0.2,0.0
dataset-aime.model-qwen3-8b.alpha4.0.steps100.blocks-1.prefetch-budget-20.rank-accept_first.cut-entropy4.0.samples20.maxnew1024.seed10086.subtreePrefetch.vllm.log,5234,2026-09-22 08:28:54,1221.0,26.9,368.9,20,0,0.7,0.0
dataset-aime.model-qwen3-8b.alpha4.0.steps100.blocks-1.prefetch-budget-20.rank-accept_first.cut-entropy4.0.samples20.maxnew1024.seed10086.subtreePrefetch.vllm.log,5276,2026-09-22 08:29:04,1231.0,14.7,1683.7,12,0,1.3,0.0
dataset-aime.model-qwen3-8b.alpha4.0.steps100.blocks-1.prefetch-budget-20.rank-accept_first.cut-entropy4.0.samples20.maxnew1024.seed10086.subtreePrefetch.vllm.log,5314,2026-09-22 08:29:14,1241.0,18.5,1507.7,12,0,2.0,0.0
dataset-aime.model-qwen3-8b.alpha4.0.steps100.blocks-1.prefetch-budget-20.rank-accept_first.cut-entropy4.0.samples20.maxnew1024.seed10086.subtreePrefetch.vllm.log,5348,2026-09-22 08:29:24,1251.0,18.9,1666.2,1,0,0.2,0.0
dataset-aime.model-qwen3-8b.alpha4.0.steps100.blocks-1.prefetch-budget-20.rank-accept_first.cut-entropy4.0.samples20.maxnew1024.seed10086.subtreePrefetch.vllm.log,5417,2026-09-22 08:29:34,1261.0,36.3,1881.4,19,0,0.8,0.0
dataset-aime.model-qwen3-8b.alpha4.0.steps100.blocks-1.prefetch-budget-20.rank-accept_first.cut-entropy4.0.samples20.maxnew1024.seed10086.subtreePrefetch.vllm.log,5445,2026-09-22 08:29:44,1271.0,17.1,1744.5,16,0,1.3,0.0
dataset-aime.model-qwen3-8b.alpha4.0.steps100.blocks-1.prefetch-budget-20.rank-accept_first.cut-entropy4.0.samples20.maxnew1024.seed10086.subtreePrefetch.vllm.log,5481,2026-09-22 08:29:54,1281.0,15.5,1532.3,12,0,1.7,0.0
dataset-aime.model-qwen3-8b.alpha4.0.steps100.blocks-1.prefetch-budget-20.rank-accept_first.cut-entropy4.0.samples20.maxnew1024.seed10086.subtreePrefetch.vllm.log,5513,2026-09-22 08:30:04,1291.0,20.7,1548.1,14,0,2.3,0.0
dataset-aime.model-qwen3-8b.alpha4.0.steps100.blocks-1.prefetch-budget-20.rank-accept_first.cut-entropy4.0.samples20.maxnew1024.seed10086.subtreePrefetch.vllm.log,5596,2026-09-22 08:30:14,1301.0,36.4,1223.8,20,0,0.3,0.0
dataset-aime.model-qwen3-8b.alpha4.0.steps100.blocks-1.prefetch-budget-20.rank-accept_first.cut-entropy4.0.samples20.maxnew1024.seed10086.subtreePrefetch.vllm.log,5638,2026-09-22 08:30:24,1311.0,16.7,1802.2,20,0,1.0,0.0
dataset-aime.model-qwen3-8b.alpha4.0.steps100.blocks-1.prefetch-budget-20.rank-accept_first.cut-entropy4.0.samples20.maxnew1024.seed10086.subtreePrefetch.vllm.log,5670,2026-09-22 08:30:34,1321.0,19.8,1808.3,15,0,1.3,0.0
dataset-aime.model-qwen3-8b.alpha4.0.steps100.blocks-1.prefetch-budget-20.rank-accept_first.cut-entropy4.0.samples20.maxnew1024.seed10086.subtreePrefetch.vllm.log,5704,2026-09-22 08:30:44,1331.0,16.1,1757.6,18,0,2.3,0.0
dataset-aime.model-qwen3-8b.alpha4.0.steps100.blocks-1.prefetch-budget-20.rank-accept_first.cut-entropy4.0.samples20.maxnew1024.seed10086.subtreePrefetch.vllm.log,5740,2026-09-22 08:30:54,1341.0,17.2,1754.7,16,0,2.6,0.0
dataset-aime.model-qwen3-8b.alpha4.0.steps100.blocks-1.prefetch-budget-20.rank-accept_first.cut-entropy4.0.samples20.maxnew1024.seed10086.subtreePrefetch.vllm.log,5778,2026-09-22 08:31:04,1351.0,16.4,1737.3,3,0,0.6,0.0
dataset-aime.model-qwen3-8b.alpha4.0.steps100.blocks-1.prefetch-budget-20.rank-accept_first.cut-entropy4.0.samples20.maxnew1024.seed10086.subtreePrefetch.vllm.log,5855,2026-09-22 08:31:14,1361.0,37.3,1528.0,20,0,0.8,0.0
dataset-aime.model-qwen3-8b.alpha4.0.steps100.blocks-1.prefetch-budget-20.rank-accept_first.cut-entropy4.0.samples20.maxnew1024.seed10086.subtreePrefetch.vllm.log,5901,2026-09-22 08:31:24,1371.0,13.3,1520.6,19,0,1.3,0.0
dataset-aime.model-qwen3-8b.alpha4.0.steps100.blocks-1.prefetch-budget-20.rank-accept_first.cut-entropy4.0.samples20.maxnew1024.seed10086.subtreePrefetch.vllm.log,5935,2026-09-22 08:31:34,1381.0,15.7,1601.5,16,0,1.6,0.0
dataset-aime.model-qwen3-8b.alpha4.0.steps100.blocks-1.prefetch-budget-20.rank-accept_first.cut-entropy4.0.samples20.maxnew1024.seed10086.subtreePrefetch.vllm.log,5977,2026-09-22 08:31:44,1391.0,20.1,1606.7,10,0,1.6,0.0
dataset-aime.model-qwen3-8b.alpha4.0.steps100.blocks-1.prefetch-budget-20.rank-accept_first.cut-entropy4.0.samples20.maxnew1024.seed10086.subtreePrefetch.vllm.log,6021,2026-09-22 08:31:54,1401.0,14.4,1556.5,1,0,0.2,0.0
dataset-aime.model-qwen3-8b.alpha4.0.steps100.blocks-1.prefetch-budget-20.rank-accept_first.cut-entropy4.0.samples20.maxnew1024.seed10086.subtreePrefetch.vllm.log,6162,2026-09-22 08:32:04,1411.0,30.9,383.7,1,0,0.1,0.0
dataset-aime.model-qwen3-8b.alpha4.0.steps100.blocks-1.prefetch-budget-20.rank-accept_first.cut-entropy4.0.samples20.maxnew1024.seed10086.subtreePrefetch.vllm.log,6167,2026-09-22 08:32:14,1421.0,14.7,922.9,11,0,1.3,0.0
dataset-aime.model-qwen3-8b.alpha4.0.steps100.blocks-1.prefetch-budget-20.rank-accept_first.cut-entropy4.0.samples20.maxnew1024.seed10086.subtreePrefetch.vllm.log,6203,2026-09-22 08:32:24,1431.0,18.1,1519.3,12,0,1.9,0.0
dataset-aime.model-qwen3-8b.alpha4.0.steps100.blocks-1.prefetch-budget-20.rank-accept_first.cut-entropy4.0.samples20.maxnew1024.seed10086.subtreePrefetch.vllm.log,6241,2026-09-22 08:32:34,1441.0,12.6,1332.4,2,0,0.4,0.0
dataset-aime.model-qwen3-8b.alpha4.0.steps100.blocks-1.prefetch-budget-20.rank-accept_first.cut-entropy4.0.samples20.maxnew1024.seed10086.subtreePrefetch.vllm.log,6302,2026-09-22 08:32:44,1451.0,31.8,1330.2,20,0,0.4,0.0
dataset-aime.model-qwen3-8b.alpha4.0.steps100.blocks-1.prefetch-budget-20.rank-accept_first.cut-entropy4.0.samples20.maxnew1024.seed10086.subtreePrefetch.vllm.log,6340,2026-09-22 08:32:54,1461.0,18.9,1505.4,19,0,0.9,0.0
dataset-aime.model-qwen3-8b.alpha4.0.steps100.blocks-1.prefetch-budget-20.rank-accept_first.cut-entropy4.0.samples20.maxnew1024.seed10086.subtreePrefetch.vllm.log,6384,2026-09-22 08:33:04,1471.0,18.4,1507.9,19,0,1.6,0.0
dataset-aime.model-qwen3-8b.alpha4.0.steps100.blocks-1.prefetch-budget-20.rank-accept_first.cut-entropy4.0.samples20.maxnew1024.seed10086.subtreePrefetch.vllm.log,6416,2026-09-22 08:33:14,1481.0,18.7,1538.1,12,0,1.4,0.0
dataset-aime.model-qwen3-8b.alpha4.0.steps100.blocks-1.prefetch-budget-20.rank-accept_first.cut-entropy4.0.samples20.maxnew1024.seed10086.subtreePrefetch.vllm.log,6458,2026-09-22 08:33:24,1491.0,19.4,1189.2,7,0,1.1,0.0
dataset-aime.model-qwen3-8b.alpha4.0.steps100.blocks-1.prefetch-budget-20.rank-accept_first.cut-entropy4.0.samples20.maxnew1024.seed10086.subtreePrefetch.vllm.log,6494,2026-09-22 08:33:34,1501.0,22.1,1413.0,5,0,1.0,0.0
dataset-aime.model-qwen3-8b.alpha4.0.steps100.blocks-1.prefetch-budget-20.rank-accept_first.cut-entropy4.0.samples20.maxnew1024.seed10086.subtreePrefetch.vllm.log,6569,2026-09-22 08:33:44,1511.0,39.2,1390.6,20,0,0.3,0.0
dataset-aime.model-qwen3-8b.alpha4.0.steps100.blocks-1.prefetch-budget-20.rank-accept_first.cut-entropy4.0.samples20.maxnew1024.seed10086.subtreePrefetch.vllm.log,6607,2026-09-22 08:33:54,1521.0,21.4,1718.2,20,0,0.9,0.0
dataset-aime.model-qwen3-8b.alpha4.0.steps100.blocks-1.prefetch-budget-20.rank-accept_first.cut-entropy4.0.samples20.maxnew1024.seed10086.subtreePrefetch.vllm.log,6647,2026-09-22 08:34:04,1531.0,18.7,1431.0,20,0,1.5,0.0
dataset-aime.model-qwen3-8b.alpha4.0.steps100.blocks-1.prefetch-budget-20.rank-accept_first.cut-entropy4.0.samples20.maxnew1024.seed10086.subtreePrefetch.vllm.log,6681,2026-09-22 08:34:14,1541.0,17.9,1574.8,12,0,1.3,0.0
dataset-aime.model-qwen3-8b.alpha4.0.steps100.blocks-1.prefetch-budget-20.rank-accept_first.cut-entropy4.0.samples20.maxnew1024.seed10086.subtreePrefetch.vllm.log,6723,2026-09-22 08:34:24,1551.0,21.3,1599.5,6,0,1.0,0.0
dataset-aime.model-qwen3-8b.alpha4.0.steps100.blocks-1.prefetch-budget-20.rank-accept_first.cut-entropy4.0.samples20.maxnew1024.seed10086.subtreePrefetch.vllm.log,6755,2026-09-22 08:34:34,1561.0,20.5,1321.4,1,0,0.3,0.0
dataset-aime.model-qwen3-8b.alpha4.0.steps100.blocks-1.prefetch-budget-20.rank-accept_first.cut-entropy4.0.samples20.maxnew1024.seed10086.subtreePrefetch.vllm.log,6832,2026-09-22 08:34:44,1571.0,34.8,1592.7,20,0,0.7,0.0
dataset-aime.model-qwen3-8b.alpha4.0.steps100.blocks-1.prefetch-budget-20.rank-accept_first.cut-entropy4.0.samples20.maxnew1024.seed10086.subtreePrefetch.vllm.log,6868,2026-09-22 08:34:54,1581.0,17.2,1691.5,19,0,1.1,0.0
dataset-aime.model-qwen3-8b.alpha4.0.steps100.blocks-1.prefetch-budget-20.rank-accept_first.cut-entropy4.0.samples20.maxnew1024.seed10086.subtreePrefetch.vllm.log,6908,2026-09-22 08:35:04,1591.0,19.1,1661.7,16,0,1.5,0.0
dataset-aime.model-qwen3-8b.alpha4.0.steps100.blocks-1.prefetch-budget-20.rank-accept_first.cut-entropy4.0.samples20.maxnew1024.seed10086.subtreePrefetch.vllm.log,6942,2026-09-22 08:35:14,1601.0,3.7,821.5,1,0,0.2,0.0
dataset-aime.model-qwen3-8b.alpha4.0.steps100.blocks-1.prefetch-budget-20.rank-accept_first.cut-entropy4.0.samples20.maxnew1024.seed10086.subtreePrefetch.vllm.log,6997,2026-09-22 08:35:24,1611.0,10.8,132.9,1,0,0.2,0.0
dataset-aime.model-qwen3-8b.alpha4.0.steps100.blocks-1.prefetch-budget-20.rank-accept_first.cut-entropy4.0.samples20.maxnew1024.seed10086.subtreePrefetch.vllm.log,7002,2026-09-22 08:35:34,1621.0,16.0,1393.9,3,0,0.6,0.0
dataset-aime.model-qwen3-8b.alpha4.0.steps100.blocks-1.prefetch-budget-20.rank-accept_first.cut-entropy4.0.samples20.maxnew1024.seed10086.subtreePrefetch.vllm.log,7067,2026-09-22 08:35:44,1631.0,23.1,1773.2,20,0,0.9,0.0
dataset-aime.model-qwen3-8b.alpha4.0.steps100.blocks-1.prefetch-budget-20.rank-accept_first.cut-entropy4.0.samples20.maxnew1024.seed10086.subtreePrefetch.vllm.log,7095,2026-09-22 08:35:54,1641.0,14.4,1822.2,17,0,1.4,0.0
dataset-aime.model-qwen3-8b.alpha4.0.steps100.blocks-1.prefetch-budget-20.rank-accept_first.cut-entropy4.0.samples20.maxnew1024.seed10086.subtreePrefetch.vllm.log,7121,2026-09-22 08:36:04,1651.0,11.7,1656.1,16,0,1.8,0.0
dataset-aime.model-qwen3-8b.alpha4.0.steps100.blocks-1.prefetch-budget-20.rank-accept_first.cut-entropy4.0.samples20.maxnew1024.seed10086.subtreePrefetch.vllm.log,7157,2026-09-22 08:36:14,1661.0,12.9,1620.1,10,0,1.5,0.0
dataset-aime.model-qwen3-8b.alpha4.0.steps100.blocks-1.prefetch-budget-20.rank-accept_first.cut-entropy4.0.samples20.maxnew1024.seed10086.subtreePrefetch.vllm.log,7195,2026-09-22 08:36:24,1671.0,12.8,1619.7,4,0,0.8,0.0
dataset-aime.model-qwen3-8b.alpha4.0.steps100.blocks-1.prefetch-budget-20.rank-accept_first.cut-entropy4.0.samples20.maxnew1024.seed10086.subtreePrefetch.vllm.log,7250,2026-09-22 08:36:34,1681.0,29.5,1652.5,20,0,0.5,0.0
dataset-aime.model-qwen3-8b.alpha4.0.steps100.blocks-1.prefetch-budget-20.rank-accept_first.cut-entropy4.0.samples20.maxnew1024.seed10086.subtreePrefetch.vllm.log,7288,2026-09-22 08:36:44,1691.0,17.4,1768.6,20,0,1.2,0.0
dataset-aime.model-qwen3-8b.alpha4.0.steps100.blocks-1.prefetch-budget-20.rank-accept_first.cut-entropy4.0.samples20.maxnew1024.seed10086.subtreePrefetch.vllm.log,7326,2026-09-22 08:36:54,1701.0,16.3,1723.3,18,0,1.7,0.0
dataset-aime.model-qwen3-8b.alpha4.0.steps100.blocks-1.prefetch-budget-20.rank-accept_first.cut-entropy4.0.samples20.maxnew1024.seed10086.subtreePrefetch.vllm.log,7356,2026-09-22 08:37:04,1711.0,12.0,1750.0,11,0,1.4,0.0
dataset-aime.model-qwen3-8b.alpha4.0.steps100.blocks-1.prefetch-budget-20.rank-accept_first.cut-entropy4.0.samples20.maxnew1024.seed10086.subtreePrefetch.vllm.log,7396,2026-09-22 08:37:14,1721.0,12.3,1536.3,3,0,0.6,0.0
dataset-aime.model-qwen3-8b.alpha4.0.steps100.blocks-1.prefetch-budget-20.rank-accept_first.cut-entropy4.0.samples20.maxnew1024.seed10086.subtreePrefetch.vllm.log,7443,2026-09-22 08:37:24,1731.0,25.9,1698.6,20,0,0.6,0.0
dataset-aime.model-qwen3-8b.alpha4.0.steps100.blocks-1.prefetch-budget-20.rank-accept_first.cut-entropy4.0.samples20.maxnew1024.seed10086.subtreePrefetch.vllm.log,7485,2026-09-22 08:37:34,1741.0,16.6,1825.5,20,0,1.2,0.0
dataset-aime.model-qwen3-8b.alpha4.0.steps100.blocks-1.prefetch-budget-20.rank-accept_first.cut-entropy4.0.samples20.maxnew1024.seed10086.subtreePrefetch.vllm.log,7515,2026-09-22 08:37:44,1751.0,17.5,1780.0,17,0,1.6,0.0
dataset-aime.model-qwen3-8b.alpha4.0.steps100.blocks-1.prefetch-budget-20.rank-accept_first.cut-entropy4.0.samples20.maxnew1024.seed10086.subtreePrefetch.vllm.log,7549,2026-09-22 08:37:54,1761.0,14.0,1830.9,20,0,2.5,0.0
dataset-aime.model-qwen3-8b.alpha4.0.steps100.blocks-1.prefetch-budget-20.rank-accept_first.cut-entropy4.0.samples20.maxnew1024.seed10086.subtreePrefetch.vllm.log,7575,2026-09-22 08:38:04,1771.0,18.8,1797.1,13,0,2.0,0.0
dataset-aime.model-qwen3-8b.alpha4.0.steps100.blocks-1.prefetch-budget-20.rank-accept_first.cut-entropy4.0.samples20.maxnew1024.seed10086.subtreePrefetch.vllm.log,7613,2026-09-22 08:38:14,1781.0,19.3,1575.7,1,0,0.2,0.0
dataset-aime.model-qwen3-8b.alpha4.0.steps100.blocks-1.prefetch-budget-20.rank-accept_first.cut-entropy4.0.samples20.maxnew1024.seed10086.subtreePrefetch.vllm.log,7712,2026-09-22 08:38:24,1791.0,29.6,1349.2,1,0,0.1,0.0
dataset-aime.model-qwen3-8b.alpha4.0.steps100.blocks-1.prefetch-budget-20.rank-accept_first.cut-entropy4.0.samples20.maxnew1024.seed10086.subtreePrefetch.vllm.log,7717,2026-09-22 08:38:34,1801.0,17.4,772.6,8,0,0.9,0.0
dataset-aime.model-qwen3-8b.alpha4.0.steps100.blocks-1.prefetch-budget-20.rank-accept_first.cut-entropy4.0.samples20.maxnew1024.seed10086.subtreePrefetch.vllm.log,7755,2026-09-22 08:38:44,1811.0,15.6,1232.9,3,0,0.5,0.0
dataset-aime.model-qwen3-8b.alpha4.0.steps100.blocks-1.prefetch-budget-20.rank-accept_first.cut-entropy4.0.samples20.maxnew1024.seed10086.subtreePrefetch.vllm.log,7828,2026-09-22 08:38:54,1821.0,30.9,1520.3,19,0,0.7,0.0
dataset-aime.model-qwen3-8b.alpha4.0.steps100.blocks-1.prefetch-budget-20.rank-accept_first.cut-entropy4.0.samples20.maxnew1024.seed10086.subtreePrefetch.vllm.log,7876,2026-09-22 08:39:04,1831.0,16.0,1711.6,20,0,1.5,0.0
dataset-aime.model-qwen3-8b.alpha4.0.steps100.blocks-1.prefetch-budget-20.rank-accept_first.cut-entropy4.0.samples20.maxnew1024.seed10086.subtreePrefetch.vllm.log,7920,2026-09-22 08:39:14,1841.0,15.5,1846.0,19,0,2.0,0.0
dataset-aime.model-qwen3-8b.alpha4.0.steps100.blocks-1.prefetch-budget-20.rank-accept_first.cut-entropy4.0.samples20.maxnew1024.seed10086.subtreePrefetch.vllm.log,7950,2026-09-22 08:39:24,1851.0,15.5,1919.1,18,0,2.5,0.0
dataset-aime.model-qwen3-8b.alpha4.0.steps100.blocks-1.prefetch-budget-20.rank-accept_first.cut-entropy4.0.samples20.maxnew1024.seed10086.subtreePrefetch.vllm.log,7978,2026-09-22 08:39:34,1861.0,17.9,1851.6,8,0,1.5,0.0
dataset-aime.model-qwen3-8b.alpha4.0.steps100.blocks-1.prefetch-budget-20.rank-accept_first.cut-entropy4.0.samples20.maxnew1024.seed10086.subtreePrefetch.vllm.log,8008,2026-09-22 08:39:44,1871.0,18.0,1485.0,1,0,0.2,0.0
dataset-aime.model-qwen3-8b.alpha4.0.steps100.blocks-1.prefetch-budget-20.rank-accept_first.cut-entropy4.0.samples20.maxnew1024.seed10086.subtreePrefetch.vllm.log,8085,2026-09-22 08:39:54,1881.0,33.4,1990.1,19,0,0.9,0.0
dataset-aime.model-qwen3-8b.alpha4.0.steps100.blocks-1.prefetch-budget-20.rank-accept_first.cut-entropy4.0.samples20.maxnew1024.seed10086.subtreePrefetch.vllm.log,8115,2026-09-22 08:40:04,1891.0,17.0,1748.7,15,0,1.2,0.0
dataset-aime.model-qwen3-8b.alpha4.0.steps100.blocks-1.prefetch-budget-20.rank-accept_first.cut-entropy4.0.samples20.maxnew1024.seed10086.subtreePrefetch.vllm.log,8161,2026-09-22 08:40:14,1901.0,13.4,1775.0,20,0,2.5,0.0
dataset-aime.model-qwen3-8b.alpha4.0.steps100.blocks-1.prefetch-budget-20.rank-accept_first.cut-entropy4.0.samples20.maxnew1024.seed10086.subtreePrefetch.vllm.log,8191,2026-09-22 08:40:24,1911.0,10.2,1744.4,7,0,1.2,0.0
dataset-aime.model-qwen3-8b.alpha4.0.steps100.blocks-1.prefetch-budget-20.rank-accept_first.cut-entropy4.0.samples20.maxnew1024.seed10086.subtreePrefetch.vllm.log,8270,2026-09-22 08:40:34,1921.0,30.0,1682.0,20,0,0.3,0.0
dataset-aime.model-qwen3-8b.alpha4.0.steps100.blocks-1.prefetch-budget-20.rank-accept_first.cut-entropy4.0.samples20.maxnew1024.seed10086.subtreePrefetch.vllm.log,8294,2026-09-22 08:40:44,1931.0,13.6,1862.3,18,0,0.8,0.0
dataset-aime.model-qwen3-8b.alpha4.0.steps100.blocks-1.prefetch-budget-20.rank-accept_first.cut-entropy4.0.samples20.maxnew1024.seed10086.subtreePrefetch.vllm.log,8330,2026-09-22 08:40:54,1941.0,13.4,1645.0,19,0,1.4,0.0
dataset-aime.model-qwen3-8b.alpha4.0.steps100.blocks-1.prefetch-budget-20.rank-accept_first.cut-entropy4.0.samples20.maxnew1024.seed10086.subtreePrefetch.vllm.log,8368,2026-09-22 08:41:04,1951.0,12.7,1669.5,16,0,1.6,0.0
dataset-aime.model-qwen3-8b.alpha4.0.steps100.blocks-1.prefetch-budget-20.rank-accept_first.cut-entropy4.0.samples20.maxnew1024.seed10086.subtreePrefetch.vllm.log,8406,2026-09-22 08:41:14,1961.0,4.1,1038.5,6,0,0.9,0.0
dataset-aime.model-qwen3-8b.alpha4.0.steps100.blocks-1.prefetch-budget-20.rank-accept_first.cut-entropy4.0.samples20.maxnew1024.seed10086.subtreePrefetch.vllm.log,8482,2026-09-22 08:41:24,1971.0,26.6,306.0,19,0,0.6,0.0
dataset-aime.model-qwen3-8b.alpha4.0.steps100.blocks-1.prefetch-budget-20.rank-accept_first.cut-entropy4.0.samples20.maxnew1024.seed10086.subtreePrefetch.vllm.log,8508,2026-09-22 08:41:34,1981.0,18.9,1431.0,19,0,1.4,0.0
dataset-aime.model-qwen3-8b.alpha4.0.steps100.blocks-1.prefetch-budget-20.rank-accept_first.cut-entropy4.0.samples20.maxnew1024.seed10086.subtreePrefetch.vllm.log,8548,2026-09-22 08:41:44,1991.0,16.6,1682.6,13,0,1.6,0.0
dataset-aime.model-qwen3-8b.alpha4.0.steps100.blocks-1.prefetch-budget-20.rank-accept_first.cut-entropy4.0.samples20.maxnew1024.seed10086.subtreePrefetch.vllm.log,8578,2026-09-22 08:41:54,2001.0,15.4,1406.4,5,0,0.9,0.0
dataset-aime.model-qwen3-8b.alpha4.0.steps100.blocks-1.prefetch-budget-20.rank-accept_first.cut-entropy4.0.samples20.maxnew1024.seed10086.subtreePrefetch.vllm.log,8649,2026-09-22 08:42:04,2011.0,34.3,1375.8,19,0,0.7,0.0
dataset-aime.model-qwen3-8b.alpha4.0.steps100.blocks-1.prefetch-budget-20.rank-accept_first.cut-entropy4.0.samples20.maxnew1024.seed10086.subtreePrefetch.vllm.log,8681,2026-09-22 08:42:14,2021.0,19.8,1620.7,14,0,1.2,0.0
dataset-aime.model-qwen3-8b.alpha4.0.steps100.blocks-1.prefetch-budget-20.rank-accept_first.cut-entropy4.0.samples20.maxnew1024.seed10086.subtreePrefetch.vllm.log,8715,2026-09-22 08:42:24,2031.0,21.7,1591.4,9,0,1.2,0.0
dataset-aime.model-qwen3-8b.alpha4.0.steps100.blocks-1.prefetch-budget-20.rank-accept_first.cut-entropy4.0.samples20.maxnew1024.seed10086.subtreePrefetch.vllm.log,8745,2026-09-22 08:42:34,2041.0,17.6,1158.5,2,0,0.4,0.0
dataset-aime.model-qwen3-8b.alpha4.0.steps100.blocks-1.prefetch-budget-20.rank-accept_first.cut-entropy4.0.samples20.maxnew1024.seed10086.subtreePrefetch.vllm.log,8818,2026-09-22 08:42:44,2051.0,37.9,1578.0,17,0,1.0,0.0
dataset-aime.model-qwen3-8b.alpha4.0.steps100.blocks-1.prefetch-budget-20.rank-accept_first.cut-entropy4.0.samples20.maxnew1024.seed10086.subtreePrefetch.vllm.log,8856,2026-09-22 08:42:54,2061.0,15.0,1670.0,15,0,1.7,0.0
dataset-aime.model-qwen3-8b.alpha4.0.steps100.blocks-1.prefetch-budget-20.rank-accept_first.cut-entropy4.0.samples20.maxnew1024.seed10086.subtreePrefetch.vllm.log,8884,2026-09-22 08:43:04,2071.0,15.9,1422.6,6,0,1.1,0.0
dataset-aime.model-qwen3-8b.alpha4.0.steps100.blocks-1.prefetch-budget-20.rank-accept_first.cut-entropy4.0.samples20.maxnew1024.seed10086.subtreePrefetch.vllm.log,8941,2026-09-22 08:43:14,2081.0,36.9,1551.4,20,0,0.6,0.0
dataset-aime.model-qwen3-8b.alpha4.0.steps100.blocks-1.prefetch-budget-20.rank-accept_first.cut-entropy4.0.samples20.maxnew1024.seed10086.subtreePrefetch.vllm.log,8963,2026-09-22 08:43:24,2091.0,20.3,1697.0,12,0,1.1,0.0
dataset-aime.model-qwen3-8b.alpha4.0.steps100.blocks-1.prefetch-budget-20.rank-accept_first.cut-entropy4.0.samples20.maxnew1024.seed10086.subtreePrefetch.vllm.log,9001,2026-09-22 08:43:34,2101.0,18.9,1437.8,9,0,1.3,0.0
dataset-aime.model-qwen3-8b.alpha4.0.steps100.blocks-1.prefetch-budget-20.rank-accept_first.cut-entropy4.0.samples20.maxnew1024.seed10086.subtreePrefetch.vllm.log,9029,2026-09-22 08:43:44,2111.0,20.9,1476.8,3,0,0.6,0.0
dataset-aime.model-qwen3-8b.alpha4.0.steps100.blocks-1.prefetch-budget-20.rank-accept_first.cut-entropy4.0.samples20.maxnew1024.seed10086.subtreePrefetch.vllm.log,9092,2026-09-22 08:43:54,2121.0,27.3,1562.6,20,0,0.9,0.0
dataset-aime.model-qwen3-8b.alpha4.0.steps100.blocks-1.prefetch-budget-20.rank-accept_first.cut-entropy4.0.samples20.maxnew1024.seed10086.subtreePrefetch.vllm.log,9126,2026-09-22 08:44:04,2131.0,17.7,1605.4,17,0,1.3,0.0
dataset-aime.model-qwen3-8b.alpha4.0.steps100.blocks-1.prefetch-budget-20.rank-accept_first.cut-entropy4.0.samples20.maxnew1024.seed10086.subtreePrefetch.vllm.log,9166,2026-09-22 08:44:14,2141.0,12.4,1224.1,6,0,0.9,0.0
dataset-aime.model-qwen3-8b.alpha4.0.steps100.blocks-1.prefetch-budget-20.rank-accept_first.cut-entropy4.0.samples20.maxnew1024.seed10086.subtreePrefetch.vllm.log,9211,2026-09-22 08:44:24,2151.0,5.6,296.2,1,0,0.1,0.0
dataset-aime.model-qwen3-8b.alpha4.0.steps100.blocks-1.prefetch-budget-20.rank-accept_first.cut-entropy4.0.samples20.maxnew1024.seed10086.subtreePrefetch.vllm.log,9257,2026-09-22 08:44:34,2161.0,9.0,134.4,1,0,0.2,0.0
dataset-aime.model-qwen3-8b.alpha4.0.steps100.blocks-1.prefetch-budget-20.rank-accept_first.cut-entropy4.0.samples20.maxnew1024.seed10086.subtreePrefetch.vllm.log,9303,2026-09-22 08:44:44,2171.0,38.0,1101.0,19,0,0.4,0.0
dataset-aime.model-qwen3-8b.alpha4.0.steps100.blocks-1.prefetch-budget-20.rank-accept_first.cut-entropy4.0.samples20.maxnew1024.seed10086.subtreePrefetch.vllm.log,9331,2026-09-22 08:44:54,2181.0,16.4,1795.6,20,0,1.0,0.0
dataset-aime.model-qwen3-8b.alpha4.0.steps100.blocks-1.prefetch-budget-20.rank-accept_first.cut-entropy4.0.samples20.maxnew1024.seed10086.subtreePrefetch.vllm.log,9361,2026-09-22 08:45:04,2191.0,18.8,1787.9,18,0,1.4,0.0
dataset-aime.model-qwen3-8b.alpha4.0.steps100.blocks-1.prefetch-budget-20.rank-accept_first.cut-entropy4.0.samples20.maxnew1024.seed10086.subtreePrefetch.vllm.log,9385,2026-09-22 08:45:14,2201.0,15.8,1771.9,19,0,2.4,0.0
dataset-aime.model-qwen3-8b.alpha4.0.steps100.blocks-1.prefetch-budget-20.rank-accept_first.cut-entropy4.0.samples20.maxnew1024.seed10086.subtreePrefetch.vllm.log,9423,2026-09-22 08:45:24,2211.0,18.7,1790.2,10,0,1.6,0.0
dataset-aime.model-qwen3-8b.alpha4.0.steps100.blocks-1.prefetch-budget-20.rank-accept_first.cut-entropy4.0.samples20.maxnew1024.seed10086.subtreePrefetch.vllm.log,9453,2026-09-22 08:45:34,2221.0,19.7,1490.8,3,0,0.6,0.0
dataset-aime.model-qwen3-8b.alpha4.0.steps100.blocks-1.prefetch-budget-20.rank-accept_first.cut-entropy4.0.samples20.maxnew1024.seed10086.subtreePrefetch.vllm.log,9536,2026-09-22 08:45:44,2231.0,30.2,1472.9,20,0,0.5,0.0
dataset-aime.model-qwen3-8b.alpha4.0.steps100.blocks-1.prefetch-budget-20.rank-accept_first.cut-entropy4.0.samples20.maxnew1024.seed10086.subtreePrefetch.vllm.log,9572,2026-09-22 08:45:54,2241.0,17.5,1816.6,19,0,0.9,0.0
dataset-aime.model-qwen3-8b.alpha4.0.steps100.blocks-1.prefetch-budget-20.rank-accept_first.cut-entropy4.0.samples20.maxnew1024.seed10086.subtreePrefetch.vllm.log,9606,2026-09-22 08:46:04,2251.0,17.6,1704.6,19,0,1.6,0.0
dataset-aime.model-qwen3-8b.alpha4.0.steps100.blocks-1.prefetch-budget-20.rank-accept_first.cut-entropy4.0.samples20.maxnew1024.seed10086.subtreePrefetch.vllm.log,9640,2026-09-22 08:46:14,2261.0,18.2,1670.5,19,0,2.2,0.0
dataset-aime.model-qwen3-8b.alpha4.0.steps100.blocks-1.prefetch-budget-20.rank-accept_first.cut-entropy4.0.samples20.maxnew1024.seed10086.subtreePrefetch.vllm.log,9674,2026-09-22 08:46:24,2271.0,17.1,1766.8,13,0,1.9,0.0
dataset-aime.model-qwen3-8b.alpha4.0.steps100.blocks-1.prefetch-budget-20.rank-accept_first.cut-entropy4.0.samples20.maxnew1024.seed10086.subtreePrefetch.vllm.log,9694,2026-09-22 08:46:34,2281.0,19.0,1622.3,4,0,0.8,0.0
dataset-aime.model-qwen3-8b.alpha4.0.steps100.blocks-1.prefetch-budget-20.rank-accept_first.cut-entropy4.0.samples20.maxnew1024.seed10086.subtreePrefetch.vllm.log,9749,2026-09-22 08:46:44,2291.0,37.7,1654.0,20,0,0.7,0.0
dataset-aime.model-qwen3-8b.alpha4.0.steps100.blocks-1.prefetch-budget-20.rank-accept_first.cut-entropy4.0.samples20.maxnew1024.seed10086.subtreePrefetch.vllm.log,9785,2026-09-22 08:46:54,2301.0,15.8,1818.7,19,0,1.2,0.0
dataset-aime.model-qwen3-8b.alpha4.0.steps100.blocks-1.prefetch-budget-20.rank-accept_first.cut-entropy4.0.samples20.maxnew1024.seed10086.subtreePrefetch.vllm.log,9813,2026-09-22 08:47:04,2311.0,12.1,1783.8,19,0,1.7,0.0
dataset-aime.model-qwen3-8b.alpha4.0.steps100.blocks-1.prefetch-budget-20.rank-accept_first.cut-entropy4.0.samples20.maxnew1024.seed10086.subtreePrefetch.vllm.log,9855,2026-09-22 08:47:14,2321.0,20.5,1722.0,19,0,2.4,0.0
dataset-aime.model-qwen3-8b.alpha4.0.steps100.blocks-1.prefetch-budget-20.rank-accept_first.cut-entropy4.0.samples20.maxnew1024.seed10086.subtreePrefetch.vllm.log,9893,2026-09-22 08:47:24,2331.0,18.4,1524.0,7,0,1.1,0.0
dataset-aime.model-qwen3-8b.alpha4.0.steps100.blocks-1.prefetch-budget-20.rank-accept_first.cut-entropy4.0.samples20.maxnew1024.seed10086.subtreePrefetch.vllm.log,9929,2026-09-22 08:47:34,2341.0,20.1,1607.0,7,0,1.3,0.0
dataset-aime.model-qwen3-8b.alpha4.0.steps100.blocks-1.prefetch-budget-20.rank-accept_first.cut-entropy4.0.samples20.maxnew1024.seed10086.subtreePrefetch.vllm.log,10014,2026-09-22 08:47:44,2351.0,22.0,1484.2,5,0,0.2,0.0
dataset-aime.model-qwen3-8b.alpha4.0.steps100.blocks-1.prefetch-budget-20.rank-accept_first.cut-entropy4.0.samples20.maxnew1024.seed10086.subtreePrefetch.vllm.log,10072,2026-09-22 08:47:54,2361.0,7.8,333.5,1,0,0.1,0.0
dataset-aime.model-qwen3-8b.alpha4.0.steps100.blocks-1.prefetch-budget-20.rank-accept_first.cut-entropy4.0.samples20.maxnew1024.seed10086.subtreePrefetch.vllm.log,10077,2026-09-22 08:48:04,2371.0,13.3,1145.3,13,0,1.8,0.0
dataset-aime.model-qwen3-8b.alpha4.0.steps100.blocks-1.prefetch-budget-20.rank-accept_first.cut-entropy4.0.samples20.maxnew1024.seed10086.subtreePrefetch.vllm.log,10117,2026-09-22 08:48:14,2381.0,19.7,1334.8,6,0,1.0,0.0
dataset-aime.model-qwen3-8b.alpha4.0.steps100.blocks-1.prefetch-budget-20.rank-accept_first.cut-entropy4.0.samples20.maxnew1024.seed10086.subtreePrefetch.vllm.log,10176,2026-09-22 08:48:24,2391.0,37.5,1455.1,20,0,0.5,0.0
dataset-aime.model-qwen3-8b.alpha4.0.steps100.blocks-1.prefetch-budget-20.rank-accept_first.cut-entropy4.0.samples20.maxnew1024.seed10086.subtreePrefetch.vllm.log,10214,2026-09-22 08:48:34,2401.0,17.9,1359.2,11,0,0.9,0.0
dataset-aime.model-qwen3-8b.alpha4.0.steps100.blocks-1.prefetch-budget-20.rank-accept_first.cut-entropy4.0.samples20.maxnew1024.seed10086.subtreePrefetch.vllm.log,10260,2026-09-22 08:48:44,2411.0,18.5,1306.2,11,0,1.2,0.0
dataset-aime.model-qwen3-8b.alpha4.0.steps100.blocks-1.prefetch-budget-20.rank-accept_first.cut-entropy4.0.samples20.maxnew1024.seed10086.subtreePrefetch.vllm.log,10294,2026-09-22 08:48:54,2421.0,18.7,1470.2,14,0,2.1,0.0
dataset-aime.model-qwen3-8b.alpha4.0.steps100.blocks-1.prefetch-budget-20.rank-accept_first.cut-entropy4.0.samples20.maxnew1024.seed10086.subtreePrefetch.vllm.log,10367,2026-09-22 08:49:04,2431.0,31.6,1230.9,20,0,0.3,0.0
dataset-aime.model-qwen3-8b.alpha4.0.steps100.blocks-1.prefetch-budget-20.rank-accept_first.cut-entropy4.0.samples20.maxnew1024.seed10086.subtreePrefetch.vllm.log,10395,2026-09-22 08:49:14,2441.0,16.0,1722.1,17,0,0.7,0.0
dataset-aime.model-qwen3-8b.alpha4.0.steps100.blocks-1.prefetch-budget-20.rank-accept_first.cut-entropy4.0.samples20.maxnew1024.seed10086.subtreePrefetch.vllm.log,10427,2026-09-22 08:49:24,2451.0,15.4,1745.0,19,0,1.6,0.0
dataset-aime.model-qwen3-8b.alpha4.0.steps100.blocks-1.prefetch-budget-20.rank-accept_first.cut-entropy4.0.samples20.maxnew1024.seed10086.subtreePrefetch.vllm.log,10449,2026-09-22 08:49:34,2461.0,13.4,1794.2,13,0,1.6,0.0
dataset-aime.model-qwen3-8b.alpha4.0.steps100.blocks-1.prefetch-budget-20.rank-accept_first.cut-entropy4.0.samples20.maxnew1024.seed10086.subtreePrefetch.vllm.log,10491,2026-09-22 08:49:44,2471.0,12.0,1616.1,15,0,2.3,0.0
dataset-aime.model-qwen3-8b.alpha4.0.steps100.blocks-1.prefetch-budget-20.rank-accept_first.cut-entropy4.0.samples20.maxnew1024.seed10086.subtreePrefetch.vllm.log,10525,2026-09-22 08:49:54,2481.0,15.8,1649.9,10,0,1.8,0.0
dataset-aime.model-qwen3-8b.alpha4.0.steps100.blocks-1.prefetch-budget-20.rank-accept_first.cut-entropy4.0.samples20.maxnew1024.seed10086.subtreePrefetch.vllm.log,10594,2026-09-22 08:50:04,2491.0,27.3,1537.0,18,0,0.6,0.0
dataset-aime.model-qwen3-8b.alpha4.0.steps100.blocks-1.prefetch-budget-20.rank-accept_first.cut-entropy4.0.samples20.maxnew1024.seed10086.subtreePrefetch.vllm.log,10622,2026-09-22 08:50:14,2501.0,12.9,1412.2,16,0,1.0,0.0
dataset-aime.model-qwen3-8b.alpha4.0.steps100.blocks-1.prefetch-budget-20.rank-accept_first.cut-entropy4.0.samples20.maxnew1024.seed10086.subtreePrefetch.vllm.log,10656,2026-09-22 08:50:24,2511.0,15.3,1704.3,17,0,1.7,0.0
dataset-aime.model-qwen3-8b.alpha4.0.steps100.blocks-1.prefetch-budget-20.rank-accept_first.cut-entropy4.0.samples20.maxnew1024.seed10086.subtreePrefetch.vllm.log,10696,2026-09-22 08:50:34,2521.0,16.3,1723.0,15,0,2.0,0.0
dataset-aime.model-qwen3-8b.alpha4.0.steps100.blocks-1.prefetch-budget-20.rank-accept_first.cut-entropy4.0.samples20.maxnew1024.seed10086.subtreePrefetch.vllm.log,10726,2026-09-22 08:50:44,2531.0,12.4,1703.3,10,0,1.7,0.0
dataset-aime.model-qwen3-8b.alpha4.0.steps100.blocks-1.prefetch-budget-20.rank-accept_first.cut-entropy4.0.samples20.maxnew1024.seed10086.subtreePrefetch.vllm.log,10785,2026-09-22 08:50:54,2541.0,30.1,1512.2,20,0,0.4,0.0
dataset-aime.model-qwen3-8b.alpha4.0.steps100.blocks-1.prefetch-budget-20.rank-accept_first.cut-entropy4.0.samples20.maxnew1024.seed10086.subtreePrefetch.vllm.log,10821,2026-09-22 08:51:04,2551.0,17.0,1592.0,17,0,1.0,0.0
dataset-aime.model-qwen3-8b.alpha4.0.steps100.blocks-1.prefetch-budget-20.rank-accept_first.cut-entropy4.0.samples20.maxnew1024.seed10086.subtreePrefetch.vllm.log,10863,2026-09-22 08:51:14,2561.0,15.8,1615.9,16,0,1.6,0.0
dataset-aime.model-qwen3-8b.alpha4.0.steps100.blocks-1.prefetch-budget-20.rank-accept_first.cut-entropy4.0.samples20.maxnew1024.seed10086.subtreePrefetch.vllm.log,10903,2026-09-22 08:51:24,2571.0,17.6,1631.7,13,0,1.9,0.0
dataset-aime.model-qwen3-8b.alpha4.0.steps100.blocks-1.prefetch-budget-20.rank-accept_first.cut-entropy4.0.samples20.maxnew1024.seed10086.subtreePrefetch.vllm.log,10947,2026-09-22 08:51:34,2581.0,15.8,1453.7,11,0,2.0,0.0
dataset-aime.model-qwen3-8b.alpha4.0.steps100.blocks-1.prefetch-budget-20.rank-accept_first.cut-entropy4.0.samples20.maxnew1024.seed10086.subtreePrefetch.vllm.log,11070,2026-09-22 08:51:44,2591.0,35.4,417.4,20,0,0.8,0.0
dataset-aime.model-qwen3-8b.alpha4.0.steps100.blocks-1.prefetch-budget-20.rank-accept_first.cut-entropy4.0.samples20.maxnew1024.seed10086.subtreePrefetch.vllm.log,11108,2026-09-22 08:51:54,2601.0,16.9,1604.0,19,0,1.3,0.0
dataset-aime.model-qwen3-8b.alpha4.0.steps100.blocks-1.prefetch-budget-20.rank-accept_first.cut-entropy4.0.samples20.maxnew1024.seed10086.subtreePrefetch.vllm.log,11136,2026-09-22 08:52:04,2611.0,20.2,1587.7,19,0,1.9,0.0
dataset-aime.model-qwen3-8b.alpha4.0.steps100.blocks-1.prefetch-budget-20.rank-accept_first.cut-entropy4.0.samples20.maxnew1024.seed10086.subtreePrefetch.vllm.log,11164,2026-09-22 08:52:14,2621.0,21.0,1662.0,13,0,1.7,0.0
dataset-aime.model-qwen3-8b.alpha4.0.steps100.blocks-1.prefetch-budget-20.rank-accept_first.cut-entropy4.0.samples20.maxnew1024.seed10086.subtreePrefetch.vllm.log,11200,2026-09-22 08:52:24,2631.0,20.6,1644.8,16,0,2.5,0.0
dataset-aime.model-qwen3-8b.alpha4.0.steps100.blocks-1.prefetch-budget-20.rank-accept_first.cut-entropy4.0.samples20.maxnew1024.seed10086.subtreePrefetch.vllm.log,11234,2026-09-22 08:52:34,2641.0,19.3,1459.8,3,0,0.6,0.0
dataset-aime.model-qwen3-8b.alpha4.0.steps100.blocks-1.prefetch-budget-20.rank-accept_first.cut-entropy4.0.samples20.maxnew1024.seed10086.subtreePrefetch.vllm.log,11297,2026-09-22 08:52:44,2651.0,41.9,1506.5,20,0,0.6,0.0
dataset-aime.model-qwen3-8b.alpha4.0.steps100.blocks-1.prefetch-budget-20.rank-accept_first.cut-entropy4.0.samples20.maxnew1024.seed10086.subtreePrefetch.vllm.log,11329,2026-09-22 08:52:54,2661.0,21.9,1783.1,20,0,1.3,0.0
dataset-aime.model-qwen3-8b.alpha4.0.steps100.blocks-1.prefetch-budget-20.rank-accept_first.cut-entropy4.0.samples20.maxnew1024.seed10086.subtreePrefetch.vllm.log,11359,2026-09-22 08:53:04,2671.0,14.8,1674.3,16,0,1.4,0.0
dataset-aime.model-qwen3-8b.alpha4.0.steps100.blocks-1.prefetch-budget-20.rank-accept_first.cut-entropy4.0.samples20.maxnew1024.seed10086.subtreePrefetch.vllm.log,11401,2026-09-22 08:53:14,2681.0,20.2,1665.1,17,0,1.9,0.0
dataset-aime.model-qwen3-8b.alpha4.0.steps100.blocks-1.prefetch-budget-20.rank-accept_first.cut-entropy4.0.samples20.maxnew1024.seed10086.subtreePrefetch.vllm.log,11429,2026-09-22 08:53:24,2691.0,17.8,1633.8,14,0,2.0,0.0
dataset-aime.model-qwen3-8b.alpha4.0.steps100.blocks-1.prefetch-budget-20.rank-accept_first.cut-entropy4.0.samples20.maxnew1024.seed10086.subtreePrefetch.vllm.log,11455,2026-09-22 08:53:34,2701.0,19.3,1597.9,10,0,1.7,0.0
dataset-aime.model-qwen3-8b.alpha4.0.steps100.blocks-1.prefetch-budget-20.rank-accept_first.cut-entropy4.0.samples20.maxnew1024.seed10086.subtreePrefetch.vllm.log,11479,2026-09-22 08:53:44,2711.0,17.7,1555.0,3,0,0.6,0.0
dataset-aime.model-qwen3-8b.alpha4.0.steps100.blocks-1.prefetch-budget-20.rank-accept_first.cut-entropy4.0.samples20.maxnew1024.seed10086.subtreePrefetch.vllm.log,11540,2026-09-22 08:53:54,2721.0,39.7,1597.0,20,0,0.6,0.0
dataset-aime.model-qwen3-8b.alpha4.0.steps100.blocks-1.prefetch-budget-20.rank-accept_first.cut-entropy4.0.samples20.maxnew1024.seed10086.subtreePrefetch.vllm.log,11580,2026-09-22 08:54:04,2731.0,19.4,1584.2,20,0,1.1,0.0
dataset-aime.model-qwen3-8b.alpha4.0.steps100.blocks-1.prefetch-budget-20.rank-accept_first.cut-entropy4.0.samples20.maxnew1024.seed10086.subtreePrefetch.vllm.log,11606,2026-09-22 08:54:14,2741.0,21.5,1628.5,19,0,1.6,0.0
dataset-aime.model-qwen3-8b.alpha4.0.steps100.blocks-1.prefetch-budget-20.rank-accept_first.cut-entropy4.0.samples20.maxnew1024.seed10086.subtreePrefetch.vllm.log,11644,2026-09-22 08:54:24,2751.0,17.2,1645.8,15,0,1.7,0.0
dataset-aime.model-qwen3-8b.alpha4.0.steps100.blocks-1.prefetch-budget-20.rank-accept_first.cut-entropy4.0.samples20.maxnew1024.seed10086.subtreePrefetch.vllm.log,11684,2026-09-22 08:54:34,2761.0,19.7,1677.3,15,0,2.1,0.0
dataset-aime.model-qwen3-8b.alpha4.0.steps100.blocks-1.prefetch-budget-20.rank-accept_first.cut-entropy4.0.samples20.maxnew1024.seed10086.subtreePrefetch.vllm.log,11728,2026-09-22 08:54:44,2771.0,18.3,1727.8,17,0,2.8,0.0
dataset-aime.model-qwen3-8b.alpha4.0.steps100.blocks-1.prefetch-budget-20.rank-accept_first.cut-entropy4.0.samples20.maxnew1024.seed10086.subtreePrefetch.vllm.log,11837,2026-09-22 08:54:54,2781.0,12.5,272.6,1,0,0.2,0.0
dataset-aime.model-qwen3-8b.alpha4.0.steps100.blocks-1.prefetch-budget-20.rank-accept_first.cut-entropy4.0.samples20.maxnew1024.seed10086.subtreePrefetch.vllm.log,11842,2026-09-22 08:55:04,2791.0,20.2,1344.0,8,0,1.4,0.0
dataset-aime.model-qwen3-8b.alpha4.0.steps100.blocks-1.prefetch-budget-20.rank-accept_first.cut-entropy4.0.samples20.maxnew1024.seed10086.subtreePrefetch.vllm.log,11917,2026-09-22 08:55:14,2801.0,37.1,1766.1,20,0,0.6,0.0
dataset-aime.model-qwen3-8b.alpha4.0.steps100.blocks-1.prefetch-budget-20.rank-accept_first.cut-entropy4.0.samples20.maxnew1024.seed10086.subtreePrefetch.vllm.log,11947,2026-09-22 08:55:24,2811.0,19.1,1778.7,16,0,1.0,0.0
dataset-aime.model-qwen3-8b.alpha4.0.steps100.blocks-1.prefetch-budget-20.rank-accept_first.cut-entropy4.0.samples20.maxnew1024.seed10086.subtreePrefetch.vllm.log,11981,2026-09-22 08:55:34,2821.0,20.6,1511.3,16,0,1.4,0.0
dataset-aime.model-qwen3-8b.alpha4.0.steps100.blocks-1.prefetch-budget-20.rank-accept_first.cut-entropy4.0.samples20.maxnew1024.seed10086.subtreePrefetch.vllm.log,12013,2026-09-22 08:55:44,2831.0,21.1,1630.6,16,0,1.8,0.0
dataset-aime.model-qwen3-8b.alpha4.0.steps100.blocks-1.prefetch-budget-20.rank-accept_first.cut-entropy4.0.samples20.maxnew1024.seed10086.subtreePrefetch.vllm.log,12043,2026-09-22 08:55:54,2841.0,14.5,1582.8,17,0,2.4,0.0
dataset-aime.model-qwen3-8b.alpha4.0.steps100.blocks-1.prefetch-budget-20.rank-accept_first.cut-entropy4.0.samples20.maxnew1024.seed10086.subtreePrefetch.vllm.log,12079,2026-09-22 08:56:04,2851.0,16.6,1735.3,11,0,1.8,0.0
dataset-aime.model-qwen3-8b.alpha4.0.steps100.blocks-1.prefetch-budget-20.rank-accept_first.cut-entropy4.0.samples20.maxnew1024.seed10086.subtreePrefetch.vllm.log,12146,2026-09-22 08:56:14,2861.0,33.4,1394.9,20,0,0.4,0.0
dataset-aime.model-qwen3-8b.alpha4.0.steps100.blocks-1.prefetch-budget-20.rank-accept_first.cut-entropy4.0.samples20.maxnew1024.seed10086.subtreePrefetch.vllm.log,12186,2026-09-22 08:56:24,2871.0,16.4,1590.1,20,0,1.2,0.0
dataset-aime.model-qwen3-8b.alpha4.0.steps100.blocks-1.prefetch-budget-20.rank-accept_first.cut-entropy4.0.samples20.maxnew1024.seed10086.subtreePrefetch.vllm.log,12220,2026-09-22 08:56:34,2881.0,17.8,1862.6,15,0,1.5,0.0
dataset-aime.model-qwen3-8b.alpha4.0.steps100.blocks-1.prefetch-budget-20.rank-accept_first.cut-entropy4.0.samples20.maxnew1024.seed10086.subtreePrefetch.vllm.log,12250,2026-09-22 08:56:44,2891.0,15.3,1333.0,6,0,0.9,0.0
dataset-aime.model-qwen3-8b.alpha4.0.steps100.blocks-1.prefetch-budget-20.rank-accept_first.cut-entropy4.0.samples20.maxnew1024.seed10086.subtreePrefetch.vllm.log,12288,2026-09-22 08:56:54,2901.0,18.9,1314.9,8,0,1.4,0.0
dataset-aime.model-qwen3-8b.alpha4.0.steps100.blocks-1.prefetch-budget-20.rank-accept_first.cut-entropy4.0.samples20.maxnew1024.seed10086.subtreePrefetch.vllm.log,12326,2026-09-22 08:57:04,2911.0,15.7,1298.8,1,0,0.2,0.0
dataset-aime.model-qwen3-8b.alpha4.0.steps100.blocks-1.prefetch-budget-20.rank-accept_first.cut-entropy4.0.samples20.maxnew1024.seed10086.subtreePrefetch.vllm.log,12399,2026-09-22 08:57:14,2921.0,33.2,1594.7,18,0,0.8,0.0
dataset-aime.model-qwen3-8b.alpha4.0.steps100.blocks-1.prefetch-budget-20.rank-accept_first.cut-entropy4.0.samples20.maxnew1024.seed10086.subtreePrefetch.vllm.log,12443,2026-09-22 08:57:24,2931.0,18.5,1698.5,17,0,1.2,0.0
dataset-aime.model-qwen3-8b.alpha4.0.steps100.blocks-1.prefetch-budget-20.rank-accept_first.cut-entropy4.0.samples20.maxnew1024.seed10086.subtreePrefetch.vllm.log,12475,2026-09-22 08:57:34,2941.0,14.6,1614.7,17,0,1.6,0.0
dataset-aime.model-qwen3-8b.alpha4.0.steps100.blocks-1.prefetch-budget-20.rank-accept_first.cut-entropy4.0.samples20.maxnew1024.seed10086.subtreePrefetch.vllm.log,12515,2026-09-22 08:57:44,2951.0,18.8,1781.6,17,0,2.3,0.0
dataset-aime.model-qwen3-8b.alpha4.0.steps100.blocks-1.prefetch-budget-20.rank-accept_first.cut-entropy4.0.samples20.maxnew1024.seed10086.subtreePrefetch.vllm.log,12541,2026-09-22 08:57:54,2961.0,15.0,1589.6,7,0,1.2,0.0
dataset-aime.model-qwen3-8b.alpha4.0.steps100.blocks-1.prefetch-budget-20.rank-accept_first.cut-entropy4.0.samples20.maxnew1024.seed10086.subtreePrefetch.vllm.log,12585,2026-09-22 08:58:04,2971.0,13.9,1518.0,7,0,1.4,0.0
dataset-aime.model-qwen3-8b.alpha4.0.steps100.blocks-1.prefetch-budget-20.rank-accept_first.cut-entropy4.0.samples20.maxnew1024.seed10086.subtreePrefetch.vllm.log,12642,2026-09-22 08:58:14,2981.0,34.9,1543.3,18,0,0.6,0.0
dataset-aime.model-qwen3-8b.alpha4.0.steps100.blocks-1.prefetch-budget-20.rank-accept_first.cut-entropy4.0.samples20.maxnew1024.seed10086.subtreePrefetch.vllm.log,12666,2026-09-22 08:58:24,2991.0,18.1,1526.9,13,0,1.0,0.0
dataset-aime.model-qwen3-8b.alpha4.0.steps100.blocks-1.prefetch-budget-20.rank-accept_first.cut-entropy4.0.samples20.maxnew1024.seed10086.subtreePrefetch.vllm.log,12710,2026-09-22 08:58:34,3001.0,16.6,1576.9,19,0,2.3,0.0
dataset-aime.model-qwen3-8b.alpha4.0.steps100.blocks-1.prefetch-budget-20.rank-accept_first.cut-entropy4.0.samples20.maxnew1024.seed10086.subtreePrefetch.vllm.log,12734,2026-09-22 08:58:44,3011.0,16.1,1717.2,11,0,1.6,0.0
dataset-aime.model-qwen3-8b.alpha4.0.steps100.blocks-1.prefetch-budget-20.rank-accept_first.cut-entropy4.0.samples20.maxnew1024.seed10086.subtreePrefetch.vllm.log,12768,2026-09-22 08:58:54,3021.0,19.5,1441.9,2,0,0.4,0.0
dataset-aime.model-qwen3-8b.alpha4.0.steps100.blocks-1.prefetch-budget-20.rank-accept_first.cut-entropy4.0.samples20.maxnew1024.seed10086.subtreePrefetch.vllm.log,12875,2026-09-22 08:59:04,3031.0,12.7,650.9,1,0,0.1,0.0
dataset-aime.model-qwen3-8b.alpha4.0.steps100.blocks-1.prefetch-budget-20.rank-accept_first.cut-entropy4.0.samples20.maxnew1024.seed10086.subtreePrefetch.vllm.log,12880,2026-09-22 08:59:14,3041.0,10.7,1032.7,16,0,1.8,0.0
dataset-aime.model-qwen3-8b.alpha4.0.steps100.blocks-1.prefetch-budget-20.rank-accept_first.cut-entropy4.0.samples20.maxnew1024.seed10086.subtreePrefetch.vllm.log,12916,2026-09-22 08:59:24,3051.0,11.5,1591.2,13,0,1.9,0.0
dataset-aime.model-qwen3-8b.alpha4.0.steps100.blocks-1.prefetch-budget-20.rank-accept_first.cut-entropy4.0.samples20.maxnew1024.seed10086.subtreePrefetch.vllm.log,12962,2026-09-22 08:59:35,3062.0,13.7,1454.8,4,0,0.8,0.0
dataset-aime.model-qwen3-8b.alpha4.0.steps100.blocks-1.prefetch-budget-20.rank-accept_first.cut-entropy4.0.samples20.maxnew1024.seed10086.subtreePrefetch.vllm.log,13041,2026-09-22 08:59:45,3072.0,33.0,1468.0,20,0,0.6,0.0
dataset-aime.model-qwen3-8b.alpha4.0.steps100.blocks-1.prefetch-budget-20.rank-accept_first.cut-entropy4.0.samples20.maxnew1024.seed10086.subtreePrefetch.vllm.log,13079,2026-09-22 08:59:55,3082.0,17.3,1541.7,14,0,0.9,0.0
dataset-aime.model-qwen3-8b.alpha4.0.steps100.blocks-1.prefetch-budget-20.rank-accept_first.cut-entropy4.0.samples20.maxnew1024.seed10086.subtreePrefetch.vllm.log,13119,2026-09-22 09:00:05,3092.0,16.3,1558.3,19,0,1.8,0.0
dataset-aime.model-qwen3-8b.alpha4.0.steps100.blocks-1.prefetch-budget-20.rank-accept_first.cut-entropy4.0.samples20.maxnew1024.seed10086.subtreePrefetch.vllm.log,13141,2026-09-22 09:00:15,3102.0,16.8,1625.0,13,0,1.7,0.0
dataset-aime.model-qwen3-8b.alpha4.0.steps100.blocks-1.prefetch-budget-20.rank-accept_first.cut-entropy4.0.samples20.maxnew1024.seed10086.subtreePrefetch.vllm.log,13181,2026-09-22 09:00:25,3112.0,15.5,1474.4,12,0,2.0,0.0
dataset-aime.model-qwen3-8b.alpha4.0.steps100.blocks-1.prefetch-budget-20.rank-accept_first.cut-entropy4.0.samples20.maxnew1024.seed10086.subtreePrefetch.vllm.log,13211,2026-09-22 09:00:35,3122.0,17.6,1530.4,2,0,0.4,0.0
dataset-aime.model-qwen3-8b.alpha4.0.steps100.blocks-1.prefetch-budget-20.rank-accept_first.cut-entropy4.0.samples20.maxnew1024.seed10086.subtreePrefetch.vllm.log,13266,2026-09-22 09:00:45,3132.0,30.9,1782.9,19,0,0.6,0.0
dataset-aime.model-qwen3-8b.alpha4.0.steps100.blocks-1.prefetch-budget-20.rank-accept_first.cut-entropy4.0.samples20.maxnew1024.seed10086.subtreePrefetch.vllm.log,13310,2026-09-22 09:00:55,3142.0,17.2,1371.3,19,0,1.3,0.0
dataset-aime.model-qwen3-8b.alpha4.0.steps100.blocks-1.prefetch-budget-20.rank-accept_first.cut-entropy4.0.samples20.maxnew1024.seed10086.subtreePrefetch.vllm.log,13332,2026-09-22 09:01:05,3152.0,17.3,1737.5,16,0,1.6,0.0
dataset-aime.model-qwen3-8b.alpha4.0.steps100.blocks-1.prefetch-budget-20.rank-accept_first.cut-entropy4.0.samples20.maxnew1024.seed10086.subtreePrefetch.vllm.log,13370,2026-09-22 09:01:15,3162.0,16.9,1510.5,12,0,1.7,0.0
dataset-aime.model-qwen3-8b.alpha4.0.steps100.blocks-1.prefetch-budget-20.rank-accept_first.cut-entropy4.0.samples20.maxnew1024.seed10086.subtreePrefetch.vllm.log,13412,2026-09-22 09:01:25,3172.0,15.2,1433.7,3,0,0.6,0.0
dataset-aime.model-qwen3-8b.alpha4.0.steps100.blocks-1.prefetch-budget-20.rank-accept_first.cut-entropy4.0.samples20.maxnew1024.seed10086.subtreePrefetch.vllm.log,13497,2026-09-22 09:01:35,3182.0,31.0,1352.8,20,0,0.4,0.0
dataset-aime.model-qwen3-8b.alpha4.0.steps100.blocks-1.prefetch-budget-20.rank-accept_first.cut-entropy4.0.samples20.maxnew1024.seed10086.subtreePrefetch.vllm.log,13523,2026-09-22 09:01:45,3192.0,19.2,1808.0,16,0,0.8,0.0
dataset-aime.model-qwen3-8b.alpha4.0.steps100.blocks-1.prefetch-budget-20.rank-accept_first.cut-entropy4.0.samples20.maxnew1024.seed10086.subtreePrefetch.vllm.log,13559,2026-09-22 09:01:55,3202.0,2.0,905.5,1,0,0.2,0.0
dataset-aime.model-qwen3-8b.alpha4.0.steps100.blocks-1.prefetch-budget-20.rank-accept_first.cut-entropy4.0.samples20.maxnew1024.seed10086.subtreePrefetch.vllm.log,13647,2026-09-22 09:02:05,3212.0,46.1,133.2,1,0,0.3,0.0
dataset-aime.model-qwen3-8b.alpha4.0.steps100.blocks-1.prefetch-budget-20.rank-accept_first.cut-entropy4.0.samples20.maxnew1024.seed10086.subtreePrefetch.vllm.log,13681,2026-09-22 09:02:15,3222.0,40.8,1326.5,17,0,0.8,0.0
dataset-aime.model-qwen3-8b.alpha4.0.steps100.blocks-1.prefetch-budget-20.rank-accept_first.cut-entropy4.0.samples20.maxnew1024.seed10086.subtreePrefetch.vllm.log,13711,2026-09-22 09:02:25,3232.0,19.7,1311.7,16,0,1.3,0.0
dataset-aime.model-qwen3-8b.alpha4.0.steps100.blocks-1.prefetch-budget-20.rank-accept_first.cut-entropy4.0.samples20.maxnew1024.seed10086.subtreePrefetch.vllm.log,13741,2026-09-22 09:02:35,3242.0,23.2,1536.8,14,0,1.5,0.0
dataset-aime.model-qwen3-8b.alpha4.0.steps100.blocks-1.prefetch-budget-20.rank-accept_first.cut-entropy4.0.samples20.maxnew1024.seed10086.subtreePrefetch.vllm.log,13775,2026-09-22 09:02:45,3252.0,23.0,1594.4,17,0,2.2,0.0
dataset-aime.model-qwen3-8b.alpha4.0.steps100.blocks-1.prefetch-budget-20.rank-accept_first.cut-entropy4.0.samples20.maxnew1024.seed10086.subtreePrefetch.vllm.log,13805,2026-09-22 09:02:55,3262.0,19.8,1654.0,11,0,1.7,0.0
dataset-aime.model-qwen3-8b.alpha4.0.steps100.blocks-1.prefetch-budget-20.rank-accept_first.cut-entropy4.0.samples20.maxnew1024.seed10086.subtreePrefetch.vllm.log,13833,2026-09-22 09:03:05,3272.0,23.3,1303.4,5,0,1.0,0.0
dataset-aime.model-qwen3-8b.alpha4.0.steps100.blocks-1.prefetch-budget-20.rank-accept_first.cut-entropy4.0.samples20.maxnew1024.seed10086.subtreePrefetch.vllm.log,13877,2026-09-22 09:03:15,3282.0,20.1,1775.5,13,0,2.6,0.0
dataset-aime.model-qwen3-8b.alpha4.0.steps100.blocks-1.prefetch-budget-20.rank-accept_first.cut-entropy4.0.samples20.maxnew1024.seed10086.subtreePrefetch.vllm.log,13962,2026-09-22 09:03:25,3292.0,47.7,1751.9,20,0,0.5,0.0
dataset-aime.model-qwen3-8b.alpha4.0.steps100.blocks-1.prefetch-budget-20.rank-accept_first.cut-entropy4.0.samples20.maxnew1024.seed10086.subtreePrefetch.vllm.log,14000,2026-09-22 09:03:35,3302.0,21.4,1912.6,20,0,1.0,0.0
dataset-aime.model-qwen3-8b.alpha4.0.steps100.blocks-1.prefetch-budget-20.rank-accept_first.cut-entropy4.0.samples20.maxnew1024.seed10086.subtreePrefetch.vllm.log,14040,2026-09-22 09:03:45,3312.0,22.9,2005.7,20,0,1.4,0.0
dataset-aime.model-qwen3-8b.alpha4.0.steps100.blocks-1.prefetch-budget-20.rank-accept_first.cut-entropy4.0.samples20.maxnew1024.seed10086.subtreePrefetch.vllm.log,14064,2026-09-22 09:03:55,3322.0,22.9,2035.4,20,0,1.8,0.0
dataset-aime.model-qwen3-8b.alpha4.0.steps100.blocks-1.prefetch-budget-20.rank-accept_first.cut-entropy4.0.samples20.maxnew1024.seed10086.subtreePrefetch.vllm.log,14090,2026-09-22 09:04:05,3332.0,21.4,1946.5,19,0,2.1,0.0
dataset-aime.model-qwen3-8b.alpha4.0.steps100.blocks-1.prefetch-budget-20.rank-accept_first.cut-entropy4.0.samples20.maxnew1024.seed10086.subtreePrefetch.vllm.log,14110,2026-09-22 09:04:15,3342.0,24.8,1937.4,20,0,2.6,0.0
dataset-aime.model-qwen3-8b.alpha4.0.steps100.blocks-1.prefetch-budget-20.rank-accept_first.cut-entropy4.0.samples20.maxnew1024.seed10086.subtreePrefetch.vllm.log,14140,2026-09-22 09:04:25,3352.0,19.5,2020.7,18,0,2.6,0.0
dataset-aime.model-qwen3-8b.alpha4.0.steps100.blocks-1.prefetch-budget-20.rank-accept_first.cut-entropy4.0.samples20.maxnew1024.seed10086.subtreePrefetch.vllm.log,14180,2026-09-22 09:04:35,3362.0,21.7,1842.9,15,0,2.5,0.0
dataset-aime.model-qwen3-8b.alpha4.0.steps100.blocks-1.prefetch-budget-20.rank-accept_first.cut-entropy4.0.samples20.maxnew1024.seed10086.subtreePrefetch.vllm.log,14224,2026-09-22 09:04:45,3372.0,23.6,1906.0,15,0,2.9,0.0
dataset-aime.model-qwen3-8b.alpha4.0.steps100.blocks-1.prefetch-budget-20.rank-accept_first.cut-entropy4.0.samples20.maxnew1024.seed10086.subtreePrefetch.vllm.log,14258,2026-09-22 09:04:55,3382.0,22.7,1926.7,3,0,0.7,0.0
dataset-aime.model-qwen3-8b.alpha4.0.steps100.blocks-1.prefetch-budget-20.rank-accept_first.cut-entropy4.0.samples20.maxnew1024.seed10086.subtreePrefetch.vllm.log,14325,2026-09-22 09:05:05,3392.0,39.2,1787.0,20,0,0.6,0.0
dataset-aime.model-qwen3-8b.alpha4.0.steps100.blocks-1.prefetch-budget-20.rank-accept_first.cut-entropy4.0.samples20.maxnew1024.seed10086.subtreePrefetch.vllm.log,14365,2026-09-22 09:05:15,3402.0,21.3,1860.1,20,0,0.9,0.0
dataset-aime.model-qwen3-8b.alpha4.0.steps100.blocks-1.prefetch-budget-20.rank-accept_first.cut-entropy4.0.samples20.maxnew1024.seed10086.subtreePrefetch.vllm.log,14411,2026-09-22 09:05:25,3412.0,22.3,1937.1,20,0,1.3,0.0
dataset-aime.model-qwen3-8b.alpha4.0.steps100.blocks-1.prefetch-budget-20.rank-accept_first.cut-entropy4.0.samples20.maxnew1024.seed10086.subtreePrefetch.vllm.log,14449,2026-09-22 09:05:35,3422.0,20.0,1997.6,20,0,1.7,0.0
dataset-aime.model-qwen3-8b.alpha4.0.steps100.blocks-1.prefetch-budget-20.rank-accept_first.cut-entropy4.0.samples20.maxnew1024.seed10086.subtreePrefetch.vllm.log,14481,2026-09-22 09:05:45,3432.0,22.4,1897.0,19,0,1.9,0.0
dataset-aime.model-qwen3-8b.alpha4.0.steps100.blocks-1.prefetch-budget-20.rank-accept_first.cut-entropy4.0.samples20.maxnew1024.seed10086.subtreePrefetch.vllm.log,14507,2026-09-22 09:05:55,3442.0,6.8,1304.2,6,0,0.9,0.0
dataset-aime.model-qwen3-8b.alpha4.0.steps100.blocks-1.prefetch-budget-20.rank-accept_first.cut-entropy4.0.samples20.maxnew1024.seed10086.subtreePrefetch.vllm.log,14627,2026-09-22 09:06:05,3452.0,12.6,207.1,1,0,0.2,0.0
dataset-aime.model-qwen3-8b.alpha4.0.steps100.blocks-1.prefetch-budget-20.rank-accept_first.cut-entropy4.0.samples20.maxnew1024.seed10086.subtreePrefetch.vllm.log,14667,2026-09-22 09:06:15,3462.0,34.6,1712.9,18,0,0.6,0.0
dataset-aime.model-qwen3-8b.alpha4.0.steps100.blocks-1.prefetch-budget-20.rank-accept_first.cut-entropy4.0.samples20.maxnew1024.seed10086.subtreePrefetch.vllm.log,14701,2026-09-22 09:06:25,3472.0,15.5,1650.7,20,0,1.2,0.0
dataset-aime.model-qwen3-8b.alpha4.0.steps100.blocks-1.prefetch-budget-20.rank-accept_first.cut-entropy4.0.samples20.maxnew1024.seed10086.subtreePrefetch.vllm.log,14733,2026-09-22 09:06:35,3482.0,15.0,1776.8,18,0,1.7,0.0
dataset-aime.model-qwen3-8b.alpha4.0.steps100.blocks-1.prefetch-budget-20.rank-accept_first.cut-entropy4.0.samples20.maxnew1024.seed10086.subtreePrefetch.vllm.log,14773,2026-09-22 09:06:45,3492.0,15.1,1558.2,14,0,1.7,0.0
dataset-aime.model-qwen3-8b.alpha4.0.steps100.blocks-1.prefetch-budget-20.rank-accept_first.cut-entropy4.0.samples20.maxnew1024.seed10086.subtreePrefetch.vllm.log,14811,2026-09-22 09:06:55,3502.0,17.3,1647.3,9,0,1.4,0.0
dataset-aime.model-qwen3-8b.alpha4.0.steps100.blocks-1.prefetch-budget-20.rank-accept_first.cut-entropy4.0.samples20.maxnew1024.seed10086.subtreePrefetch.vllm.log,14845,2026-09-22 09:07:05,3512.0,17.4,1492.3,3,0,0.6,0.0
dataset-aime.model-qwen3-8b.alpha4.0.steps100.blocks-1.prefetch-budget-20.rank-accept_first.cut-entropy4.0.samples20.maxnew1024.seed10086.subtreePrefetch.vllm.log,14934,2026-09-22 09:07:15,3522.0,34.2,1542.7,19,0,1.0,0.0
dataset-aime.model-qwen3-8b.alpha4.0.steps100.blocks-1.prefetch-budget-20.rank-accept_first.cut-entropy4.0.samples20.maxnew1024.seed10086.subtreePrefetch.vllm.log,14968,2026-09-22 09:07:25,3532.0,13.3,1772.5,20,0,1.5,0.0
dataset-aime.model-qwen3-8b.alpha4.0.steps100.blocks-1.prefetch-budget-20.rank-accept_first.cut-entropy4.0.samples20.maxnew1024.seed10086.subtreePrefetch.vllm.log,15000,2026-09-22 09:07:35,3542.0,18.6,1746.3,17,0,1.7,0.0
dataset-aime.model-qwen3-8b.alpha4.0.steps100.blocks-1.prefetch-budget-20.rank-accept_first.cut-entropy4.0.samples20.maxnew1024.seed10086.subtreePrefetch.vllm.log,15038,2026-09-22 09:07:45,3552.0,12.9,1714.0,18,0,2.2,0.0
dataset-aime.model-qwen3-8b.alpha4.0.steps100.blocks-1.prefetch-budget-20.rank-accept_first.cut-entropy4.0.samples20.maxnew1024.seed10086.subtreePrefetch.vllm.log,15066,2026-09-22 09:07:55,3562.0,15.4,1629.2,11,0,1.7,0.0
dataset-aime.model-qwen3-8b.alpha4.0.steps100.blocks-1.prefetch-budget-20.rank-accept_first.cut-entropy4.0.samples20.maxnew1024.seed10086.subtreePrefetch.vllm.log,15102,2026-09-22 09:08:05,3572.0,17.4,1637.0,9,0,1.6,0.0
dataset-aime.model-qwen3-8b.alpha4.0.steps100.blocks-1.prefetch-budget-20.rank-accept_first.cut-entropy4.0.samples20.maxnew1024.seed10086.subtreePrefetch.vllm.log,15138,2026-09-22 09:08:15,3582.0,18.5,1353.8,1,0,0.2,0.0
dataset-aime.model-qwen3-8b.alpha4.0.steps100.blocks-1.prefetch-budget-20.rank-accept_first.cut-entropy4.0.samples20.maxnew1024.seed10086.subtreePrefetch.vllm.log,15209,2026-09-22 09:08:25,3592.0,33.8,1592.2,20,0,0.9,0.0
dataset-aime.model-qwen3-8b.alpha4.0.steps100.blocks-1.prefetch-budget-20.rank-accept_first.cut-entropy4.0.samples20.maxnew1024.seed10086.subtreePrefetch.vllm.log,15237,2026-09-22 09:08:35,3602.0,20.6,1892.4,19,0,1.5,0.0
dataset-aime.model-qwen3-8b.alpha4.0.steps100.blocks-1.prefetch-budget-20.rank-accept_first.cut-entropy4.0.samples20.maxnew1024.seed10086.subtreePrefetch.vllm.log,15275,2026-09-22 09:08:45,3612.0,15.3,1644.7,18,0,1.8,0.0
dataset-aime.model-qwen3-8b.alpha4.0.steps100.blocks-1.prefetch-budget-20.rank-accept_first.cut-entropy4.0.samples20.maxnew1024.seed10086.subtreePrefetch.vllm.log,15370,2026-09-22 09:08:55,3622.0,11.9,751.1,1,0,0.0,0.0
dataset-aime.model-qwen3-8b.alpha4.0.steps100.blocks-1.prefetch-budget-20.rank-accept_first.cut-entropy4.0.samples20.maxnew1024.seed10086.subtreePrefetch.vllm.log,15375,2026-09-22 09:09:05,3632.0,21.0,689.0,15,0,1.1,0.0
dataset-aime.model-qwen3-8b.alpha4.0.steps100.blocks-1.prefetch-budget-20.rank-accept_first.cut-entropy4.0.samples20.maxnew1024.seed10086.subtreePrefetch.vllm.log,15411,2026-09-22 09:09:15,3642.0,16.0,1415.4,14,0,1.7,0.0
dataset-aime.model-qwen3-8b.alpha4.0.steps100.blocks-1.prefetch-budget-20.rank-accept_first.cut-entropy4.0.samples20.maxnew1024.seed10086.subtreePrefetch.vllm.log,15435,2026-09-22 09:09:25,3652.0,21.2,1496.7,6,0,1.1,0.0
dataset-aime.model-qwen3-8b.alpha4.0.steps100.blocks-1.prefetch-budget-20.rank-accept_first.cut-entropy4.0.samples20.maxnew1024.seed10086.subtreePrefetch.vllm.log,15502,2026-09-22 09:09:35,3662.0,45.0,1529.3,20,0,0.7,0.0
dataset-aime.model-qwen3-8b.alpha4.0.steps100.blocks-1.prefetch-budget-20.rank-accept_first.cut-entropy4.0.samples20.maxnew1024.seed10086.subtreePrefetch.vllm.log,15534,2026-09-22 09:09:45,3672.0,14.9,1689.9,20,0,1.4,0.0
dataset-aime.model-qwen3-8b.alpha4.0.steps100.blocks-1.prefetch-budget-20.rank-accept_first.cut-entropy4.0.samples20.maxnew1024.seed10086.subtreePrefetch.vllm.log,15572,2026-09-22 09:09:55,3682.0,16.6,1564.5,11,0,1.3,0.0
dataset-aime.model-qwen3-8b.alpha4.0.steps100.blocks-1.prefetch-budget-20.rank-accept_first.cut-entropy4.0.samples20.maxnew1024.seed10086.subtreePrefetch.vllm.log,15614,2026-09-22 09:10:05,3692.0,19.8,1331.2,5,0,0.8,0.0
dataset-aime.model-qwen3-8b.alpha4.0.steps100.blocks-1.prefetch-budget-20.rank-accept_first.cut-entropy4.0.samples20.maxnew1024.seed10086.subtreePrefetch.vllm.log,15679,2026-09-22 09:10:15,3702.0,39.9,1470.5,20,0,0.8,0.0
dataset-aime.model-qwen3-8b.alpha4.0.steps100.blocks-1.prefetch-budget-20.rank-accept_first.cut-entropy4.0.samples20.maxnew1024.seed10086.subtreePrefetch.vllm.log,15719,2026-09-22 09:10:25,3712.0,21.4,1617.1,13,0,1.4,0.0
dataset-aime.model-qwen3-8b.alpha4.0.steps100.blocks-1.prefetch-budget-20.rank-accept_first.cut-entropy4.0.samples20.maxnew1024.seed10086.subtreePrefetch.vllm.log,15763,2026-09-22 09:10:35,3722.0,18.0,1428.7,2,0,0.4,0.0
dataset-aime.model-qwen3-8b.alpha4.0.steps100.blocks-1.prefetch-budget-20.rank-accept_first.cut-entropy4.0.samples20.maxnew1024.seed10086.subtreePrefetch.vllm.log,15838,2026-09-22 09:10:45,3732.0,41.9,1598.9,20,0,0.9,0.0
dataset-aime.model-qwen3-8b.alpha4.0.steps100.blocks-1.prefetch-budget-20.rank-accept_first.cut-entropy4.0.samples20.maxnew1024.seed10086.subtreePrefetch.vllm.log,15866,2026-09-22 09:10:55,3742.0,24.3,1946.4,17,0,1.7,0.0
dataset-aime.model-qwen3-8b.alpha4.0.steps100.blocks-1.prefetch-budget-20.rank-accept_first.cut-entropy4.0.samples20.maxnew1024.seed10086.subtreePrefetch.vllm.log,15894,2026-09-22 09:11:05,3752.0,16.6,1534.1,8,0,1.2,0.0
dataset-aime.model-qwen3-8b.alpha4.0.steps100.blocks-1.prefetch-budget-20.rank-accept_first.cut-entropy4.0.samples20.maxnew1024.seed10086.subtreePrefetch.vllm.log,15961,2026-09-22 09:11:15,3762.0,39.8,1426.9,20,0,0.5,0.0
dataset-aime.model-qwen3-8b.alpha4.0.steps100.blocks-1.prefetch-budget-20.rank-accept_first.cut-entropy4.0.samples20.maxnew1024.seed10086.subtreePrefetch.vllm.log,15991,2026-09-22 09:11:25,3772.0,21.0,1846.9,19,0,1.3,0.0
dataset-aime.model-qwen3-8b.alpha4.0.steps100.blocks-1.prefetch-budget-20.rank-accept_first.cut-entropy4.0.samples20.maxnew1024.seed10086.subtreePrefetch.vllm.log,16027,2026-09-22 09:11:35,3782.0,6.2,953.9,2,0,0.3,0.0
dataset-aime.model-qwen3-8b.alpha4.0.steps100.blocks-1.prefetch-budget-20.rank-accept_first.cut-entropy4.0.samples20.maxnew1024.seed10086.subtreePrefetch.vllm.log,16135,2026-09-22 09:11:45,3792.0,16.5,234.2,20,0,0.4,0.0
dataset-aime.model-qwen3-8b.alpha4.0.steps100.blocks-1.prefetch-budget-20.rank-accept_first.cut-entropy4.0.samples20.maxnew1024.seed10086.subtreePrefetch.vllm.log,16169,2026-09-22 09:11:55,3802.0,15.9,1513.6,16,0,1.2,0.0
dataset-aime.model-qwen3-8b.alpha4.0.steps100.blocks-1.prefetch-budget-20.rank-accept_first.cut-entropy4.0.samples20.maxnew1024.seed10086.subtreePrefetch.vllm.log,16201,2026-09-22 09:12:05,3812.0,12.2,1406.3,11,0,1.1,0.0
dataset-aime.model-qwen3-8b.alpha4.0.steps100.blocks-1.prefetch-budget-20.rank-accept_first.cut-entropy4.0.samples20.maxnew1024.seed10086.subtreePrefetch.vllm.log,16223,2026-09-22 09:12:15,3822.0,15.3,1238.6,4,0,0.6,0.0
dataset-aime.model-qwen3-8b.alpha4.0.steps100.blocks-1.prefetch-budget-20.rank-accept_first.cut-entropy4.0.samples20.maxnew1024.seed10086.subtreePrefetch.vllm.log,16265,2026-09-22 09:12:25,3832.0,13.2,1021.9,2,0,0.4,0.0
dataset-aime.model-qwen3-8b.alpha4.0.steps100.blocks-1.prefetch-budget-20.rank-accept_first.cut-entropy4.0.samples20.maxnew1024.seed10086.subtreePrefetch.vllm.log,16334,2026-09-22 09:12:35,3842.0,30.8,1324.5,19,0,0.9,0.0
dataset-aime.model-qwen3-8b.alpha4.0.steps100.blocks-1.prefetch-budget-20.rank-accept_first.cut-entropy4.0.samples20.maxnew1024.seed10086.subtreePrefetch.vllm.log,16352,2026-09-22 09:12:45,3852.0,14.3,1424.7,16,0,1.8,0.0
dataset-aime.model-qwen3-8b.alpha4.0.steps100.blocks-1.prefetch-budget-20.rank-accept_first.cut-entropy4.0.samples20.maxnew1024.seed10086.subtreePrefetch.vllm.log,16380,2026-09-22 09:12:55,3862.0,12.3,1228.3,8,0,1.2,0.0
dataset-aime.model-qwen3-8b.alpha4.0.steps100.blocks-1.prefetch-budget-20.rank-accept_first.cut-entropy4.0.samples20.maxnew1024.seed10086.subtreePrefetch.vllm.log,16418,2026-09-22 09:13:05,3872.0,16.8,1057.0,2,0,0.4,0.0
dataset-aime.model-qwen3-8b.alpha4.0.steps100.blocks-1.prefetch-budget-20.rank-accept_first.cut-entropy4.0.samples20.maxnew1024.seed10086.subtreePrefetch.vllm.log,16489,2026-09-22 09:13:15,3882.0,37.6,1188.9,18,0,0.7,0.0
dataset-aime.model-qwen3-8b.alpha4.0.steps100.blocks-1.prefetch-budget-20.rank-accept_first.cut-entropy4.0.samples20.maxnew1024.seed10086.subtreePrefetch.vllm.log,16529,2026-09-22 09:13:25,3892.0,19.2,1374.7,13,0,1.0,0.0
dataset-aime.model-qwen3-8b.alpha4.0.steps100.blocks-1.prefetch-budget-20.rank-accept_first.cut-entropy4.0.samples20.maxnew1024.seed10086.subtreePrefetch.vllm.log,16573,2026-09-22 09:13:35,3902.0,21.2,1244.5,18,0,1.7,0.0
dataset-aime.model-qwen3-8b.alpha4.0.steps100.blocks-1.prefetch-budget-20.rank-accept_first.cut-entropy4.0.samples20.maxnew1024.seed10086.subtreePrefetch.vllm.log,16605,2026-09-22 09:13:45,3912.0,20.7,1357.3,6,0,0.8,0.0
dataset-aime.model-qwen3-8b.alpha4.0.steps100.blocks-1.prefetch-budget-20.rank-accept_first.cut-entropy4.0.samples20.maxnew1024.seed10086.subtreePrefetch.vllm.log,16647,2026-09-22 09:13:55,3922.0,21.8,1078.6,3,0,0.5,0.0
dataset-aime.model-qwen3-8b.alpha4.0.steps100.blocks-1.prefetch-budget-20.rank-accept_first.cut-entropy4.0.samples20.maxnew1024.seed10086.subtreePrefetch.vllm.log,16712,2026-09-22 09:14:05,3932.0,43.9,907.9,20,0,0.5,0.0
dataset-aime.model-qwen3-8b.alpha4.0.steps100.blocks-1.prefetch-budget-20.rank-accept_first.cut-entropy4.0.samples20.maxnew1024.seed10086.subtreePrefetch.vllm.log,16744,2026-09-22 09:14:15,3942.0,22.3,1481.4,18,0,1.0,0.0
dataset-aime.model-qwen3-8b.alpha4.0.steps100.blocks-1.prefetch-budget-20.rank-accept_first.cut-entropy4.0.samples20.maxnew1024.seed10086.subtreePrefetch.vllm.log,16774,2026-09-22 09:14:25,3952.0,15.5,1727.7,19,0,1.6,0.0
dataset-aime.model-qwen3-8b.alpha4.0.steps100.blocks-1.prefetch-budget-20.rank-accept_first.cut-entropy4.0.samples20.maxnew1024.seed10086.subtreePrefetch.vllm.log,16800,2026-09-22 09:14:35,3962.0,17.3,1458.7,12,0,1.5,0.0
dataset-aime.model-qwen3-8b.alpha4.0.steps100.blocks-1.prefetch-budget-20.rank-accept_first.cut-entropy4.0.samples20.maxnew1024.seed10086.subtreePrefetch.vllm.log,16834,2026-09-22 09:14:45,3972.0,12.1,1538.0,10,0,1.5,0.0
dataset-aime.model-qwen3-8b.alpha4.0.steps100.blocks-1.prefetch-budget-20.rank-accept_first.cut-entropy4.0.samples20.maxnew1024.seed10086.subtreePrefetch.vllm.log,16868,2026-09-22 09:14:55,3982.0,21.2,1526.6,8,0,1.5,0.0
dataset-aime.model-qwen3-8b.alpha4.0.steps100.blocks-1.prefetch-budget-20.rank-accept_first.cut-entropy4.0.samples20.maxnew1024.seed10086.subtreePrefetch.vllm.log,16917,2026-09-22 09:15:05,3992.0,5.0,403.0,1,0,0.2,0.0
