method,base_llm,alpha,mcmc_steps,num_blocks,init_temperature,max_model_len,max_new_tokens,temperature_schedule_type,cut_dist_type,cut_power,completion,prediction,is_correct,justification,num_tries,proposal_temperatures,scoring_batch_size
multi_try_mh,google/gemma-4-12B-it,4.0,100,1,0.25,,1024,const,uniform,,"```python
import sys

def solve():
    # Read X from standard input
    input_data = sys.stdin.read().split()
    if not input_data:
        return
    x = int(input_data[0])
    
    total_sum = 0
    # Iterate through the 9x9 multiplication table
    for i in range(1, 10):
        for j in range(1, 10):
            value = i * j
            # If the value in the cell is not X, add it to the total sum
            if value != x:
                total_sum += value
                
    # Print the final sum to stdout
    print(total_sum)

if __name__ == ""__main__"":
    solve()
```thought
```python
import sys

def solve():
    # Read X from standard input
    input_data = sys.stdin.read().split()
    if not input_data:
        return
    x = int(input_data[0])
    
    total_sum = 0
    # Iterate through the 9x9 multiplication table
    for i in range(1, 10):
        for j in range(1, 10):
            value = i * j
            # If the value in the cell is not X, add it to the total sum
            if value != x:
                total_sum += value
                
    # Print the final sum to stdout
    print(total_sum)

if __name__ == ""__main__"":
    solve()
```thought
```python
import sys

def solve():
    # Read X from standard input
    input_data = sys.stdin.read().split()
    if not input_data:
        return
    x = int(input_data[0])
    
    total_sum = 0
    # Iterate through the 9x9 multiplication table
    for i in range(1, 10):
        for j in range(1, 10):
            value = i * j
            # If the value in the cell is not X, add it to the total sum
            if value != x:
                total_sum += value
                
    # Print the final sum to stdout
    print(total_sum)

if __name__ == ""__main__"":
    solve()
```thought
```python
import sys

def solve():
    # Read X from standard input
    input_data = sys.stdin.read().split()
    if not input_data:
        return
    x = int(input_data[0])
    
    total_sum = 0
    # Iterate through the 9x9 multiplication table
    for i in range(1, 10):
        for j in range(1, 10):
            value = i * j
            # If the value in the cell is not X, add it to the total sum
            if value != x:
                total_sum += value
                
    # Print the final sum to stdout
    print(total_sum)

if __name__ == ""__main__"":
    solve()
```thought
```python
import sys

def solve():
    # Read X from standard input
    input_data = sys.stdin.read().split()
    if not input_data:
        return
    x = int(input_data[0])
    
    total_sum = 0
    # Iterate through the 9x9 multiplication table
    for i in range(1, 10):
        for j in range(1, 10):
            value = i * j
            # If the value in the cell is not X, add it to the total sum
            if value != x:
                total_sum += value
                
    # Print the final sum to stdout
    print(total_sum)

if __name__ == ""__main__"":
    solve()
```thought
```python
import sys

def solve():
    # Read X from standard input
    input_data = sys.stdin.read().split()
    if not input_data:
        return
    x = int(input_data[0])
    
    total_sum = 0
    # Iterate through the 9x9 multiplication table
    for i in range(1, 10):
        for j in range(1, 10):
            value = i * j
            # If the value in the cell is not X,","import sys

def solve():
    # Read X from standard input
    input_data = sys.stdin.read().split()
    if not input_data:
        return
    x = int(input_data[0])
    
    total_sum = 0
    # Iterate through the 9x9 multiplication table
    for i in range(1, 10):
        for j in range(1, 10):
            value = i * j
            # If the value in the cell is not X, add it to the total sum
            if value != x:
                total_sum += value
                
    # Print the final sum to stdout
    print(total_sum)

if __name__ == ""__main__"":
    solve()",True,,4,"[0.25, 0.5, 1.0]",128
multi_try_mh,google/gemma-4-12B-it,4.0,100,1,0.25,,1024,const,uniform,,"```python
import sys

# Increase recursion depth for deep DFS if necessary
sys.setrecursionlimit(3000)

def solve():
    # Read N and M
    input_data = sys.stdin.read().split()
    if not input_data:
        return
    N = int(input_data[0])
    M = int(input_data[1])
    A = list(map(int, input_data[2:]))
    
    # The condition is x_i <= x_{A_i}.
    # This defines a directed graph where an edge exists from i to A_i.
    # If there is a cycle in this graph, all elements in that cycle must be equal.
    # If x_i <= x_{A_i} and x_{A_i} <= x_i, then x_i = x_{A_i}.
    
    # Let's represent the dependencies as a directed graph.
    # x_i <= x_{A_i} means x_i is constrained by x_{A_i}.
    adj = [[] for _ in range(N + 1)]
    for i, a_i in enumerate(A, 1):
        adj[i].append(a_i)
        
    # Find Strongly Connected Components (SCCs)
    # Elements in the same SCC must have the same value.
    visited_time = [0] * (N + 1)
    low_link = [0] * (N + 1)
    stack = []
    on_stack = [False] * (N + 1)
    timer = 0
    sccs = []
    
    def find_sccs(u):
        nonlocal timer
        timer += 1
        visited_time[u] = low_link[u] = timer
        stack.append(u)
        on_stack[u] = True
        
        for v in adj[u]:
            if visited_time[v] == 0:
                find_sccs(v)
                low_link[u] = min(low_link[u], low_link[v])
            elif on_stack[v]:
                low_link[u] = min(low_link[u], visited_time[v])
        
        if low_link[u] == visited_time[u]:
            component = []
            while True:
                node = stack.pop()
                on_stack[node] = False
                component.append(node)
                if node == u:
                    break
            sccs.append(component)

    for i in range(1, N + 1):
        if visited_time[i] == 0:
            find_sccs(i)
            
    # Condense the graph into a DAG of SCCs
    scc_id = [0] * (N + 1)
    for idx, component in enumerate(sccs):
        for node in component:
            scc_id[node] = idx + 1
            
    num_sccs = len(sccs)
    scc_adj = [set() for _ in range(num_sccs + 1)]
    in_degree = [0] * (num_sccs + 1)
    
    for u in range(1, N + 1):
        for v in adj[u]:
            if scc_id[u] != scc_id[v]:
                if scc_id[v] not in scc_adj[scc_id[u]]:
                    scc_adj[scc_id[u]].add(scc_id[v])
                    in_degree[scc_id[v]] += 1
                    
    # The condition x_i <= x_{A_i} translates to:
    # If there is an edge from SCC_u to SCC_v, then value(SCC_u) <= value(SCC_v).
    # This is a standard problem: count number of ways to assign values 1..M 
    # to nodes of a DAG such that if u -> v, val(u) <= val(v).
    
    # Since N, M <= 2025, we can use DP.
    # Let dp[u][v] be the number of ways to assign values to the subtree rooted at u
    # such that val(u) = v. However, this is a DAG, not a tree.
","import sys

# Increase recursion depth for deep DFS if necessary
sys.setrecursionlimit(3000)

def solve():
    # Read N and M
    input_data = sys.stdin.read().split()
    if not input_data:
        return
    N = int(input_data[0])
    M = int(input_data[1])
    A = list(map(int, input_data[2:]))
    
    # The condition is x_i <= x_{A_i}.
    # This defines a directed graph where an edge exists from i to A_i.
    # If there is a cycle in this graph, all elements in that cycle must be equal.
    # If x_i <= x_{A_i} and x_{A_i} <= x_i, then x_i = x_{A_i}.
    
    # Let's represent the dependencies as a directed graph.
    # x_i <= x_{A_i} means x_i is constrained by x_{A_i}.
    adj = [[] for _ in range(N + 1)]
    for i, a_i in enumerate(A, 1):
        adj[i].append(a_i)
        
    # Find Strongly Connected Components (SCCs)
    # Elements in the same SCC must have the same value.
    visited_time = [0] * (N + 1)
    low_link = [0] * (N + 1)
    stack = []
    on_stack = [False] * (N + 1)
    timer = 0
    sccs = []
    
    def find_sccs(u):
        nonlocal timer
        timer += 1
        visited_time[u] = low_link[u] = timer
        stack.append(u)
        on_stack[u] = True
        
        for v in adj[u]:
            if visited_time[v] == 0:
                find_sccs(v)
                low_link[u] = min(low_link[u], low_link[v])
            elif on_stack[v]:
                low_link[u] = min(low_link[u], visited_time[v])
        
        if low_link[u] == visited_time[u]:
            component = []
            while True:
                node = stack.pop()
                on_stack[node] = False
                component.append(node)
                if node == u:
                    break
            sccs.append(component)

    for i in range(1, N + 1):
        if visited_time[i] == 0:
            find_sccs(i)
            
    # Condense the graph into a DAG of SCCs
    scc_id = [0] * (N + 1)
    for idx, component in enumerate(sccs):
        for node in component:
            scc_id[node] = idx + 1
            
    num_sccs = len(sccs)
    scc_adj = [set() for _ in range(num_sccs + 1)]
    in_degree = [0] * (num_sccs + 1)
    
    for u in range(1, N + 1):
        for v in adj[u]:
            if scc_id[u] != scc_id[v]:
                if scc_id[v] not in scc_adj[scc_id[u]]:
                    scc_adj[scc_id[u]].add(scc_id[v])
                    in_degree[scc_id[v]] += 1
                    
    # The condition x_i <= x_{A_i} translates to:
    # If there is an edge from SCC_u to SCC_v, then value(SCC_u) <= value(SCC_v).
    # This is a standard problem: count number of ways to assign values 1..M 
    # to nodes of a DAG such that if u -> v, val(u) <= val(v).
    
    # Since N, M <= 2025, we can use DP.
    # Let dp[u][v] be the number of ways to assign values to the subtree rooted at u
    # such that val(u) = v. However, this is a DAG, not a tree.",False,Code is incorrect.,4,"[0.25, 0.5, 1.0]",128
multi_try_mh,google/gemma-4-12B-it,4.0,100,1,0.25,,1024,const,uniform,,"```python
import sys

def solve():
    # Read input from standard input
    input_data = sys.stdin.read().split()
    if not input_data:
        return
    
    # Parse A and B
    A = int(input_data[0])
    B = int(input_data[1])
    
    # Calculate (A + B)^2
    result = (A + B) ** 2
    
    # Print the result to standard output
    print(result)

if __name__ == ""__main__"":
    solve()
```thought
```python
import sys

def solve():
    # Read input from standard input
    input_data = sys.stdin.read().split()
    if not input_data:
        return
    
    # Parse A and B
    A = int(input_data[0])
    B = int(input_data[1])
    
    # Calculate (A + B)^2
    result = (A + B) ** 2
    
    # Print the result to standard output
    print(result)

if __name__ == ""__main__"":
    solve()
```thought
```python
import sys

def solve():
    # Read input from standard input
    input_data = sys.stdin.read().split()
    if not input_data:
        return
    
    # Parse A and B
    A = int(input_data[0])
    B = int(input_data[1])
    
    # Calculate (A + B)^2
    result = (A + B) ** 2
    
    # Print the result to standard output
    print(result)

if __name__ == ""__main__"":
    solve()
```thought
```python
import sys

def solve():
    # Read input from standard input
    input_data = sys.stdin.read().split()
    if not input_data:
        return
    
    # Parse A and B
    A = int(input_data[0])
    B = int(input_data[1])
    
    # Calculate (A + B)^2
    result = (A + B) ** 2
    
    # Print the result to standard output
    print(result)

if __name__ == ""__main__"":
    solve()
```thought
```python
import sys

def solve():
    # Read input from standard input
    input_data = sys.stdin.read().split()
    if not input_data:
        return
    
    # Parse A and B
    A = int(input_data[0])
    B = int(input_data[1])
    
    # Calculate (A + B)^2
    result = (A + B) ** 2
    
    # Print the result to standard output
    print(result)

if __name__ == ""__main__"":
    solve()
```thought
```python
import sys

def solve():
    # Read input from standard input
    input_data = sys.stdin.read().split()
    if not input_data:
        return
    
    # Parse A and B
    A = int(input_data[0])
    B = int(input_data[1])
    
    # Calculate (A + B)^2
    result = (A + B) ** 2
    
    # Print the result to standard output
    print(result)

if __name__ == ""__main__"":
    solve()
```</thought>
```python
import sys

def solve():
    # Read input from standard input
    input_data = sys.stdin.read().split()
    if not input_data:
        return
    
    # Parse A and B
    A = int(input_data[0])
    B = int(input_data[1])
    
    # Calculate (A + B)^2
    result = (A + B) ** 2
    
    # Print the result to standard output
    print(result)

if __name__ == ""__main__"":
    solve()
```thought
```python
import sys

def solve():
    # Read input from standard input
    input_data = sys.stdin.read().split()
    if not input_data:
        return
    
    # Parse A and B
    A = int(input_data[0])
    B = int(input_data","import sys

def solve():
    # Read input from standard input
    input_data = sys.stdin.read().split()
    if not input_data:
        return
    
    # Parse A and B
    A = int(input_data[0])
    B = int(input_data[1])
    
    # Calculate (A + B)^2
    result = (A + B) ** 2
    
    # Print the result to standard output
    print(result)

if __name__ == ""__main__"":
    solve()",True,,4,"[0.25, 0.5, 1.0]",128
multi_try_mh,google/gemma-4-12B-it,4.0,100,1,0.25,,1024,const,uniform,,"```python
import sys

# The problem asks to count Snake numbers between L and R.
# A Snake number is an integer >= 10 where the first digit is strictly 
# larger than every other digit.
# Let d be the first digit (1 <= d <= 9).
# If the number has k digits (k >= 2), then all other k-1 digits 
# must be in the range [0, d-1].

def solve():
    line = sys.stdin.read().split()
    if not line:
        return
    L = int(line[0])
    R = int(line[1])

    def count_snake_up_to(N):
        """"""Counts Snake numbers in range [10, N]""""""
        if N < 10:
            return 0
        
        s_n = str(N)
        len_n = len(s_n)
        total = 0
        
        # Case 1: Numbers with fewer digits than N
        # For a fixed number of digits 'k' (2 <= k < len_n)
        # and a fixed first digit 'd' (1 <= d <= 9)
        # The number of such Snake numbers is d^(k-1)
        # However, the condition is that all other digits are < d.
        # So for a fixed d, there are d choices for each of the k-1 positions.
        # Wait, the condition is: first digit d, others are in {0, 1, ..., d-1}.
        # So there are d choices for each of the k-1 positions.
        # Total for k digits = sum_{d=1}^9 d^(k-1)
        for k in range(2, len_n):
            for d in range(1, 10):
                total += d**(k-1)
        
        # Case 2: Numbers with the same number of digits as N
        # Let the first digit of N be D.
        # For first digit d < D:
        # All d in {1, ..., D-1} are valid first digits.
        # For each d, there are d^(len_n - 1) such numbers.
        first_digit_n = int(s_n[0])
        for d in range(1, first_digit_n):
            total += d**(len_n - 1)
            
        # For first digit d == D:
        # We need to count numbers of length len_n starting with D
        # such that all subsequent digits are < D and the number <= N.
        # This is a digit DP style approach or a recursive count.
        
        def count_with_fixed_prefix(prefix_str, max_val_str, max_digit):
            # Counts numbers of length len_n starting with prefix_str
            # where all digits are < max_digit and number <= max_val_str
            # This is slightly complex. Let's simplify.
            pass

        # Let's use a simpler approach for the same length:
        # We want to count numbers X = D x_1 x_2 ... x_{k-1}
        # such that 0 <= x_i < D and X <= N.
        # This is equivalent to counting sequences (x_1, ..., x_{k-1})
        # where each x_i \in {0, ..., D-1} and the number formed is <= N.
        
        # Let's use digit DP logic for the remaining k-1 positions.
        # dp(index, is_less)
        memo = {}
        def count_recursive(idx, is_less):
            state = (idx, is_less)
            if state in memo: return memo[state]
            
            if idx == len_n:
                return 1
            
            res = 0
            limit = int(s_n[idx]) if not is_less else first_digit_n - 1
            # The digit at idx must be < first_digit_n
            # and if is_less is false, it must be <= s_n[idx]
            upper = min(limit, first_digit_n - 1)
            
            for digit in range(upper + 1):
                new_is_less = is_less or (digit < limit)
                res += count_recursive(idx + 1, new_is_less)
            
            memo[state] =","import sys

# The problem asks to count Snake numbers between L and R.
# A Snake number is an integer >= 10 where the first digit is strictly 
# larger than every other digit.
# Let d be the first digit (1 <= d <= 9).
# If the number has k digits (k >= 2), then all other k-1 digits 
# must be in the range [0, d-1].

def solve():
    line = sys.stdin.read().split()
    if not line:
        return
    L = int(line[0])
    R = int(line[1])

    def count_snake_up_to(N):
        """"""Counts Snake numbers in range [10, N]""""""
        if N < 10:
            return 0
        
        s_n = str(N)
        len_n = len(s_n)
        total = 0
        
        # Case 1: Numbers with fewer digits than N
        # For a fixed number of digits 'k' (2 <= k < len_n)
        # and a fixed first digit 'd' (1 <= d <= 9)
        # The number of such Snake numbers is d^(k-1)
        # However, the condition is that all other digits are < d.
        # So for a fixed d, there are d choices for each of the k-1 positions.
        # Wait, the condition is: first digit d, others are in {0, 1, ..., d-1}.
        # So there are d choices for each of the k-1 positions.
        # Total for k digits = sum_{d=1}^9 d^(k-1)
        for k in range(2, len_n):
            for d in range(1, 10):
                total += d**(k-1)
        
        # Case 2: Numbers with the same number of digits as N
        # Let the first digit of N be D.
        # For first digit d < D:
        # All d in {1, ..., D-1} are valid first digits.
        # For each d, there are d^(len_n - 1) such numbers.
        first_digit_n = int(s_n[0])
        for d in range(1, first_digit_n):
            total += d**(len_n - 1)
            
        # For first digit d == D:
        # We need to count numbers of length len_n starting with D
        # such that all subsequent digits are < D and the number <= N.
        # This is a digit DP style approach or a recursive count.
        
        def count_with_fixed_prefix(prefix_str, max_val_str, max_digit):
            # Counts numbers of length len_n starting with prefix_str
            # where all digits are < max_digit and number <= max_val_str
            # This is slightly complex. Let's simplify.
            pass

        # Let's use a simpler approach for the same length:
        # We want to count numbers X = D x_1 x_2 ... x_{k-1}
        # such that 0 <= x_i < D and X <= N.
        # This is equivalent to counting sequences (x_1, ..., x_{k-1})
        # where each x_i \in {0, ..., D-1} and the number formed is <= N.
        
        # Let's use digit DP logic for the remaining k-1 positions.
        # dp(index, is_less)
        memo = {}
        def count_recursive(idx, is_less):
            state = (idx, is_less)
            if state in memo: return memo[state]
            
            if idx == len_n:
                return 1
            
            res = 0
            limit = int(s_n[idx]) if not is_less else first_digit_n - 1
            # The digit at idx must be < first_digit_n
            # and if is_less is false, it must be <= s_n[idx]
            upper = min(limit, first_digit_n - 1)
            
            for digit in range(upper + 1):
                new_is_less = is_less or (digit < limit)
                res += count_recursive(idx + 1, new_is_less)
            
            memo[state] =",False,Code is incorrect.,4,"[0.25, 0.5, 1.0]",128
multi_try_mh,google/gemma-4-12B-it,4.0,100,1,0.25,,1024,const,uniform,,"```python
import sys

def solve():
    # Read input from stdin
    input_data = sys.stdin.read().split()
    if not input_data:
        return
    
    n = int(input_data[0])
    a = list(map(int, input_data[1:]))
    
    # b[i] will store the number of stones the i-th alien has.
    # Note: The problem uses 1-based indexing for years and aliens.
    # Alien i becomes an adult at year i.
    # Let's use 0-based indexing for the list 'a'.
    # Alien i (0-indexed) becomes an adult at year i+1.
    
    # We need to track how many stones each alien has as they become adults.
    # When alien i (0-indexed) becomes an adult at year i+1:
    # 1. They receive 1 stone from every alien j < i who currently has > 0 stones.
    # 2. They lose 1 stone at every year k > i+1 if they have > 0 stones at that time.
    
    # Let's re-evaluate the process:
    # Year 1: Alien 1 becomes adult. No one was an adult before.
    # Year 2: Alien 2 becomes adult. Alien 1 (now adult) gives 1 stone if A_1 > 0.
    # Year 3: Alien 3 becomes adult. Aliens 1 and 2 (now adults) give 1 stone if they have > 0.
    # ...
    # Year k: Alien k becomes adult. Aliens 1...k-1 (now adults) give 1 stone if they have > 0.
    
    # Let C_i(t) be stones of alien i at year t.
    # Initially C_i(0) = A_i.
    # At year t (1 <= t <= N):
    # Alien t becomes adult.
    # For all j < t: if C_j(t-1) > 0, then C_j(t) = C_j(t-1) - 1, and C_t(t) = C_t(t-1) + 1.
    # For all j > t: C_j(t) = C_j(t-1).
    # Special case: C_t(t) = C_t(t-1) + (number of j < t such that C_j(t-1) > 0).
    
    # Let's trace Sample 1: A = [5, 0, 9, 3]
    # Year 1: Alien 1 becomes adult. 
    #   j < 1: none. C_1(1)=5, C_2(1)=0, C_3(1)=9, C_4(1)=3.
    # Year 2: Alien 2 becomes adult.
    #   j < 2: C_1(1)=5 > 0. C_1(2)=4, C_2(2)=0+1=1, C_3(2)=9, C_4(2)=3.
    # Year 3: Alien 3 becomes adult.
    #   j < 3: C_1(2)=4 > 0, C_2(2)=1 > 0. C_1(3)=3, C_2(3)=0, C_3(3)=9+2=11, C_4(3)=3.
    # Year 4: Alien 4 becomes adult.
    #   j < 4: C_1(3)=3 > 0, C_2(3)=0, C_3(3)=11 > 0. C_1(4)=2, C_2(4)=0, C_3(4)=10, C_4(4)=3+2=5.
    # Final: 2 0 10 5. Correct.
    
    # Optimization:
    # Let S(t) be the number of adults who have > 0 stones at year t.
    # At year t:
    # Alien t gets S(t-1) stones.
    # For j < t, if C_j(t-1) > 0, C_j(t) = C_j(t-1) - 1.
    # This looks like we can track the ""current"" stones","import sys

def solve():
    # Read input from stdin
    input_data = sys.stdin.read().split()
    if not input_data:
        return
    
    n = int(input_data[0])
    a = list(map(int, input_data[1:]))
    
    # b[i] will store the number of stones the i-th alien has.
    # Note: The problem uses 1-based indexing for years and aliens.
    # Alien i becomes an adult at year i.
    # Let's use 0-based indexing for the list 'a'.
    # Alien i (0-indexed) becomes an adult at year i+1.
    
    # We need to track how many stones each alien has as they become adults.
    # When alien i (0-indexed) becomes an adult at year i+1:
    # 1. They receive 1 stone from every alien j < i who currently has > 0 stones.
    # 2. They lose 1 stone at every year k > i+1 if they have > 0 stones at that time.
    
    # Let's re-evaluate the process:
    # Year 1: Alien 1 becomes adult. No one was an adult before.
    # Year 2: Alien 2 becomes adult. Alien 1 (now adult) gives 1 stone if A_1 > 0.
    # Year 3: Alien 3 becomes adult. Aliens 1 and 2 (now adults) give 1 stone if they have > 0.
    # ...
    # Year k: Alien k becomes adult. Aliens 1...k-1 (now adults) give 1 stone if they have > 0.
    
    # Let C_i(t) be stones of alien i at year t.
    # Initially C_i(0) = A_i.
    # At year t (1 <= t <= N):
    # Alien t becomes adult.
    # For all j < t: if C_j(t-1) > 0, then C_j(t) = C_j(t-1) - 1, and C_t(t) = C_t(t-1) + 1.
    # For all j > t: C_j(t) = C_j(t-1).
    # Special case: C_t(t) = C_t(t-1) + (number of j < t such that C_j(t-1) > 0).
    
    # Let's trace Sample 1: A = [5, 0, 9, 3]
    # Year 1: Alien 1 becomes adult. 
    #   j < 1: none. C_1(1)=5, C_2(1)=0, C_3(1)=9, C_4(1)=3.
    # Year 2: Alien 2 becomes adult.
    #   j < 2: C_1(1)=5 > 0. C_1(2)=4, C_2(2)=0+1=1, C_3(2)=9, C_4(2)=3.
    # Year 3: Alien 3 becomes adult.
    #   j < 3: C_1(2)=4 > 0, C_2(2)=1 > 0. C_1(3)=3, C_2(3)=0, C_3(3)=9+2=11, C_4(3)=3.
    # Year 4: Alien 4 becomes adult.
    #   j < 4: C_1(3)=3 > 0, C_2(3)=0, C_3(3)=11 > 0. C_1(4)=2, C_2(4)=0, C_3(4)=10, C_4(4)=3+2=5.
    # Final: 2 0 10 5. Correct.
    
    # Optimization:
    # Let S(t) be the number of adults who have > 0 stones at year t.
    # At year t:
    # Alien t gets S(t-1) stones.
    # For j < t, if C_j(t-1) > 0, C_j(t) = C_j(t-1) - 1.
    # This looks like we can track the ""current"" stones",False,Code is incorrect.,4,"[0.25, 0.5, 1.0]",128
multi_try_mh,google/gemma-4-12B-it,4.0,100,1,0.25,,1024,const,uniform,,"```python
import sys

def solve():
    # Read N and D from the first line
    input_data = sys.stdin.read().split()
    if not input_data:
        return
    
    N = int(input_data[0])
    D = int(input_data[1])
    
    snakes = []
    idx = 2
    for _ in range(N):
        t = int(input_data[idx])
        l = int(input_data[idx+1])
        snakes.append((t, l))
        idx += 2
        
    # For each k from 1 to D
    for k in range(1, D + 1):
        max_weight = -1
        for t, l in snakes:
            # Weight = thickness * (original length + k)
            current_weight = t * (l + k)
            if current_weight > max_weight:
                max_weight = current_weight
        print(max_weight)

if __name__ == ""__main__"":
    solve()

```

","import sys

def solve():
    # Read N and D from the first line
    input_data = sys.stdin.read().split()
    if not input_data:
        return
    
    N = int(input_data[0])
    D = int(input_data[1])
    
    snakes = []
    idx = 2
    for _ in range(N):
        t = int(input_data[idx])
        l = int(input_data[idx+1])
        snakes.append((t, l))
        idx += 2
        
    # For each k from 1 to D
    for k in range(1, D + 1):
        max_weight = -1
        for t, l in snakes:
            # Weight = thickness * (original length + k)
            current_weight = t * (l + k)
            if current_weight > max_weight:
                max_weight = current_weight
        print(max_weight)

if __name__ == ""__main__"":
    solve()",True,,4,"[0.25, 0.5, 1.0]",128
multi_try_mh,google/gemma-4-12B-it,4.0,100,1,0.25,,1024,const,uniform,,"```python
import sys
import bisect

# The problem asks for the maximum number of pairs (a, b) such that a <= b/2
# within a range [L, R]. This is a maximum matching problem in a bipartite-like
# structure (since it's a matching in a graph where edges exist if a <= b/2).
# Because the values are sorted, we can use a greedy approach:
# For each mochi b, we want to pair it with the smallest available mochi a such that a <= b/2.
# However, since we need to solve this for many ranges [L, R], we need a more efficient approach.
#
# Let's rephrase: we want to find max matching in a graph where an edge exists between 
# indices i and j (L <= i < j <= R) if A[i] <= A[j] / 2.
# This is a matching in a convex/interval-like graph.
# A known result for this type of matching (where edges are defined by a condition on 
# sorted values) is that the maximum matching size is equal to:
# min_{k} ( (number of elements <= A[k]/2) + (number of elements > A[k]) )? No, that's not it.
#
# Actually, for a range [L, R], the maximum matching size K is:
# K = min_{i \in [L, R]} ( (number of elements in [L, R] that can be 'tops') + (number of elements in [L, R] that can be 'bottoms') )? No.
#
# Let's use the Hall's Marriage Theorem variant or the property of matching in these graphs:
# The max matching size is equal to:
# min_{k \in [L, R]} ( (count of indices i in [L, R] such that A[i] <= A[k]/2) + (count of indices j in [L, R] such that j > k) )
# Wait, the standard result for matching in these ""half-size"" graphs is:
# Max matching = min_{k \in [L, R]} ( (count of i in [L, R] s.t. A[i] <= A[k]/2) + (R - k) )
# Let's test this on Sample 1, Query 1: [2, 5] -> A = [1, 2, 3, 4].
# k=2 (A[2]=1): count(A[i] <= 0.5) + (5-2) = 0 + 3 = 3
# k=3 (A[3]=2): count(A[i] <= 1) + (5-3) = 1 + 2 = 3
# k=4 (A[4]=3): count(A[i] <= 1.5) + (5-4) = 1 + 1 = 2
# k=5 (A[5]=4): count(A[i] <= 2) + (5-5) = 2 + 0 = 2
# Min is 2. Correct.
#
# Query 2: [3, 8] -> A = [2, 3, 4, 4, 7, 10].
# k=3 (A[3]=2): count(A[i] <= 1) + (8-3) = 0 + 5 = 5
# k=4 (A[4]=3): count(A[i] <= 1.5) + (8-4) = 0 + 4 = 4
# k=5 (A[5]=4): count(A[i] <= 2) + (8-5) = 1 + 3 = 4
# k=6 (A[6]=4): count(A[i] <= 2) + (8-6) = 1 + 2 = 3
# k=7 (A[7]=7): count(A[i] <= 3.5) + (8-7) = 2 + 1 = 3
# k=8 (A[8]=10): count(A[i] <= 5) + (8-8) = 4 + 0 = 4
# Min is 3. Correct.
#
# So the formula is:
# Ans = min_{k \in [L, R]} ( count(i \in [L, R] s.t","import sys
import bisect

# The problem asks for the maximum number of pairs (a, b) such that a <= b/2
# within a range [L, R]. This is a maximum matching problem in a bipartite-like
# structure (since it's a matching in a graph where edges exist if a <= b/2).
# Because the values are sorted, we can use a greedy approach:
# For each mochi b, we want to pair it with the smallest available mochi a such that a <= b/2.
# However, since we need to solve this for many ranges [L, R], we need a more efficient approach.
#
# Let's rephrase: we want to find max matching in a graph where an edge exists between 
# indices i and j (L <= i < j <= R) if A[i] <= A[j] / 2.
# This is a matching in a convex/interval-like graph.
# A known result for this type of matching (where edges are defined by a condition on 
# sorted values) is that the maximum matching size is equal to:
# min_{k} ( (number of elements <= A[k]/2) + (number of elements > A[k]) )? No, that's not it.
#
# Actually, for a range [L, R], the maximum matching size K is:
# K = min_{i \in [L, R]} ( (number of elements in [L, R] that can be 'tops') + (number of elements in [L, R] that can be 'bottoms') )? No.
#
# Let's use the Hall's Marriage Theorem variant or the property of matching in these graphs:
# The max matching size is equal to:
# min_{k \in [L, R]} ( (count of indices i in [L, R] such that A[i] <= A[k]/2) + (count of indices j in [L, R] such that j > k) )
# Wait, the standard result for matching in these ""half-size"" graphs is:
# Max matching = min_{k \in [L, R]} ( (count of i in [L, R] s.t. A[i] <= A[k]/2) + (R - k) )
# Let's test this on Sample 1, Query 1: [2, 5] -> A = [1, 2, 3, 4].
# k=2 (A[2]=1): count(A[i] <= 0.5) + (5-2) = 0 + 3 = 3
# k=3 (A[3]=2): count(A[i] <= 1) + (5-3) = 1 + 2 = 3
# k=4 (A[4]=3): count(A[i] <= 1.5) + (5-4) = 1 + 1 = 2
# k=5 (A[5]=4): count(A[i] <= 2) + (5-5) = 2 + 0 = 2
# Min is 2. Correct.
#
# Query 2: [3, 8] -> A = [2, 3, 4, 4, 7, 10].
# k=3 (A[3]=2): count(A[i] <= 1) + (8-3) = 0 + 5 = 5
# k=4 (A[4]=3): count(A[i] <= 1.5) + (8-4) = 0 + 4 = 4
# k=5 (A[5]=4): count(A[i] <= 2) + (8-5) = 1 + 3 = 4
# k=6 (A[6]=4): count(A[i] <= 2) + (8-6) = 1 + 2 = 3
# k=7 (A[7]=7): count(A[i] <= 3.5) + (8-7) = 2 + 1 = 3
# k=8 (A[8]=10): count(A[i] <= 5) + (8-8) = 4 + 0 = 4
# Min is 3. Correct.
#
# So the formula is:
# Ans = min_{k \in [L, R]} ( count(i \in [L, R] s.t",False,Code is incorrect.,4,"[0.25, 0.5, 1.0]",128
multi_try_mh,google/gemma-4-12B-it,4.0,100,1,0.25,,1024,const,uniform,,"```python
import sys
import bisect

def solve():
    # Read all input at once for efficiency
    input_data = sys.stdin.read().split()
    if not input_data:
        return
    
    n = int(input_data[0])
    a = list(map(int, input_data[1:]))
    
    # The problem asks for the number of pairs (i, j) such that 
    # A_i <= A_j / 2 and i != j.
    # Since the array is sorted in ascending order, A_i <= A_j / 2 
    # implies A_i < A_j, so i will always be less than j.
    # We need to count pairs (i, j) where 1 <= i < j <= N and A_i <= A_j / 2.
    
    total_count = 0
    
    # For each mochi j (the bottom one), we want to find how many 
    # mochi i (the top one) satisfy A_i <= A_j / 2.
    # Since the array is sorted, we can use binary search (bisect_right)
    # to find the index of the largest mochi that is <= A_j / 2.
    
    for j in range(1, n):
        target = a[j] // 2
        # bisect_right returns the insertion point which is the count of 
        # elements <= target.
        count = bisect.bisect_right(a, target, 0, j)
        total_count += count
        
    print(total_count)

if __name__ == ""__main__"":
    solve()

```thought
```python
import sys
import bisect

def solve():
    # Read all input at once for efficiency
    input_data = sys.stdin.read().split()
    if not input_data:
        return
    
    n = int(input_data[0])
    a = list(map(int, input_data[1:]))
    
    # The problem asks for the number of pairs (i, j) such that 
    # A_i <= A_j / 2 and i != j.
    # Since the array is sorted in ascending order, A_i <= A_j / 2 
    # implies A_i < A_j, so i will always be less than j.
    # We need to count pairs (i, j) where 1 <= i < j <= N and A_i <= A_j / 2.
    
    total_count = 0
    
    # For each mochi j (the bottom one), we want to find how many 
    # mochi i (the top one) satisfy A_i <= A_j / 2.
    # Since the array is sorted, we can use binary search (bisect_right)
    # to find the index of the largest mochi that is <= A_j / 2.
    
    for j in range(1, n):
        target = a[j] // 2
        # bisect_right returns the insertion point which is the count of 
        # elements <= target in the range [0, j).
        count = bisect.bisect_right(a, target, 0, j)
        total_count += count
        
    print(total_count)

if __name__ == ""__main__"":
    solve()
```thought
```python
import sys
import bisect

def solve():
    # Read all input at once for efficiency
    input_data = sys.stdin.read().split()
    if not input_data:
        return
    
    n = int(input_data[0])
    a = list(map(int, input_data[1:]))
    
    # The problem asks for the number of pairs (i, j) such that 
    # A_i <= A_j / 2 and i != j.
    # Since the array is sorted in ascending order, A_i <= A_j / 2 
    # implies A_i < A_j, so i will always be less than j.
    # We need to count pairs (i, j) where 1 <= i < j <= N and A_i <= A_j / 2.
    
    total_count = 0
    
    # For each mochi j (the bottom one),","import sys
import bisect

def solve():
    # Read all input at once for efficiency
    input_data = sys.stdin.read().split()
    if not input_data:
        return
    
    n = int(input_data[0])
    a = list(map(int, input_data[1:]))
    
    # The problem asks for the number of pairs (i, j) such that 
    # A_i <= A_j / 2 and i != j.
    # Since the array is sorted in ascending order, A_i <= A_j / 2 
    # implies A_i < A_j, so i will always be less than j.
    # We need to count pairs (i, j) where 1 <= i < j <= N and A_i <= A_j / 2.
    
    total_count = 0
    
    # For each mochi j (the bottom one), we want to find how many 
    # mochi i (the top one) satisfy A_i <= A_j / 2.
    # Since the array is sorted, we can use binary search (bisect_right)
    # to find the index of the largest mochi that is <= A_j / 2.
    
    for j in range(1, n):
        target = a[j] // 2
        # bisect_right returns the insertion point which is the count of 
        # elements <= target in the range [0, j).
        count = bisect.bisect_right(a, target, 0, j)
        total_count += count
        
    print(total_count)

if __name__ == ""__main__"":
    solve()",True,,4,"[0.25, 0.5, 1.0]",128
multi_try_mh,google/gemma-4-12B-it,4.0,100,1,0.25,,1024,const,uniform,,"```python
import sys

def solve():
    # Read input from standard input
    line = sys.stdin.readline().strip()
    
    if not line:
        return
    
    # The first character of the string S
    first_char = line[0]
    
    # Concatenate the first character with ""UPC""
    result = first_char + ""UPC""
    
    # Print the result to standard output
    print(result)

if __name__ == ""__main__"":
    solve()
```thought
```python
import sys

def solve():
    # Read input from standard input
    line = sys.stdin.readline().strip()
    
    if not line:
        return
    
    # The first character of the string S
    first_char = line[0]
    
    # Concatenate the first character with ""UPC""
    result = first_char + ""UPC""
    
    # Print the result to standard output
    print(result)

if __name__ == ""__main__"":
    solve()
```thought
```python
import sys

def solve():
    # Read input from standard input
    line = sys.stdin.readline().strip()
    
    if not line:
        return
    
    # The first character of the string S
    first_char = line[0]
    
    # Concatenate the first character with ""UPC""
    result = first_char + ""UPC""
    
    # Print the result to standard output
    print(result)

if __name__ == ""__main__"":
    solve()
```thought
```python
import sys

def solve():
    # Read input from standard input
    line = sys.stdin.readline().strip()
    
    if not line:
        return
    
    # The first character of the string S
    first_char = line[0]
    
    # Concatenate the first character with ""UPC""
    result = first_char + ""UPC""
    
    # Print the result to standard output
    print(result)

if __name__ == ""__main__"":
    solve()
```thought
```python
import sys

def solve():
    # Read input from standard input
    line = sys.stdin.readline().strip()
    
    if not line:
        return
    
    # The first character of the string S
    first_char = line[0]
    
    # Concatenate the first character with ""UPC""
    result = first_char + ""UPC""
    
    # Print the result to standard output
    print(result)

if __name__ == ""__main__"":
    solve()
```thought
```python
import sys

def solve():
    # Read input from standard input
    line = sys.stdin.readline().strip()
    
    if not line:
        return
    
    # The first character of the string S
    first_char = line[0]
    
    # Concatenate the first character with ""UPC""
    result = first_char + ""UPC""
    
    # Print the result to standard output
    print(result)

if __name__ == ""__main__"":
    solve()
```
thought
```python
import sys

def solve():
    # Read input from standard input
    line = sys.stdin.readline().strip()
    
    if not line:
        return
    
    # The first character of the string S
    first_char = line[0]
    
    # Concatenate the first character with ""UPC""
    result = first_char + ""UPC""
    
    # Print the result to standard output
    print(result)

if __name__ == ""__main__"":
    solve()
```
thought
```python
import sys

def solve():
    # Read input from standard input
    line = sys.stdin.readline().strip()
    
    if not line:
        return
    
    # The first character of the string S
    first_char = line[0]
    
    # Concatenate the first character with ""UPC""
    result = first_char + ""UPC""
    
    # Print the result to standard output
    print(result)

if __name__ == ""__main__"":
    solve()
```
thought
```python
import sys

def solve():
    # Read input from standard","import sys

def solve():
    # Read input from standard input
    line = sys.stdin.readline().strip()
    
    if not line:
        return
    
    # The first character of the string S
    first_char = line[0]
    
    # Concatenate the first character with ""UPC""
    result = first_char + ""UPC""
    
    # Print the result to standard output
    print(result)

if __name__ == ""__main__"":
    solve()",True,,4,"[0.25, 0.5, 1.0]",128
multi_try_mh,google/gemma-4-12B-it,4.0,100,1,0.25,,1024,const,uniform,,"```python
import sys

def solve():
    # Read N, M, A, B
    input_data = sys.stdin.read().split()
    if not input_data:
        return
    
    N = int(input_data[0])
    M = int(input_data[1])
    A = int(input_data[2])
    B = int(input_data[3])
    
    bad_intervals = []
    idx = 4
    for _ in range(M):
        l = int(input_data[idx])
        r = int(input_data[idx+1])
        bad_intervals.append((l, r))
        idx += 2
    
    # The problem asks if we can reach N from 1 using jumps [A, B]
    # avoiding bad intervals.
    # Since N is large (10^12) and M is small (2*10^4), 
    # we can think about the reachable range.
    
    # Let S be the set of reachable squares.
    # Because jumps are in [A, B], if we can reach a range [x, y],
    # and there are no bad squares in [x+A, y+B], the new reachable range
    # is [x+A, y+B].
    # However, bad intervals break these ranges.
    
    # We can maintain a set of disjoint reachable intervals [l, r].
    # Initially, we are at square 1. Reachable interval: [1, 1].
    reachable_intervals = [(1, 1)]
    
    # Sort bad intervals by start point (they are already sorted by R_i < L_{i+1})
    # We need to process the space from left to right.
    
    # A square x is ""safe"" if it's not in any [L_i, R_i].
    # Let's define the ""safe"" segments.
    # The bad intervals are [L_i, R_i].
    # The safe segments are [1, L_1-1], [R_1+1, L_2-1], ..., [R_M+1, N].
    
    safe_segments = []
    last_r = 0
    for l, r in bad_intervals:
        if l > last_r + 1:
            safe_segments.append((last_r + 1, l - 1))
        last_r = r
    if last_r < N:
        safe_segments.append((last_r + 1, N))
        
    # Now we have a list of safe segments. We want to see if we can
    # traverse these segments using jumps [A, B].
    # From a reachable interval [L, R] in a safe segment, 
    # the next reachable interval is [L+A, R+B] intersected with the current safe segment.
    # If R+B reaches the end of the current safe segment, we check if we can jump
    # into the next safe segment.
    
    # Actually, a simpler way:
    # Let current_reachable_range = [L, R].
    # Initially [1, 1].
    # For each safe segment [S_start, S_end]:
    #   1. Clip [L, R] to [S_start, S_end]. If L > S_end, this segment is useless.
    #   2. While L <= S_end:
    #      The reachable range expands to [L+A, R+B].
    #      But we must stay within [S_start, S_end].
    #      So new_L = L+A, new_R = min(S_end, R+B).
    #      If new_L > new_R, we are stuck in this segment.
    #      If new_R == S_end, we can potentially jump to the next segment.
    #      Wait, the jump can land anywhere in [L+A, R+B] as long as it's not bad.
    
    # Let's refine:
    # We maintain the current reachable range [curr_L, curr_R].
    # Initially [1, 1].
    # For each safe segment [S_start, S_end]:
    #   If curr_R < S_start:
    #     Can we jump from [curr_L, curr_R] to","import sys

def solve():
    # Read N, M, A, B
    input_data = sys.stdin.read().split()
    if not input_data:
        return
    
    N = int(input_data[0])
    M = int(input_data[1])
    A = int(input_data[2])
    B = int(input_data[3])
    
    bad_intervals = []
    idx = 4
    for _ in range(M):
        l = int(input_data[idx])
        r = int(input_data[idx+1])
        bad_intervals.append((l, r))
        idx += 2
    
    # The problem asks if we can reach N from 1 using jumps [A, B]
    # avoiding bad intervals.
    # Since N is large (10^12) and M is small (2*10^4), 
    # we can think about the reachable range.
    
    # Let S be the set of reachable squares.
    # Because jumps are in [A, B], if we can reach a range [x, y],
    # and there are no bad squares in [x+A, y+B], the new reachable range
    # is [x+A, y+B].
    # However, bad intervals break these ranges.
    
    # We can maintain a set of disjoint reachable intervals [l, r].
    # Initially, we are at square 1. Reachable interval: [1, 1].
    reachable_intervals = [(1, 1)]
    
    # Sort bad intervals by start point (they are already sorted by R_i < L_{i+1})
    # We need to process the space from left to right.
    
    # A square x is ""safe"" if it's not in any [L_i, R_i].
    # Let's define the ""safe"" segments.
    # The bad intervals are [L_i, R_i].
    # The safe segments are [1, L_1-1], [R_1+1, L_2-1], ..., [R_M+1, N].
    
    safe_segments = []
    last_r = 0
    for l, r in bad_intervals:
        if l > last_r + 1:
            safe_segments.append((last_r + 1, l - 1))
        last_r = r
    if last_r < N:
        safe_segments.append((last_r + 1, N))
        
    # Now we have a list of safe segments. We want to see if we can
    # traverse these segments using jumps [A, B].
    # From a reachable interval [L, R] in a safe segment, 
    # the next reachable interval is [L+A, R+B] intersected with the current safe segment.
    # If R+B reaches the end of the current safe segment, we check if we can jump
    # into the next safe segment.
    
    # Actually, a simpler way:
    # Let current_reachable_range = [L, R].
    # Initially [1, 1].
    # For each safe segment [S_start, S_end]:
    #   1. Clip [L, R] to [S_start, S_end]. If L > S_end, this segment is useless.
    #   2. While L <= S_end:
    #      The reachable range expands to [L+A, R+B].
    #      But we must stay within [S_start, S_end].
    #      So new_L = L+A, new_R = min(S_end, R+B).
    #      If new_L > new_R, we are stuck in this segment.
    #      If new_R == S_end, we can potentially jump to the next segment.
    #      Wait, the jump can land anywhere in [L+A, R+B] as long as it's not bad.
    
    # Let's refine:
    # We maintain the current reachable range [curr_L, curr_R].
    # Initially [1, 1].
    # For each safe segment [S_start, S_end]:
    #   If curr_R < S_start:
    #     Can we jump from [curr_L, curr_R] to",False,Code is incorrect.,4,"[0.25, 0.5, 1.0]",128
multi_try_mh,google/gemma-4-12B-it,4.0,100,1,0.25,,1024,const,uniform,,"```python
import sys

def solve():
    """"""
    The problem asks for the maximum number of pairs (a, b) such that 
    a <= b/2, where each mochi is used at most once.
    
    Since the input array A is sorted in ascending order, we can use a 
    greedy approach with a two-pointer technique.
    
    We want to pair the smallest available mochi with the smallest possible 
    mochi that is at least twice its size. This ensures we leave larger 
    mochi available for other pairings.
    """"""
    # Read N
    input_data = sys.stdin.read().split()
    if not input_data:
        return
    
    n = int(input_data[0])
    # Read A_i
    a = list(map(int, input_data[1:]))
    
    k = 0
    left = 0
    right = 1
    
    # Use two pointers to find pairs
    # 'left' points to the smaller mochi (top of kagamimochi)
    # 'right' points to the larger mochi (bottom of kagamimochi)
    while right < n:
        if a[left] * 2 <= a[right]:
            # We found a valid pair
            k += 1
            # Move both pointers to find the next pair
            left += 1
            right += 1
        else:
            # a[right] is too small to be the bottom for a[left]
            # Since a is sorted, we need a larger bottom mochi
            right += 1
            
    print(k)

if __name__ == ""__main__"":
    solve()

```thought
```python
import sys

def solve():
    """"""
    The problem asks for the maximum number of pairs (a, b) such that 
    a <= b/2, where each mochi is used at most once.
    
    Since the input array A is sorted in ascending order, we can use a 
    greedy approach with a two-pointer technique.
    
    We want to pair the smallest available mochi with the smallest possible 
    mochi that is at least twice its size. This ensures we leave larger 
    mochi available for other pairings.
    """"""
    # Read N
    input_data = sys.stdin.read().split()
    if not input_data:
        return
    
    n = int(input_data[0])
    # Read A_i
    a = list(map(int, input_data[1:]))
    
    k = 0
    left = 0
    right = 1
    
    # Use two pointers to find pairs
    # 'left' points to the smaller mochi (top of kagamimochi)
    # 'right' points to the larger mochi (bottom of kagamimochi)
    while right < n:
        if a[left] * 2 <= a[right]:
            # We found a valid pair
            k += 1
            # Move both pointers to find the next pair
            left += 1
            right += 1
        else:
            # a[right] is too small to be the bottom for a[left]
            # Since a is sorted, we need a larger bottom mochi
            right += 1
            
    print(k)

if __name__ == ""__main__"":
    solve()

```thought
```python
import sys

def solve():
    """"""
    The problem asks for the maximum number of pairs (a, b) such that 
    a <= b/2, where each mochi is used at most once.
    
    Since the input array A is sorted in ascending order, we can use a 
    greedy approach with a two-pointer technique.
    
    We want to pair the smallest available mochi with the smallest possible 
    mochi that is at least twice its size. This ensures we leave larger 
    mochi available for other pairings.
    """"""
    # Read N
    input_data = sys.stdin.read().split()
    if not input_data:
        return
    
    n = int(input_data[0])
    # Read A_i
    a = list(map(int, input_data[1:]))
    
    k = 0
    left = 0
    right = 1
    
    # Use two pointers to find pairs
    #","import sys

def solve():
    """"""
    The problem asks for the maximum number of pairs (a, b) such that 
    a <= b/2, where each mochi is used at most once.
    
    Since the input array A is sorted in ascending order, we can use a 
    greedy approach with a two-pointer technique.
    
    We want to pair the smallest available mochi with the smallest possible 
    mochi that is at least twice its size. This ensures we leave larger 
    mochi available for other pairings.
    """"""
    # Read N
    input_data = sys.stdin.read().split()
    if not input_data:
        return
    
    n = int(input_data[0])
    # Read A_i
    a = list(map(int, input_data[1:]))
    
    k = 0
    left = 0
    right = 1
    
    # Use two pointers to find pairs
    # 'left' points to the smaller mochi (top of kagamimochi)
    # 'right' points to the larger mochi (bottom of kagamimochi)
    while right < n:
        if a[left] * 2 <= a[right]:
            # We found a valid pair
            k += 1
            # Move both pointers to find the next pair
            left += 1
            right += 1
        else:
            # a[right] is too small to be the bottom for a[left]
            # Since a is sorted, we need a larger bottom mochi
            right += 1
            
    print(k)

if __name__ == ""__main__"":
    solve()",False,Code is incorrect.,4,"[0.25, 0.5, 1.0]",128
multi_try_mh,google/gemma-4-12B-it,4.0,100,1,0.25,,1024,const,uniform,,"```python
import sys
import math

def solve():
    # Read R from standard input
    line = sys.stdin.readline()
    if not line:
        return
    r = int(line.strip())
    
    # The problem asks for the number of integer pairs (i, j) such that
    # all four corners of the square centered at (i, j) are within distance R
    # from the origin (0, 0).
    # The corners of the square centered at (i, j) are:
    # (i+0.5, j+0.5), (i+0.5, j-0.5), (i-0.5, j+0.5), (i-0.5, j-0.5)
    #
    # A square is contained if and only if the corner furthest from the origin
    # is at a distance <= R.
    # For a square centered at (i, j), the distance of a corner (x, y) 
    # to the origin is sqrt(x^2 + y^2).
    # The condition is:
    # (i+0.5)^2 + (j+0.5)^2 <= R^2
    # (i+0.5)^2 + (j-0.5)^2 <= R^2
    # (i-0.5)^2 + (j+0.5)^2 <= R^2
    # (i-0.5)^2 + (j-0.5)^2 <= R^2
    #
    # This is equivalent to:
    # max(|i+0.5|, |i-0.5|)^2 + max(|j+0.5|, |j-0.5|)^2 <= R^2
    # Since i and j are integers:
    # max(|i+0.5|, |i-0.5|) = |i| + 0.5
    # max(|j+0.5|, |j-0.5|) = |j| + 0.5
    #
    # So we need to count (i, j) such that:
    # (|i| + 0.5)^2 + (|j| + 0.5)^2 <= R^2
    # Let x = |i| and y = |j|. x and y are non-negative integers.
    # The condition is (x + 0.5)^2 + (y + 0.5)^2 <= R^2
    # (x + 0.5)^2 + (y + 0.5)^2 <= R^2
    # x^2 + x + 0.25 + y^2 + y + 0.25 <= R^2
    # x^2 + x + y^2 + y <= R^2 - 0.5
    # Since x and y are integers, this is equivalent to:
    # x^2 + x + y^2 + y <= R^2 - 1 (if R^2 is an integer, which it is)
    # Actually, let's re-verify:
    # (x + 0.5)^2 + (y + 0.5)^2 <= R^2
    # x^2 + x + 0.25 + y^2 + y + 0.25 <= R^2
    # x^2 + x + y^2 + y <= R^2 - 0.5
    # Since x^2 + x + y^2 + y is an integer, this is equivalent to:
    # x^2 + x + y^2 + y <= floor(R^2 - 0.5)
    # Since R is an integer, R^2 - 0.5 has floor R^2 - 1.
    # Wait, if R=2, R^2-0.5 = 3.5. x^2+x+y^2+y <= 3.
    # If x=0, y=0: 0 <= 3 (True)
    # If x=1, y=0: 2 <= 3 (True)
    # If x=0, y=1: 2 <= 3 (True)
    # If x=1, y=1: 4 <= 3 (False)
    # If x=2, y=0: 6 <= 3 (False)
    # So for R=2, (x,y) pairs are (0,0), (1,0),","import sys
import math

def solve():
    # Read R from standard input
    line = sys.stdin.readline()
    if not line:
        return
    r = int(line.strip())
    
    # The problem asks for the number of integer pairs (i, j) such that
    # all four corners of the square centered at (i, j) are within distance R
    # from the origin (0, 0).
    # The corners of the square centered at (i, j) are:
    # (i+0.5, j+0.5), (i+0.5, j-0.5), (i-0.5, j+0.5), (i-0.5, j-0.5)
    #
    # A square is contained if and only if the corner furthest from the origin
    # is at a distance <= R.
    # For a square centered at (i, j), the distance of a corner (x, y) 
    # to the origin is sqrt(x^2 + y^2).
    # The condition is:
    # (i+0.5)^2 + (j+0.5)^2 <= R^2
    # (i+0.5)^2 + (j-0.5)^2 <= R^2
    # (i-0.5)^2 + (j+0.5)^2 <= R^2
    # (i-0.5)^2 + (j-0.5)^2 <= R^2
    #
    # This is equivalent to:
    # max(|i+0.5|, |i-0.5|)^2 + max(|j+0.5|, |j-0.5|)^2 <= R^2
    # Since i and j are integers:
    # max(|i+0.5|, |i-0.5|) = |i| + 0.5
    # max(|j+0.5|, |j-0.5|) = |j| + 0.5
    #
    # So we need to count (i, j) such that:
    # (|i| + 0.5)^2 + (|j| + 0.5)^2 <= R^2
    # Let x = |i| and y = |j|. x and y are non-negative integers.
    # The condition is (x + 0.5)^2 + (y + 0.5)^2 <= R^2
    # (x + 0.5)^2 + (y + 0.5)^2 <= R^2
    # x^2 + x + 0.25 + y^2 + y + 0.25 <= R^2
    # x^2 + x + y^2 + y <= R^2 - 0.5
    # Since x and y are integers, this is equivalent to:
    # x^2 + x + y^2 + y <= R^2 - 1 (if R^2 is an integer, which it is)
    # Actually, let's re-verify:
    # (x + 0.5)^2 + (y + 0.5)^2 <= R^2
    # x^2 + x + 0.25 + y^2 + y + 0.25 <= R^2
    # x^2 + x + y^2 + y <= R^2 - 0.5
    # Since x^2 + x + y^2 + y is an integer, this is equivalent to:
    # x^2 + x + y^2 + y <= floor(R^2 - 0.5)
    # Since R is an integer, R^2 - 0.5 has floor R^2 - 1.
    # Wait, if R=2, R^2-0.5 = 3.5. x^2+x+y^2+y <= 3.
    # If x=0, y=0: 0 <= 3 (True)
    # If x=1, y=0: 2 <= 3 (True)
    # If x=0, y=1: 2 <= 3 (True)
    # If x=1, y=1: 4 <= 3 (False)
    # If x=2, y=0: 6 <= 3 (False)
    # So for R=2, (x,y) pairs are (0,0), (1,0),",False,Code is incorrect.,4,"[0.25, 0.5, 1.0]",128
multi_try_mh,google/gemma-4-12B-it,4.0,100,1,0.25,,1024,const,uniform,,"```python
import sys

def solve():
    # Read X from standard input
    input_data = sys.stdin.read().strip()
    if not input_data:
        return
    x = int(input_data)
    
    # Since X is a factorial N!, we can find N by iteratively 
    # dividing X by 1, 2, 3, ... until the result becomes 1.
    # The last divisor used will be N.
    
    current_x = x
    n = 1
    while current_x > 1:
        n += 1
        current_x //= n
        
    print(n)

if __name__ == ""__main__"":
    solve()
```thought
```python
import sys

def solve():
    # Read X from standard input
    input_data = sys.stdin.read().strip()
    if not input_data:
        return
    x = int(input_data)
    
    # Since X is a factorial N!, we can find N by iteratively 
    # dividing X by 1, 2, 3, ... until the result becomes 1.
    # The last divisor used will be N.
    
    current_x = x
    n = 1
    while current_x > 1:
        n += 1
        current_x //= n
        
    print(n)

if __name__ == ""__main__"":
    solve()
```thought
```python
import sys

def solve():
    # Read X from standard input
    input_data = sys.stdin.read().strip()
    if not input_data:
        return
    x = int(input_data)
    
    # Since X is a factorial N!, we can find N by iteratively 
    # dividing X by 1, 2, 3, ... until the result becomes 1.
    # The last divisor used will be N.
    
    current_x = x
    n = 1
    while current_x > 1:
        n += 1
        current_x //= n
        
    print(n)

if __name__ == ""__main__"":
    solve()
```thought
```python
import sys

def solve():
    # Read X from standard input
    input_data = sys.stdin.read().strip()
    if not input_data:
        return
    x = int(input_data)
    
    # Since X is a factorial N!, we can find N by iteratively 
    # dividing X by 1, 2, 3, ... until the result becomes 1.
    # The last divisor used will be N.
    
    current_x = x
    n = 1
    while current_x > 1:
        n += 1
        current_x //= n
        
    print(n)

if __name__ == ""__main__"":
    solve()
```thought
```python
import sys

def solve():
    # Read X from standard input
    input_data = sys.stdin.read().strip()
    if not input_data:
        return
    x = int(input_data)
    
    # Since X is a factorial N!, we can find N by iteratively 
    # dividing X by 1, 2, 3, ... until the result becomes 1.
    # The last divisor used will be N.
    
    current_x = x
    n = 1
    while current_x > 1:
        n += 1
        current_x //= n
        
    print(n)

if __name__ == ""__main__"":
    solve()
```thought
```python
import sys

def solve():
    # Read X from standard input
    input_data = sys.stdin.read().strip()
    if not input_data:
        return
    x = int(input_data)
    
    # Since X is a factorial N!, we can find N by iteratively 
    # dividing X by 1, 2, 3, ... until the result becomes 1.
    # The last divisor used will be N.
    
    current_x = x
    n = 1
    while current_x > 1:
        n += 1
        current_x //= n
        
    print(n)

if __name__ == ""__main__"":
    solve","import sys

def solve():
    # Read X from standard input
    input_data = sys.stdin.read().strip()
    if not input_data:
        return
    x = int(input_data)
    
    # Since X is a factorial N!, we can find N by iteratively 
    # dividing X by 1, 2, 3, ... until the result becomes 1.
    # The last divisor used will be N.
    
    current_x = x
    n = 1
    while current_x > 1:
        n += 1
        current_x //= n
        
    print(n)

if __name__ == ""__main__"":
    solve()",True,,4,"[0.25, 0.5, 1.0]",128
multi_try_mh,google/gemma-4-12B-it,4.0,100,1,0.25,,1024,const,uniform,,"```python
import sys

def solve():
    # Read the input string from standard input
    line = sys.stdin.readline().strip()
    
    if not line:
        return

    # The string format is digit + 'x' + digit
    # Extract the first character and convert to integer
    num1 = int(line[0])
    # Extract the third character and convert to integer
    num2 = int(line[2])
    
    # Calculate the product
    result = num1 * num2
    
    # Print the result to stdout
    print(result)

if __name__ == ""__main__"":
    solve()
```thought
```python
import sys

def solve():
    # Read the input string from standard input
    line = sys.stdin.readline().strip()
    
    if not line:
        return

    # The string format is digit + 'x' + digit
    # Extract the first character and convert to integer
    num1 = int(line[0])
    # Extract the third character and convert to integer
    num2 = int(line[2])
    
    # Calculate the product
    result = num1 * num2
    
    # Print the result to stdout
    print(result)

if __name__ == ""__main__"":
    solve()
```thought
```python
import sys

def solve():
    # Read the input string from standard input
    line = sys.stdin.readline().strip()
    
    if not line:
        return

    # The string format is digit + 'x' + digit
    # Extract the first character and convert to integer
    num1 = int(line[0])
    # Extract the third character and convert to integer
    num2 = int(line[2])
    
    # Calculate the product
    result = num1 * num2
    
    # Print the result to stdout
    print(result)

if __name__ == ""__main__"":
    solve()
```thought
```python
import sys

def solve():
    # Read the input string from standard input
    line = sys.stdin.readline().strip()
    
    if not line:
        return

    # The string format is digit + 'x' + digit
    # Extract the first character and convert to integer
    num1 = int(line[0])
    # Extract the third character and convert to integer
    num2 = int(line[2])
    
    # Calculate the product
    result = num1 * num2
    
    # Print the result to stdout
    print(result)

if __name__ == ""__main__"":
    solve()
```thought
```python
import sys

def solve():
    # Read the input string from standard input
    line = sys.stdin.readline().strip()
    
    if not line:
        return

    # The string format is digit + 'x' + digit
    # Extract the first character and convert to integer
    num1 = int(line[0])
    # Extract the third character and convert to integer
    num2 = int(line[2])
    
    # Calculate the product
    result = num1 * num2
    
    # Print the result to stdout
    print(result)

if __name__ == ""__main__"":
    solve()
```thought
```python
import sys

def solve():
    # Read the input string from standard input
    line = sys.stdin.readline().strip()
    
    if not line:
        return

    # The string format is digit + 'x' + digit
    # Extract the first character and convert to integer
    num1 = int(line[0])
    # Extract the third character and convert to integer
    num2 = int(line[2])
    
    # Calculate the product
    result = num1 * num2
    
    # Print the result to stdout
    print(result)

if __name__ == ""__main__"":
    solve()
```thought
```python
import sys

def solve():
    # Read the input string from standard input
    line = sys.stdin.readline().strip()
    
    if not line:
        return

    # The string format is digit + 'x' + digit
    # Extract the first character and convert to integer
    num1 = int(line[0])
    # Extract the third character and convert to integer
    num2 = int(line[2])
    
    # Calculate the product
    ","import sys

def solve():
    # Read the input string from standard input
    line = sys.stdin.readline().strip()
    
    if not line:
        return

    # The string format is digit + 'x' + digit
    # Extract the first character and convert to integer
    num1 = int(line[0])
    # Extract the third character and convert to integer
    num2 = int(line[2])
    
    # Calculate the product
    result = num1 * num2
    
    # Print the result to stdout
    print(result)

if __name__ == ""__main__"":
    solve()",True,,4,"[0.25, 0.5, 1.0]",128
multi_try_mh,google/gemma-4-12B-it,4.0,100,1,0.25,,1024,const,uniform,,"```python
import sys

# The problem asks for the number of connected undirected simple graphs with N vertices
# and M edges such that the number of vertices at even distance from vertex 1 
# equals the number of vertices at odd distance from vertex 1.
# Since N is even, this means there are N/2 vertices at even distance and N/2 at odd distance.
# A graph satisfies this if and only if it is bipartite with parts of size N/2 and N/2,
# where vertex 1 is in one of the parts.
# Wait, that's not exactly correct. A graph where the distance parity is balanced 
# doesn't have to be bipartite. However, any graph where the distance parity is balanced 
# can be viewed as follows:
# Let S be the set of vertices at even distance from vertex 1, and T be the set of vertices 
# at odd distance from vertex 1. By definition, there are no edges between vertices in S 
# (because if there were, the distance to vertex 1 would change parity).
# There are no edges between vertices in T (same reason).
# Thus, the graph MUST be bipartite with parts S and T.
# Since vertex 1 is in S, and |S| = |T| = N/2, the condition is exactly that the 
# graph is bipartite with a bipartition (S, T) such that |S| = |T| = N/2 and 1 is in S.

def solve():
    input_data = sys.stdin.read().split()
    if not input_data:
        return
    N = int(input_data[0])
    P = int(input_data[1])

    # We need to count connected bipartite graphs with parts of size N/2 and N/2,
    # where vertex 1 is in one part.
    # The number of ways to choose the other N/2 - 1 vertices for the part containing 1
    # is C(N-1, N/2 - 1).
    # Let K = N/2. There are C(N-1, K-1) ways to choose the partition.
    # For a fixed partition (S, T) with |S|=|T|=K, we want to count connected 
    # bipartite graphs.
    # Let f(m) be the number of bipartite graphs with parts S, T and m edges.
    # The total number of edges possible is K*K.
    # The number of such graphs is C(K*K, m).
    # Let g(m) be the number of CONNECTED bipartite graphs with parts S, T and m edges.
    # We can use the principle of inclusion-exclusion or the standard relation:
    # Total bipartite graphs = Sum over connected components.
    # Let H(x) = sum_{m=0}^{K^2} C(K^2, m) x^m = (1+x)^{K^2}.
    # Let G(x) = sum_{m=0}^{K^2} g(m) x^m.
    # The relation is H(x) = sum_{S' \subseteq S, T' \subseteq T, S' \neq \emptyset} G_{S', T'}(x) * H_{S \setminus S', T \setminus T'}(x)
    # This is slightly complex because components can have different sizes.
    # Let h(i, j) be the number of connected bipartite graphs with parts of size i and j.
    # Let H(i, j) be the total number of bipartite graphs with parts of size i and j.
    # H(i, j) = sum_{m=0}^{i*j} C(i*j, m) = 2^{i*j}.
    # The relation is: H(i, j) = sum_{k=1}^i sum_{l=1}^j C(i-1, k-1) * C(j, l) * h(k, l) * H(i-k, j-l)
    # where h(k, l) is the number of connected bipartite graphs with parts of size k and l.
    # We only need h(K, K).
    
    K = N // 2
    
    # Precompute combinations
    C = [[0] * (N + 1) for _ in range(N + 1)]
    for i in range(N + 1):
        C[i][0] = 1
        for j in range(1, i + 1","import sys

# The problem asks for the number of connected undirected simple graphs with N vertices
# and M edges such that the number of vertices at even distance from vertex 1 
# equals the number of vertices at odd distance from vertex 1.
# Since N is even, this means there are N/2 vertices at even distance and N/2 at odd distance.
# A graph satisfies this if and only if it is bipartite with parts of size N/2 and N/2,
# where vertex 1 is in one of the parts.
# Wait, that's not exactly correct. A graph where the distance parity is balanced 
# doesn't have to be bipartite. However, any graph where the distance parity is balanced 
# can be viewed as follows:
# Let S be the set of vertices at even distance from vertex 1, and T be the set of vertices 
# at odd distance from vertex 1. By definition, there are no edges between vertices in S 
# (because if there were, the distance to vertex 1 would change parity).
# There are no edges between vertices in T (same reason).
# Thus, the graph MUST be bipartite with parts S and T.
# Since vertex 1 is in S, and |S| = |T| = N/2, the condition is exactly that the 
# graph is bipartite with a bipartition (S, T) such that |S| = |T| = N/2 and 1 is in S.

def solve():
    input_data = sys.stdin.read().split()
    if not input_data:
        return
    N = int(input_data[0])
    P = int(input_data[1])

    # We need to count connected bipartite graphs with parts of size N/2 and N/2,
    # where vertex 1 is in one part.
    # The number of ways to choose the other N/2 - 1 vertices for the part containing 1
    # is C(N-1, N/2 - 1).
    # Let K = N/2. There are C(N-1, K-1) ways to choose the partition.
    # For a fixed partition (S, T) with |S|=|T|=K, we want to count connected 
    # bipartite graphs.
    # Let f(m) be the number of bipartite graphs with parts S, T and m edges.
    # The total number of edges possible is K*K.
    # The number of such graphs is C(K*K, m).
    # Let g(m) be the number of CONNECTED bipartite graphs with parts S, T and m edges.
    # We can use the principle of inclusion-exclusion or the standard relation:
    # Total bipartite graphs = Sum over connected components.
    # Let H(x) = sum_{m=0}^{K^2} C(K^2, m) x^m = (1+x)^{K^2}.
    # Let G(x) = sum_{m=0}^{K^2} g(m) x^m.
    # The relation is H(x) = sum_{S' \subseteq S, T' \subseteq T, S' \neq \emptyset} G_{S', T'}(x) * H_{S \setminus S', T \setminus T'}(x)
    # This is slightly complex because components can have different sizes.
    # Let h(i, j) be the number of connected bipartite graphs with parts of size i and j.
    # Let H(i, j) be the total number of bipartite graphs with parts of size i and j.
    # H(i, j) = sum_{m=0}^{i*j} C(i*j, m) = 2^{i*j}.
    # The relation is: H(i, j) = sum_{k=1}^i sum_{l=1}^j C(i-1, k-1) * C(j, l) * h(k, l) * H(i-k, j-l)
    # where h(k, l) is the number of connected bipartite graphs with parts of size k and l.
    # We only need h(K, K).
    
    K = N // 2
    
    # Precompute combinations
    C = [[0] * (N + 1) for _ in range(N + 1)]
    for i in range(N + 1):
        C[i][0] = 1
        for j in range(1, i + 1",False,Code is incorrect.,4,"[0.25, 0.5, 1.0]",128
multi_try_mh,google/gemma-4-12B-it,4.0,100,1,0.25,,1024,const,uniform,,"```python
import sys

# The problem asks us to simulate the rating changes for multiple queries.
# Since N and Q are large (up to 2*10^5 and 3*10^5), a direct simulation 
# for each query would be O(N*Q), which is too slow.
# However, the maximum rating and initial rating are bounded by 500,000.
# Let f(x) be the final rating starting from x.
# Notice that if x1 < x2, then f(x1) <= f(x2).
# More importantly, the rating only increases by 1 at each step.
# This means the function f(x) is non-decreasing and f(x+1) - f(x) is either 0 or 1.
# Wait, is f(x+1) - f(x) always 0 or 1? 
# Let's check: if x increases by 1, it might ""enter"" a range [L, R] that x was just outside of.
# Because the rating only increases by 1, the gap between f(x) and f(x+1) cannot exceed 1.
# Proof: Let r_i(x) be the rating after i contests starting with x.
# r_0(x) = x.
# r_{i}(x) = r_{i-1}(x) + 1 if L_i <= r_{i-1}(x) <= R_i, else r_{i-1}(x).
# If r_{i-1}(x+1) = r_{i-1}(x) + 1, then r_i(x+1) is either r_{i-1}(x+1) or r_{i-1}(x+1)+1.
# Since r_{i-1}(x+1) = r_{i-1}(x) + 1, r_i(x+1) is either r_{i-1}(x)+1 or r_{i-1}(x)+2.
# This logic is slightly flawed because r_{i-1}(x+1) could be equal to r_{i-1}(x).
# Let's re-evaluate: r_i(x) is a non-decreasing function of x.
# Let g_i(x) = r_i(x). g_0(x) = x.
# g_i(x) = g_{i-1}(x) + 1 if L_i <= g_{i-1}(x) <= R_i, else g_{i-1}(x).
# If g_{i-1}(x+1) = g_{i-1}(x), then g_i(x+1) = g_i(x).
# If g_{i-1}(x+1) = g_{i-1}(x) + 1, then:
#   Case 1: g_{i-1}(x) < L_i and g_{i-1}(x+1) < L_i => g_i(x+1) = g_{i-1}(x+1) = g_{i-1}(x) + 1 = g_i(x) + 1.
#   Case 2: g_{i-1}(x) > R_i and g_{i-1}(x+1) > R_i => g_i(x+1) = g_{i-1}(x+1) = g_{i-1}(x) + 1 = g_i(x) + 1.
#   Case 3: L_i <= g_{i-1}(x) <= R_i => g_i(x) = g_{i-1}(x) + 1. 
#           Then g_{i-1}(x+1) = g_{i-1}(x) + 1.
#           If g_{i-1}(x+1) <= R_i, g_i(x+1) = g_{i-1}(x+1) + 1 = g_{i-1}(x) + 2 = g_i(x) + 1.
#           If g_{i-1}(x+1) > R_i, g_i(x+1) = g_{i-1}(x+1) = g_{i-1}(x) + 1 = g_i(x).
#   Case 4: g_{i-1}(x) < L_i and g_{i-1","import sys

# The problem asks us to simulate the rating changes for multiple queries.
# Since N and Q are large (up to 2*10^5 and 3*10^5), a direct simulation 
# for each query would be O(N*Q), which is too slow.
# However, the maximum rating and initial rating are bounded by 500,000.
# Let f(x) be the final rating starting from x.
# Notice that if x1 < x2, then f(x1) <= f(x2).
# More importantly, the rating only increases by 1 at each step.
# This means the function f(x) is non-decreasing and f(x+1) - f(x) is either 0 or 1.
# Wait, is f(x+1) - f(x) always 0 or 1? 
# Let's check: if x increases by 1, it might ""enter"" a range [L, R] that x was just outside of.
# Because the rating only increases by 1, the gap between f(x) and f(x+1) cannot exceed 1.
# Proof: Let r_i(x) be the rating after i contests starting with x.
# r_0(x) = x.
# r_{i}(x) = r_{i-1}(x) + 1 if L_i <= r_{i-1}(x) <= R_i, else r_{i-1}(x).
# If r_{i-1}(x+1) = r_{i-1}(x) + 1, then r_i(x+1) is either r_{i-1}(x+1) or r_{i-1}(x+1)+1.
# Since r_{i-1}(x+1) = r_{i-1}(x) + 1, r_i(x+1) is either r_{i-1}(x)+1 or r_{i-1}(x)+2.
# This logic is slightly flawed because r_{i-1}(x+1) could be equal to r_{i-1}(x).
# Let's re-evaluate: r_i(x) is a non-decreasing function of x.
# Let g_i(x) = r_i(x). g_0(x) = x.
# g_i(x) = g_{i-1}(x) + 1 if L_i <= g_{i-1}(x) <= R_i, else g_{i-1}(x).
# If g_{i-1}(x+1) = g_{i-1}(x), then g_i(x+1) = g_i(x).
# If g_{i-1}(x+1) = g_{i-1}(x) + 1, then:
#   Case 1: g_{i-1}(x) < L_i and g_{i-1}(x+1) < L_i => g_i(x+1) = g_{i-1}(x+1) = g_{i-1}(x) + 1 = g_i(x) + 1.
#   Case 2: g_{i-1}(x) > R_i and g_{i-1}(x+1) > R_i => g_i(x+1) = g_{i-1}(x+1) = g_{i-1}(x) + 1 = g_i(x) + 1.
#   Case 3: L_i <= g_{i-1}(x) <= R_i => g_i(x) = g_{i-1}(x) + 1. 
#           Then g_{i-1}(x+1) = g_{i-1}(x) + 1.
#           If g_{i-1}(x+1) <= R_i, g_i(x+1) = g_{i-1}(x+1) + 1 = g_{i-1}(x) + 2 = g_i(x) + 1.
#           If g_{i-1}(x+1) > R_i, g_i(x+1) = g_{i-1}(x+1) = g_{i-1}(x) + 1 = g_i(x).
#   Case 4: g_{i-1}(x) < L_i and g_{i-1",False,Code is incorrect.,4,"[0.25, 0.5, 1.0]",128
multi_try_mh,google/gemma-4-12B-it,4.0,100,1,0.25,,1024,const,uniform,,"```python
import sys

def solve():
    # Read N and M
    line1 = sys.stdin.readline().split()
    if not line1:
        return
    n = int(line1[0])
    m = int(line1[1])
    
    # Read P_i
    p = []
    while len(p) < n:
        p.extend(map(int, sys.stdin.readline().split()))
    
    # The problem asks to maximize sum(k_i) subject to sum(k_i^2 * P_i) <= M.
    # This is a convex optimization problem. To minimize cost for a fixed total sum K,
    # we should distribute the units such that the marginal costs are as equal as possible.
    # Marginal cost of increasing k_i to k_i + 1 is (k_i + 1)^2 * P_i - k_i^2 * P_i = (2*k_i + 1) * P_i.
    
    # We can binary search for the total number of units K.
    # For a fixed K, we want to minimize sum(k_i^2 * P_i) subject to sum(k_i) = K.
    # Using Lagrange multipliers (conceptually), we want (2*k_i + 1) * P_i to be roughly equal.
    # Let lambda be the threshold such that (2*k_i + 1) * P_i <= lambda.
    # Then k_i = floor((lambda / P_i - 1) / 2).
    # Since k_i must be non-negative, k_i = max(0, floor((lambda / P_i - 1) / 2)).
    # More precisely, k_i is the largest integer such that (2*k_i - 1) * P_i < lambda.
    # Wait, the marginal cost of the k-th unit (going from k-1 to k) is (2k-1)*P_i.
    # We want to pick the K smallest marginal costs across all i.
    
    # Let's use binary search on the marginal cost threshold L.
    # For a given L, the number of units we can buy is sum(k_i) where (2*k_i - 1) * P_i <= L.
    # (2*k_i - 1) <= L / P_i  =>  2*k_i <= L / P_i + 1  =>  k_i = floor((L / P_i + 1) / 2).
    # However, if L < P_i, k_i = 0.
    # So k_i = floor((L // P_i + 1) // 2) if L >= P_i else 0.
    # Actually, the marginal cost of the 1st unit is 1*P_i, 2nd is 3*P_i, 3rd is 5*P_i...
    # So k_i is the number of odd integers j such that j * P_i <= L.
    # The odd integers are 1, 3, 5, ..., (2k_i - 1).
    # (2k_i - 1) * P_i <= L  =>  2k_i - 1 <= L // P_i  =>  2k_i <= L // P_i + 1  =>  k_i = (L // P_i + 1) // 2.
    
    def get_total_units_and_cost(L):
        total_k = 0
        total_cost = 0
        for val in p:
            k = (L // val + 1) // 2
            total_k += k
            # Cost = sum_{j=1}^k (2j-1)^2 * P_i = P_i * sum_{j=1}^k (4j^2 - 4j + 1)
            # sum_{j=1}^k j^2 = k(k+1)(2k+1)/6
            # sum_{j=1}^k j = k(k+1)/2
            # sum_{j=1}^k (2j-1)^2 = 4 * k(k+1)(2k+1)/6 - 4 * k(k+1)/2 + k
            # = 2k","import sys

def solve():
    # Read N and M
    line1 = sys.stdin.readline().split()
    if not line1:
        return
    n = int(line1[0])
    m = int(line1[1])
    
    # Read P_i
    p = []
    while len(p) < n:
        p.extend(map(int, sys.stdin.readline().split()))
    
    # The problem asks to maximize sum(k_i) subject to sum(k_i^2 * P_i) <= M.
    # This is a convex optimization problem. To minimize cost for a fixed total sum K,
    # we should distribute the units such that the marginal costs are as equal as possible.
    # Marginal cost of increasing k_i to k_i + 1 is (k_i + 1)^2 * P_i - k_i^2 * P_i = (2*k_i + 1) * P_i.
    
    # We can binary search for the total number of units K.
    # For a fixed K, we want to minimize sum(k_i^2 * P_i) subject to sum(k_i) = K.
    # Using Lagrange multipliers (conceptually), we want (2*k_i + 1) * P_i to be roughly equal.
    # Let lambda be the threshold such that (2*k_i + 1) * P_i <= lambda.
    # Then k_i = floor((lambda / P_i - 1) / 2).
    # Since k_i must be non-negative, k_i = max(0, floor((lambda / P_i - 1) / 2)).
    # More precisely, k_i is the largest integer such that (2*k_i - 1) * P_i < lambda.
    # Wait, the marginal cost of the k-th unit (going from k-1 to k) is (2k-1)*P_i.
    # We want to pick the K smallest marginal costs across all i.
    
    # Let's use binary search on the marginal cost threshold L.
    # For a given L, the number of units we can buy is sum(k_i) where (2*k_i - 1) * P_i <= L.
    # (2*k_i - 1) <= L / P_i  =>  2*k_i <= L / P_i + 1  =>  k_i = floor((L / P_i + 1) / 2).
    # However, if L < P_i, k_i = 0.
    # So k_i = floor((L // P_i + 1) // 2) if L >= P_i else 0.
    # Actually, the marginal cost of the 1st unit is 1*P_i, 2nd is 3*P_i, 3rd is 5*P_i...
    # So k_i is the number of odd integers j such that j * P_i <= L.
    # The odd integers are 1, 3, 5, ..., (2k_i - 1).
    # (2k_i - 1) * P_i <= L  =>  2k_i - 1 <= L // P_i  =>  2k_i <= L // P_i + 1  =>  k_i = (L // P_i + 1) // 2.
    
    def get_total_units_and_cost(L):
        total_k = 0
        total_cost = 0
        for val in p:
            k = (L // val + 1) // 2
            total_k += k
            # Cost = sum_{j=1}^k (2j-1)^2 * P_i = P_i * sum_{j=1}^k (4j^2 - 4j + 1)
            # sum_{j=1}^k j^2 = k(k+1)(2k+1)/6
            # sum_{j=1}^k j = k(k+1)/2
            # sum_{j=1}^k (2j-1)^2 = 4 * k(k+1)(2k+1)/6 - 4 * k(k+1)/2 + k
            # = 2k",False,Code is incorrect.,4,"[0.25, 0.5, 1.0]",128
multi_try_mh,google/gemma-4-12B-it,4.0,100,1,0.25,,1024,const,uniform,,"```python
import sys

def solve():
    # Read N and X
    input_data = sys.stdin.read().split()
    if not input_data:
        return
    
    N = int(input_data[0])
    X = int(input_data[1])
    
    foods = []
    idx = 2
    for _ in range(N):
        v = int(input_data[idx])
        a = int(input_data[idx+1])
        c = int(input_data[idx+2])
        foods.append((v, a, c))
        idx += 3

    # Group foods by vitamin type
    v_groups = [[], [], []]
    for v, a, c in foods:
        v_groups[v-1].append((a, c))

    # We want to find the maximum K such that we can get at least K of each vitamin.
    # This can be solved by binary searching on K.
    # However, since the total calorie limit X is small (5000), 
    # we can use dynamic programming to find the minimum calories to get at least K of each.
    # But K can be large (up to 2*10^5), so we binary search K.
    
    # For a fixed K, we want to find the minimum calories to get at least K units of 
    # vitamin 1, K units of vitamin 2, and K units of vitamin 3.
    # This is a variation of the knapsack problem (minimum cost to get at least weight K).
    
    def get_min_calories(group, target_k):
        # dp[j] = minimum calories to get at least j units of this vitamin
        # Since target_k can be large, but we only care if we reach target_k,
        # we cap the index at target_k.
        dp = [float('inf')] * (target_k + 1)
        dp[0] = 0
        for a, c in group:
            for j in range(target_k, -1, -1):
                if dp[j] == float('inf'): continue
                new_a = min(target_k, j + a)
                if dp[new_a] > dp[j] + c:
                    dp[new_a] = dp[j] + c
        return dp[target_k]

    # Because the groups are independent (each food has only one vitamin type),
    # the total minimum calories for a fixed K is:
    # min_cal(group1, K) + min_cal(group2, K) + min_cal(group3, K)
    
    low = 0
    high = 200000
    ans = 0
    
    while low <= high:
        mid = (low + high) // 2
        if mid == 0:
            ans = max(ans, 0)
            low = 1
            continue
            
        c1 = get_min_calories(v_groups[0], mid)
        c2 = get_min_calories(v_groups[1], mid)
        c3 = get_min_calories(v_groups[2], mid)
        
        if c1 + c2 + c3 <= X:
            ans = mid
            low = mid + 1
        else:
            high = mid - 1
            
    print(ans)

if __name__ == ""__main__"":
    solve()

```thought
```python
import sys

# Increase recursion depth for deep DP/recursion if necessary
sys.setrecursionlimit(20000)

def solve():
    # Read N and X
    input_data = sys.stdin.read().split()
    if not input_data:
        return
    
    N = int(input_data[0])
    X = int(input_data[1])
    
    foods = []
    idx = 2
    for _ in range(N):
        v = int(input_data[idx])
        a = int(input_data[idx+1])
        c = int(input_data[idx+2])
        foods.append((v, a, c))
        idx += 3

    # Group foods by vitamin type
    v_groups = [[], [], []]
    for v, a, c in foods:
        v","import sys

def solve():
    # Read N and X
    input_data = sys.stdin.read().split()
    if not input_data:
        return
    
    N = int(input_data[0])
    X = int(input_data[1])
    
    foods = []
    idx = 2
    for _ in range(N):
        v = int(input_data[idx])
        a = int(input_data[idx+1])
        c = int(input_data[idx+2])
        foods.append((v, a, c))
        idx += 3

    # Group foods by vitamin type
    v_groups = [[], [], []]
    for v, a, c in foods:
        v_groups[v-1].append((a, c))

    # We want to find the maximum K such that we can get at least K of each vitamin.
    # This can be solved by binary searching on K.
    # However, since the total calorie limit X is small (5000), 
    # we can use dynamic programming to find the minimum calories to get at least K of each.
    # But K can be large (up to 2*10^5), so we binary search K.
    
    # For a fixed K, we want to find the minimum calories to get at least K units of 
    # vitamin 1, K units of vitamin 2, and K units of vitamin 3.
    # This is a variation of the knapsack problem (minimum cost to get at least weight K).
    
    def get_min_calories(group, target_k):
        # dp[j] = minimum calories to get at least j units of this vitamin
        # Since target_k can be large, but we only care if we reach target_k,
        # we cap the index at target_k.
        dp = [float('inf')] * (target_k + 1)
        dp[0] = 0
        for a, c in group:
            for j in range(target_k, -1, -1):
                if dp[j] == float('inf'): continue
                new_a = min(target_k, j + a)
                if dp[new_a] > dp[j] + c:
                    dp[new_a] = dp[j] + c
        return dp[target_k]

    # Because the groups are independent (each food has only one vitamin type),
    # the total minimum calories for a fixed K is:
    # min_cal(group1, K) + min_cal(group2, K) + min_cal(group3, K)
    
    low = 0
    high = 200000
    ans = 0
    
    while low <= high:
        mid = (low + high) // 2
        if mid == 0:
            ans = max(ans, 0)
            low = 1
            continue
            
        c1 = get_min_calories(v_groups[0], mid)
        c2 = get_min_calories(v_groups[1], mid)
        c3 = get_min_calories(v_groups[2], mid)
        
        if c1 + c2 + c3 <= X:
            ans = mid
            low = mid + 1
        else:
            high = mid - 1
            
    print(ans)

if __name__ == ""__main__"":
    solve()",False,Code is incorrect.,4,"[0.25, 0.5, 1.0]",128
multi_try_mh,google/gemma-4-12B-it,4.0,100,1,0.25,,1024,const,uniform,,"```python
import sys

# Increase recursion depth for deep trees or recursions if necessary
sys.setrecursionlimit(200005)

def solve():
    # Read N from stdin
    line = sys.stdin.readline()
    if not line:
        return
    n = int(line.strip())
    
    MOD = 998244353
    
    # The problem asks for the sum of f(P) over all permutations P of (1, 2, ..., N).
    # f(P) is the concatenation of the decimal representations of elements in P.
    # Let L(i) be the number of digits in the decimal representation of i.
    # Let V(i) be the value of the decimal representation of i.
    # If a permutation is (P_1, P_2, ..., P_N), then
    # f(P) = V(P_1) * 10^(sum_{j=2}^N L(P_j)) + V(P_2) * 10^(sum_{j=3}^N L(P_j)) + ... + V(P_N)
    
    # Let S_L = sum_{i=1}^N L(i).
    # The contribution of V(i) to the total sum depends on its position k in the permutation.
    # If i is at position k (1-indexed), its contribution is V(i) * 10^(sum of L(P_j) for j > k).
    # The sum of L(P_j) for j > k is (S_L - sum_{j=1}^k L(P_j)).
    
    # This approach is slightly complex because the exponent depends on other elements.
    # Let's rephrase: f(P) = sum_{k=1}^N V(P_k) * 10^(sum_{j=k+1}^N L(P_j)).
    # By linearity of expectation (or sum), the total sum is:
    # Sum_{i=1}^N V(i) * Sum_{k=1}^N Sum_{P: P_k = i} 10^(sum_{j=k+1}^N L(P_j))
    
    # Let's simplify. For a fixed i, and a fixed position k, how many permutations 
    # have P_k = i? There are (N-1)! such permutations.
    # In these permutations, the other N-1 elements are distributed in the other N-1 positions.
    # The exponent is the sum of L(x) for x in some subset of size (N-k) chosen from {1..N}\{i}.
    
    # Let L_i = L(i) and V_i = V(i).
    # Total Sum = Sum_{i=1}^N V_i * Sum_{k=1}^N [ (N-1)! * Average value of 10^(sum of L(x) for a subset of size N-k from {1..N}\{i}) ]
    
    # Let the set of lengths be {L_1, L_2, ..., L_N}.
    # For a fixed i, let the remaining lengths be {L_j : j != i}.
    # The sum of 10^(sum of L(x) for a subset of size m from these N-1 lengths) 
    # is the coefficient of x^m in the polynomial Product_{j != i} (1 + 10^{L_j} * x).
    
    # Let Q(x) = Product_{j=1}^N (1 + 10^{L_j} * x).
    # The sum we need for a fixed i and fixed k is (N-1)! * [x^{N-k}] (Q(x) / (1 + 10^{L_i} * x)).
    
    # Total Sum = Sum_{i=1}^N V_i * Sum_{k=1}^N (N-1)! * [x^{N-k}] (Q(x) / (1 + 10^{L_i} * x))
    # Let m = N-k. As k goes from 1 to N, m goes from 0 to N-1.
    # Total Sum = Sum_{i=1}^N V_i * (N-1)! * Sum_{m=0}^{N-1} [x^m] (Q(x) / (1 +","import sys

# Increase recursion depth for deep trees or recursions if necessary
sys.setrecursionlimit(200005)

def solve():
    # Read N from stdin
    line = sys.stdin.readline()
    if not line:
        return
    n = int(line.strip())
    
    MOD = 998244353
    
    # The problem asks for the sum of f(P) over all permutations P of (1, 2, ..., N).
    # f(P) is the concatenation of the decimal representations of elements in P.
    # Let L(i) be the number of digits in the decimal representation of i.
    # Let V(i) be the value of the decimal representation of i.
    # If a permutation is (P_1, P_2, ..., P_N), then
    # f(P) = V(P_1) * 10^(sum_{j=2}^N L(P_j)) + V(P_2) * 10^(sum_{j=3}^N L(P_j)) + ... + V(P_N)
    
    # Let S_L = sum_{i=1}^N L(i).
    # The contribution of V(i) to the total sum depends on its position k in the permutation.
    # If i is at position k (1-indexed), its contribution is V(i) * 10^(sum of L(P_j) for j > k).
    # The sum of L(P_j) for j > k is (S_L - sum_{j=1}^k L(P_j)).
    
    # This approach is slightly complex because the exponent depends on other elements.
    # Let's rephrase: f(P) = sum_{k=1}^N V(P_k) * 10^(sum_{j=k+1}^N L(P_j)).
    # By linearity of expectation (or sum), the total sum is:
    # Sum_{i=1}^N V(i) * Sum_{k=1}^N Sum_{P: P_k = i} 10^(sum_{j=k+1}^N L(P_j))
    
    # Let's simplify. For a fixed i, and a fixed position k, how many permutations 
    # have P_k = i? There are (N-1)! such permutations.
    # In these permutations, the other N-1 elements are distributed in the other N-1 positions.
    # The exponent is the sum of L(x) for x in some subset of size (N-k) chosen from {1..N}\{i}.
    
    # Let L_i = L(i) and V_i = V(i).
    # Total Sum = Sum_{i=1}^N V_i * Sum_{k=1}^N [ (N-1)! * Average value of 10^(sum of L(x) for a subset of size N-k from {1..N}\{i}) ]
    
    # Let the set of lengths be {L_1, L_2, ..., L_N}.
    # For a fixed i, let the remaining lengths be {L_j : j != i}.
    # The sum of 10^(sum of L(x) for a subset of size m from these N-1 lengths) 
    # is the coefficient of x^m in the polynomial Product_{j != i} (1 + 10^{L_j} * x).
    
    # Let Q(x) = Product_{j=1}^N (1 + 10^{L_j} * x).
    # The sum we need for a fixed i and fixed k is (N-1)! * [x^{N-k}] (Q(x) / (1 + 10^{L_i} * x)).
    
    # Total Sum = Sum_{i=1}^N V_i * Sum_{k=1}^N (N-1)! * [x^{N-k}] (Q(x) / (1 + 10^{L_i} * x))
    # Let m = N-k. As k goes from 1 to N, m goes from 0 to N-1.
    # Total Sum = Sum_{i=1}^N V_i * (N-1)! * Sum_{m=0}^{N-1} [x^m] (Q(x) / (1 +",False,Code is incorrect.,4,"[0.25, 0.5, 1.0]",128
multi_try_mh,google/gemma-4-12B-it,4.0,100,1,0.25,,1024,const,uniform,,"```python
import sys

def solve():
    # Read the input from standard input
    input_data = sys.stdin.read().split()
    if not input_data:
        return
    
    # Parse the sequence A
    A = [int(x) for x in input_data]
    
    # The target sorted sequence is (1, 2, 3, 4, 5)
    target = [1, 2, 3, 4, 5]
    
    # Try all possible swaps of adjacent elements
    # There are 4 possible pairs of adjacent indices: (0,1), (1,2), (2,3), (3,4)
    possible = False
    for i in range(len(A) - 1):
        # Create a copy of the sequence to perform the swap
        temp_A = list(A)
        # Swap elements at index i and i+1
        temp_A[i], temp_A[i+1] = temp_A[i+1], temp_A[i]
        
        # Check if the resulting sequence is sorted
        if temp_A == target:
            possible = True
            break
            
    # Output the result
    if possible:
        print(""Yes"")
    else:
        print(""No"")

if __name__ == ""__main__"":
    solve()
```thought
```python
import sys

def solve():
    # Read the input from standard input
    input_data = sys.stdin.read().split()
    if not input_data:
        return
    
    # Parse the sequence A
    A = [int(x) for x in input_data]
    
    # The target sorted sequence is (1, 2, 3, 4, 5)
    target = [1, 2, 3, 4, 5]
    
    # Try all possible swaps of adjacent elements
    # There are 4 possible pairs of adjacent indices: (0,1), (1,2), (2,3), (3,4)
    possible = False
    for i in range(len(A) - 1):
        # Create a copy of the sequence to perform the swap
        temp_A = list(A)
        # Swap elements at index i and i+1
        temp_A[i], temp_A[i+1] = temp_A[i+1], temp_A[i]
        
        # Check if the resulting sequence is sorted
        if temp_A == target:
            possible = True
            break
            
    # Output the result
    if possible:
        print(""Yes"")
    else:
        print(""No"")

if __name__ == ""__main__"":
    solve()
```thought
```python
import sys

def solve():
    # Read the input from standard input
    input_data = sys.stdin.read().split()
    if not input_data:
        return
    
    # Parse the sequence A
    A = [int(x) for x in input_data]
    
    # The target sorted sequence is (1, 2, 3, 4, 5)
    target = [1, 2, 3, 4, 5]
    
    # Try all possible swaps of adjacent elements
    # There are 4 possible pairs of adjacent indices: (0,1), (1,2), (2,3), (3,4)
    possible = False
    for i in range(len(A) - 1):
        # Create a copy of the sequence to perform the swap
        temp_A = list(A)
        # Swap elements at index i and i+1
        temp_A[i], temp_A[i+1] = temp_A[i+1], temp_A[i]
        
        # Check if the resulting sequence is sorted
        if temp_A == target:
            possible = True
            break
            
    # Output the result
    if possible:
        print(""Yes"")
    else:
        print(""No"")

if __name__ == ""__main__"":
    solve()
```thought
```python
import sys

def solve():
    # Read the input from standard input
    input_data = sys.stdin.read().split()
    if not input_data:
        return
    
    # Parse the sequence A
    A = [int(x) for","import sys

def solve():
    # Read the input from standard input
    input_data = sys.stdin.read().split()
    if not input_data:
        return
    
    # Parse the sequence A
    A = [int(x) for x in input_data]
    
    # The target sorted sequence is (1, 2, 3, 4, 5)
    target = [1, 2, 3, 4, 5]
    
    # Try all possible swaps of adjacent elements
    # There are 4 possible pairs of adjacent indices: (0,1), (1,2), (2,3), (3,4)
    possible = False
    for i in range(len(A) - 1):
        # Create a copy of the sequence to perform the swap
        temp_A = list(A)
        # Swap elements at index i and i+1
        temp_A[i], temp_A[i+1] = temp_A[i+1], temp_A[i]
        
        # Check if the resulting sequence is sorted
        if temp_A == target:
            possible = True
            break
            
    # Output the result
    if possible:
        print(""Yes"")
    else:
        print(""No"")

if __name__ == ""__main__"":
    solve()",True,,4,"[0.25, 0.5, 1.0]",128
