panel,metric,method,prefetch_budget,trace_count,mean,sd,log
a,transitions / call,PowerMH,1,20,1.0,0.0,/Users/jiangnanhugo/workspace/power-sharpening/Subtree-Prefetching-Power-Sharpening/case_studies/logs/lcb_v6/2026-09-07/vllm/dataset-lcb_v6.model-qwen3.5-9b.alpha4.0.steps100.blocks-1.samples20.maxnew1024.seed10086.powerMH.vllm.log
a,transitions / call,PreSTO-PowerMH,4,20,2.3954502297730795,0.14799786678703952,/Users/jiangnanhugo/workspace/power-sharpening/Subtree-Prefetching-Power-Sharpening/case_studies/logs/lcb_v6/2026-09-07/vllm/dataset-lcb_v6.model-qwen3.5-9b.alpha4.0.steps100.blocks-1.prefetch-budget-4.rank-accept_first.samples20.maxnew1024.seed10086.subtreePrefetch.vllm.log
a,transitions / call,PreSTO-PowerMH,6,20,2.9143523422741686,0.1827908572109235,/Users/jiangnanhugo/workspace/power-sharpening/Subtree-Prefetching-Power-Sharpening/case_studies/logs/lcb_v6/2026-09-07/vllm/dataset-lcb_v6.model-qwen3.5-9b.alpha4.0.steps100.blocks-1.prefetch-budget-6.rank-accept_first.samples20.maxnew1024.seed10086.subtreePrefetch.vllm.log
a,transitions / call,PreSTO-PowerMH,8,20,3.2325310908790295,0.32726883111356114,/Users/jiangnanhugo/workspace/power-sharpening/Subtree-Prefetching-Power-Sharpening/case_studies/logs/lcb_v6/2026-09-07/vllm/dataset-lcb_v6.model-qwen3.5-9b.alpha4.0.steps100.blocks-1.prefetch-budget-8.rank-accept_first.samples20.maxnew1024.seed10086.subtreePrefetch.vllm.log
a,transitions / call,PreSTO-PowerMH,10,20,3.4440677228983683,0.34729888622606636,/Users/jiangnanhugo/workspace/power-sharpening/Subtree-Prefetching-Power-Sharpening/case_studies/logs/lcb_v6/2026-09-07/vllm/dataset-lcb_v6.model-qwen3.5-9b.alpha4.0.steps100.blocks-1.prefetch-budget-10.rank-accept_first.samples20.maxnew1024.seed10086.subtreePrefetch.vllm.log
a,transitions / call,PreSTO-PowerMH,12,20,3.679343570620495,0.5129738459695058,/Users/jiangnanhugo/workspace/power-sharpening/Subtree-Prefetching-Power-Sharpening/case_studies/logs/lcb_v6/2026-09-07/vllm/dataset-lcb_v6.model-qwen3.5-9b.alpha4.0.steps100.blocks-1.prefetch-budget-12.rank-accept_first.samples20.maxnew1024.seed10086.subtreePrefetch.vllm.log
a,transitions / call,PreSTO-PowerMH,14,20,3.84898841593154,0.5814317005704186,/Users/jiangnanhugo/workspace/power-sharpening/Subtree-Prefetching-Power-Sharpening/case_studies/logs/lcb_v6/2026-09-07/vllm/dataset-lcb_v6.model-qwen3.5-9b.alpha4.0.steps100.blocks-1.prefetch-budget-14.rank-accept_first.samples20.maxnew1024.seed10086.subtreePrefetch.vllm.log
a,transitions / call,PreSTO-PowerMH,16,20,4.128098578999609,0.5656411658196165,/Users/jiangnanhugo/workspace/power-sharpening/Subtree-Prefetching-Power-Sharpening/case_studies/logs/lcb_v6/2026-09-07/vllm/dataset-lcb_v6.model-qwen3.5-9b.alpha4.0.steps100.blocks-1.prefetch-budget-16.rank-accept_first.samples20.maxnew1024.seed10086.subtreePrefetch.vllm.log
a,transitions / call,PreSTO-PowerMH,18,20,4.387331223315206,0.5815358595979827,/Users/jiangnanhugo/workspace/power-sharpening/Subtree-Prefetching-Power-Sharpening/case_studies/logs/lcb_v6/2026-09-07/vllm/dataset-lcb_v6.model-qwen3.5-9b.alpha4.0.steps100.blocks-1.prefetch-budget-18.rank-accept_first.samples20.maxnew1024.seed10086.subtreePrefetch.vllm.log
a,transitions / call,PreSTO-PowerMH,20,20,4.261625393968978,0.5837695920852846,/Users/jiangnanhugo/workspace/power-sharpening/Subtree-Prefetching-Power-Sharpening/case_studies/logs/lcb_v6/2026-09-07/vllm/dataset-lcb_v6.model-qwen3.5-9b.alpha4.0.steps100.blocks-1.prefetch-budget-20.rank-accept_first.samples20.maxnew1024.seed10086.subtreePrefetch.vllm.log
b,sec / call,PowerMH,1,20,4.810207499999999,0.271424932742874,/Users/jiangnanhugo/workspace/power-sharpening/Subtree-Prefetching-Power-Sharpening/case_studies/logs/lcb_v6/2026-09-07/vllm/dataset-lcb_v6.model-qwen3.5-9b.alpha4.0.steps100.blocks-1.samples20.maxnew1024.seed10086.powerMH.vllm.log
b,sec / call,PreSTO-PowerMH,4,20,8.289345336137618,0.21255667166234596,/Users/jiangnanhugo/workspace/power-sharpening/Subtree-Prefetching-Power-Sharpening/case_studies/logs/lcb_v6/2026-09-07/vllm/dataset-lcb_v6.model-qwen3.5-9b.alpha4.0.steps100.blocks-1.prefetch-budget-4.rank-accept_first.samples20.maxnew1024.seed10086.subtreePrefetch.vllm.log
b,sec / call,PreSTO-PowerMH,6,20,8.780120615624163,0.23103867227748792,/Users/jiangnanhugo/workspace/power-sharpening/Subtree-Prefetching-Power-Sharpening/case_studies/logs/lcb_v6/2026-09-07/vllm/dataset-lcb_v6.model-qwen3.5-9b.alpha4.0.steps100.blocks-1.prefetch-budget-6.rank-accept_first.samples20.maxnew1024.seed10086.subtreePrefetch.vllm.log
b,sec / call,PreSTO-PowerMH,8,20,9.108511538329898,0.1535460174193189,/Users/jiangnanhugo/workspace/power-sharpening/Subtree-Prefetching-Power-Sharpening/case_studies/logs/lcb_v6/2026-09-07/vllm/dataset-lcb_v6.model-qwen3.5-9b.alpha4.0.steps100.blocks-1.prefetch-budget-8.rank-accept_first.samples20.maxnew1024.seed10086.subtreePrefetch.vllm.log
b,sec / call,PreSTO-PowerMH,10,20,9.49622865654089,0.1520192952435128,/Users/jiangnanhugo/workspace/power-sharpening/Subtree-Prefetching-Power-Sharpening/case_studies/logs/lcb_v6/2026-09-07/vllm/dataset-lcb_v6.model-qwen3.5-9b.alpha4.0.steps100.blocks-1.prefetch-budget-10.rank-accept_first.samples20.maxnew1024.seed10086.subtreePrefetch.vllm.log
b,sec / call,PreSTO-PowerMH,12,20,10.023921534035523,0.19771558379357637,/Users/jiangnanhugo/workspace/power-sharpening/Subtree-Prefetching-Power-Sharpening/case_studies/logs/lcb_v6/2026-09-07/vllm/dataset-lcb_v6.model-qwen3.5-9b.alpha4.0.steps100.blocks-1.prefetch-budget-12.rank-accept_first.samples20.maxnew1024.seed10086.subtreePrefetch.vllm.log
b,sec / call,PreSTO-PowerMH,14,20,10.204890164974428,0.25762788099056766,/Users/jiangnanhugo/workspace/power-sharpening/Subtree-Prefetching-Power-Sharpening/case_studies/logs/lcb_v6/2026-09-07/vllm/dataset-lcb_v6.model-qwen3.5-9b.alpha4.0.steps100.blocks-1.prefetch-budget-14.rank-accept_first.samples20.maxnew1024.seed10086.subtreePrefetch.vllm.log
b,sec / call,PreSTO-PowerMH,16,20,10.525972948445038,0.2916976015450004,/Users/jiangnanhugo/workspace/power-sharpening/Subtree-Prefetching-Power-Sharpening/case_studies/logs/lcb_v6/2026-09-07/vllm/dataset-lcb_v6.model-qwen3.5-9b.alpha4.0.steps100.blocks-1.prefetch-budget-16.rank-accept_first.samples20.maxnew1024.seed10086.subtreePrefetch.vllm.log
b,sec / call,PreSTO-PowerMH,18,20,10.692500335747969,0.3753812252781677,/Users/jiangnanhugo/workspace/power-sharpening/Subtree-Prefetching-Power-Sharpening/case_studies/logs/lcb_v6/2026-09-07/vllm/dataset-lcb_v6.model-qwen3.5-9b.alpha4.0.steps100.blocks-1.prefetch-budget-18.rank-accept_first.samples20.maxnew1024.seed10086.subtreePrefetch.vllm.log
b,sec / call,PreSTO-PowerMH,20,20,10.852955119408497,0.3633223012893351,/Users/jiangnanhugo/workspace/power-sharpening/Subtree-Prefetching-Power-Sharpening/case_studies/logs/lcb_v6/2026-09-07/vllm/dataset-lcb_v6.model-qwen3.5-9b.alpha4.0.steps100.blocks-1.prefetch-budget-20.rank-accept_first.samples20.maxnew1024.seed10086.subtreePrefetch.vllm.log
c,speedup ($\times$),PowerMH,1,20,1.0000000000000002,0.057322906575969015,/Users/jiangnanhugo/workspace/power-sharpening/Subtree-Prefetching-Power-Sharpening/case_studies/logs/lcb_v6/2026-09-07/vllm/dataset-lcb_v6.model-qwen3.5-9b.alpha4.0.steps100.blocks-1.samples20.maxnew1024.seed10086.powerMH.vllm.log
c,speedup ($\times$),PreSTO-PowerMH,4,20,1.386670810397008,0.09338507903077513,/Users/jiangnanhugo/workspace/power-sharpening/Subtree-Prefetching-Power-Sharpening/case_studies/logs/lcb_v6/2026-09-07/vllm/dataset-lcb_v6.model-qwen3.5-9b.alpha4.0.steps100.blocks-1.prefetch-budget-4.rank-accept_first.samples20.maxnew1024.seed10086.subtreePrefetch.vllm.log
c,speedup ($\times$),PreSTO-PowerMH,6,20,1.5923259541776333,0.10091267812496797,/Users/jiangnanhugo/workspace/power-sharpening/Subtree-Prefetching-Power-Sharpening/case_studies/logs/lcb_v6/2026-09-07/vllm/dataset-lcb_v6.model-qwen3.5-9b.alpha4.0.steps100.blocks-1.prefetch-budget-6.rank-accept_first.samples20.maxnew1024.seed10086.subtreePrefetch.vllm.log
c,speedup ($\times$),PreSTO-PowerMH,8,20,1.7021246933173988,0.17249907616887758,/Users/jiangnanhugo/workspace/power-sharpening/Subtree-Prefetching-Power-Sharpening/case_studies/logs/lcb_v6/2026-09-07/vllm/dataset-lcb_v6.model-qwen3.5-9b.alpha4.0.steps100.blocks-1.prefetch-budget-8.rank-accept_first.samples20.maxnew1024.seed10086.subtreePrefetch.vllm.log
c,speedup ($\times$),PreSTO-PowerMH,10,20,1.7394459224636258,0.17593909211584577,/Users/jiangnanhugo/workspace/power-sharpening/Subtree-Prefetching-Power-Sharpening/case_studies/logs/lcb_v6/2026-09-07/vllm/dataset-lcb_v6.model-qwen3.5-9b.alpha4.0.steps100.blocks-1.prefetch-budget-10.rank-accept_first.samples20.maxnew1024.seed10086.subtreePrefetch.vllm.log
c,speedup ($\times$),PreSTO-PowerMH,12,20,1.7599983252993538,0.2431160067527868,/Users/jiangnanhugo/workspace/power-sharpening/Subtree-Prefetching-Power-Sharpening/case_studies/logs/lcb_v6/2026-09-07/vllm/dataset-lcb_v6.model-qwen3.5-9b.alpha4.0.steps100.blocks-1.prefetch-budget-12.rank-accept_first.samples20.maxnew1024.seed10086.subtreePrefetch.vllm.log
c,speedup ($\times$),PreSTO-PowerMH,14,20,1.808769881628735,0.2699546650697986,/Users/jiangnanhugo/workspace/power-sharpening/Subtree-Prefetching-Power-Sharpening/case_studies/logs/lcb_v6/2026-09-07/vllm/dataset-lcb_v6.model-qwen3.5-9b.alpha4.0.steps100.blocks-1.prefetch-budget-14.rank-accept_first.samples20.maxnew1024.seed10086.subtreePrefetch.vllm.log
c,speedup ($\times$),PreSTO-PowerMH,16,20,1.883508751012371,0.2717845230777828,/Users/jiangnanhugo/workspace/power-sharpening/Subtree-Prefetching-Power-Sharpening/case_studies/logs/lcb_v6/2026-09-07/vllm/dataset-lcb_v6.model-qwen3.5-9b.alpha4.0.steps100.blocks-1.prefetch-budget-16.rank-accept_first.samples20.maxnew1024.seed10086.subtreePrefetch.vllm.log
c,speedup ($\times$),PreSTO-PowerMH,18,20,1.9677491130990146,0.2539559377657653,/Users/jiangnanhugo/workspace/power-sharpening/Subtree-Prefetching-Power-Sharpening/case_studies/logs/lcb_v6/2026-09-07/vllm/dataset-lcb_v6.model-qwen3.5-9b.alpha4.0.steps100.blocks-1.prefetch-budget-18.rank-accept_first.samples20.maxnew1024.seed10086.subtreePrefetch.vllm.log
c,speedup ($\times$),PreSTO-PowerMH,20,20,1.882619360187429,0.24895843095780892,/Users/jiangnanhugo/workspace/power-sharpening/Subtree-Prefetching-Power-Sharpening/case_studies/logs/lcb_v6/2026-09-07/vllm/dataset-lcb_v6.model-qwen3.5-9b.alpha4.0.steps100.blocks-1.prefetch-budget-20.rank-accept_first.samples20.maxnew1024.seed10086.subtreePrefetch.vllm.log
a,transitions / call,EntropyCut,1,54,1.0,0.0,/Users/jiangnanhugo/workspace/power-sharpening/Subtree-Prefetching-Power-Sharpening/case_studies/logs-entropycut/lcb_v6/2026-09-09/vllm/dataset-lcb_v6.model-qwen3.5-9b.alpha4.0.steps100.blocks-1.cut-entropy4.0.samples20.maxnew1024.seed10086.powerMH.vllm.log;/Users/jiangnanhugo/workspace/power-sharpening/Subtree-Prefetching-Power-Sharpening/case_studies/logs-entropycut/lcb_v6/2026-09-20/vllm/dataset-lcb_v6.model-qwen3.5-9b.alpha4.0.steps100.blocks-1.cut-entropy4.0.samples20.maxnew1024.seed10086.powerMH.vllm.log;/Users/jiangnanhugo/workspace/power-sharpening/Subtree-Prefetching-Power-Sharpening/case_studies/logs-entropycut/lcb_v6/2026-09-23/vllm/dataset-lcb_v6.model-qwen3.5-9b.alpha4.0.steps100.blocks-1.cut-entropy4.0.samples20.maxnew1024.seed10086.powerMH.vllm.log
a,transitions / call,PreSTO-EntropyCut,4,20,2.327977658116658,0.15773446513376638,/Users/jiangnanhugo/workspace/power-sharpening/Subtree-Prefetching-Power-Sharpening/case_studies/logs-entropycut/lcb_v6/2026-09-09/vllm/dataset-lcb_v6.model-qwen3.5-9b.alpha4.0.steps100.blocks-1.prefetch-budget-4.rank-accept_first.cut-entropy4.0.samples20.maxnew1024.seed10086.subtreePrefetch.vllm.log
a,transitions / call,PreSTO-EntropyCut,8,20,3.1433124216840582,0.31947481790839166,/Users/jiangnanhugo/workspace/power-sharpening/Subtree-Prefetching-Power-Sharpening/case_studies/logs-entropycut/lcb_v6/2026-09-09/vllm/dataset-lcb_v6.model-qwen3.5-9b.alpha4.0.steps100.blocks-1.prefetch-budget-8.rank-accept_first.cut-entropy4.0.samples20.maxnew1024.seed10086.subtreePrefetch.vllm.log
a,transitions / call,PreSTO-EntropyCut,10,20,3.3607184567070556,0.33026917746141465,/Users/jiangnanhugo/workspace/power-sharpening/Subtree-Prefetching-Power-Sharpening/case_studies/logs-entropycut/lcb_v6/2026-09-23/vllm/dataset-lcb_v6.model-qwen3.5-9b.alpha4.0.steps100.blocks-1.prefetch-budget-10.rank-accept_first.cut-entropy4.0.samples20.maxnew1024.seed10086.subtreePrefetch.vllm.log
a,transitions / call,PreSTO-EntropyCut,12,20,3.6222064880423206,0.3649627918427786,/Users/jiangnanhugo/workspace/power-sharpening/Subtree-Prefetching-Power-Sharpening/case_studies/logs-entropycut/lcb_v6/2026-09-09/vllm/dataset-lcb_v6.model-qwen3.5-9b.alpha4.0.steps100.blocks-1.prefetch-budget-12.rank-accept_first.cut-entropy4.0.samples20.maxnew1024.seed10086.subtreePrefetch.vllm.log
a,transitions / call,PreSTO-EntropyCut,16,20,4.043526947000613,0.5307446420007859,/Users/jiangnanhugo/workspace/power-sharpening/Subtree-Prefetching-Power-Sharpening/case_studies/logs-entropycut/lcb_v6/2026-09-23/vllm/dataset-lcb_v6.model-qwen3.5-9b.alpha4.0.steps100.blocks-1.prefetch-budget-16.rank-accept_first.cut-entropy4.0.samples20.maxnew1024.seed10086.subtreePrefetch.vllm.log
a,transitions / call,PreSTO-EntropyCut,20,20,4.224502435484445,0.5821511128778633,/Users/jiangnanhugo/workspace/power-sharpening/Subtree-Prefetching-Power-Sharpening/case_studies/logs-entropycut/lcb_v6/2026-09-20/vllm/dataset-lcb_v6.model-qwen3.5-9b.alpha4.0.steps100.blocks-1.prefetch-budget-20.rank-accept_first.cut-entropy4.0.samples20.maxnew1024.seed10086.subtreePrefetch.vllm.log
b,sec / call,EntropyCut,1,54,4.7972896296296295,0.8393021147289809,/Users/jiangnanhugo/workspace/power-sharpening/Subtree-Prefetching-Power-Sharpening/case_studies/logs-entropycut/lcb_v6/2026-09-09/vllm/dataset-lcb_v6.model-qwen3.5-9b.alpha4.0.steps100.blocks-1.cut-entropy4.0.samples20.maxnew1024.seed10086.powerMH.vllm.log;/Users/jiangnanhugo/workspace/power-sharpening/Subtree-Prefetching-Power-Sharpening/case_studies/logs-entropycut/lcb_v6/2026-09-20/vllm/dataset-lcb_v6.model-qwen3.5-9b.alpha4.0.steps100.blocks-1.cut-entropy4.0.samples20.maxnew1024.seed10086.powerMH.vllm.log;/Users/jiangnanhugo/workspace/power-sharpening/Subtree-Prefetching-Power-Sharpening/case_studies/logs-entropycut/lcb_v6/2026-09-23/vllm/dataset-lcb_v6.model-qwen3.5-9b.alpha4.0.steps100.blocks-1.cut-entropy4.0.samples20.maxnew1024.seed10086.powerMH.vllm.log
b,sec / call,PreSTO-EntropyCut,4,20,7.819898162939749,0.616706390885939,/Users/jiangnanhugo/workspace/power-sharpening/Subtree-Prefetching-Power-Sharpening/case_studies/logs-entropycut/lcb_v6/2026-09-09/vllm/dataset-lcb_v6.model-qwen3.5-9b.alpha4.0.steps100.blocks-1.prefetch-budget-4.rank-accept_first.cut-entropy4.0.samples20.maxnew1024.seed10086.subtreePrefetch.vllm.log
b,sec / call,PreSTO-EntropyCut,8,20,8.90541110273207,0.7029665940268874,/Users/jiangnanhugo/workspace/power-sharpening/Subtree-Prefetching-Power-Sharpening/case_studies/logs-entropycut/lcb_v6/2026-09-09/vllm/dataset-lcb_v6.model-qwen3.5-9b.alpha4.0.steps100.blocks-1.prefetch-budget-8.rank-accept_first.cut-entropy4.0.samples20.maxnew1024.seed10086.subtreePrefetch.vllm.log
b,sec / call,PreSTO-EntropyCut,10,20,8.782580895741303,0.47217623477705023,/Users/jiangnanhugo/workspace/power-sharpening/Subtree-Prefetching-Power-Sharpening/case_studies/logs-entropycut/lcb_v6/2026-09-23/vllm/dataset-lcb_v6.model-qwen3.5-9b.alpha4.0.steps100.blocks-1.prefetch-budget-10.rank-accept_first.cut-entropy4.0.samples20.maxnew1024.seed10086.subtreePrefetch.vllm.log
b,sec / call,PreSTO-EntropyCut,12,20,9.81119153407328,0.6239873614093161,/Users/jiangnanhugo/workspace/power-sharpening/Subtree-Prefetching-Power-Sharpening/case_studies/logs-entropycut/lcb_v6/2026-09-09/vllm/dataset-lcb_v6.model-qwen3.5-9b.alpha4.0.steps100.blocks-1.prefetch-budget-12.rank-accept_first.cut-entropy4.0.samples20.maxnew1024.seed10086.subtreePrefetch.vllm.log
b,sec / call,PreSTO-EntropyCut,16,20,9.55235612188254,0.417024527699213,/Users/jiangnanhugo/workspace/power-sharpening/Subtree-Prefetching-Power-Sharpening/case_studies/logs-entropycut/lcb_v6/2026-09-23/vllm/dataset-lcb_v6.model-qwen3.5-9b.alpha4.0.steps100.blocks-1.prefetch-budget-16.rank-accept_first.cut-entropy4.0.samples20.maxnew1024.seed10086.subtreePrefetch.vllm.log
b,sec / call,PreSTO-EntropyCut,20,20,10.075002205533112,0.4695340387732966,/Users/jiangnanhugo/workspace/power-sharpening/Subtree-Prefetching-Power-Sharpening/case_studies/logs-entropycut/lcb_v6/2026-09-20/vllm/dataset-lcb_v6.model-qwen3.5-9b.alpha4.0.steps100.blocks-1.prefetch-budget-20.rank-accept_first.cut-entropy4.0.samples20.maxnew1024.seed10086.subtreePrefetch.vllm.log
c,speedup ($\times$),EntropyCut,1,54,0.9999999999999998,0.1614626998725032,/Users/jiangnanhugo/workspace/power-sharpening/Subtree-Prefetching-Power-Sharpening/case_studies/logs-entropycut/lcb_v6/2026-09-09/vllm/dataset-lcb_v6.model-qwen3.5-9b.alpha4.0.steps100.blocks-1.cut-entropy4.0.samples20.maxnew1024.seed10086.powerMH.vllm.log;/Users/jiangnanhugo/workspace/power-sharpening/Subtree-Prefetching-Power-Sharpening/case_studies/logs-entropycut/lcb_v6/2026-09-20/vllm/dataset-lcb_v6.model-qwen3.5-9b.alpha4.0.steps100.blocks-1.cut-entropy4.0.samples20.maxnew1024.seed10086.powerMH.vllm.log;/Users/jiangnanhugo/workspace/power-sharpening/Subtree-Prefetching-Power-Sharpening/case_studies/logs-entropycut/lcb_v6/2026-09-23/vllm/dataset-lcb_v6.model-qwen3.5-9b.alpha4.0.steps100.blocks-1.cut-entropy4.0.samples20.maxnew1024.seed10086.powerMH.vllm.log
c,speedup ($\times$),PreSTO-EntropyCut,4,20,1.402342646262375,0.17728482330453862,/Users/jiangnanhugo/workspace/power-sharpening/Subtree-Prefetching-Power-Sharpening/case_studies/logs-entropycut/lcb_v6/2026-09-09/vllm/dataset-lcb_v6.model-qwen3.5-9b.alpha4.0.steps100.blocks-1.prefetch-budget-4.rank-accept_first.cut-entropy4.0.samples20.maxnew1024.seed10086.subtreePrefetch.vllm.log
c,speedup ($\times$),PreSTO-EntropyCut,8,20,1.6628521641786649,0.24103409866561057,/Users/jiangnanhugo/workspace/power-sharpening/Subtree-Prefetching-Power-Sharpening/case_studies/logs-entropycut/lcb_v6/2026-09-09/vllm/dataset-lcb_v6.model-qwen3.5-9b.alpha4.0.steps100.blocks-1.prefetch-budget-8.rank-accept_first.cut-entropy4.0.samples20.maxnew1024.seed10086.subtreePrefetch.vllm.log
c,speedup ($\times$),PreSTO-EntropyCut,10,20,1.7930751772715035,0.2098849028225691,/Users/jiangnanhugo/workspace/power-sharpening/Subtree-Prefetching-Power-Sharpening/case_studies/logs-entropycut/lcb_v6/2026-09-23/vllm/dataset-lcb_v6.model-qwen3.5-9b.alpha4.0.steps100.blocks-1.prefetch-budget-10.rank-accept_first.cut-entropy4.0.samples20.maxnew1024.seed10086.subtreePrefetch.vllm.log
c,speedup ($\times$),PreSTO-EntropyCut,12,20,1.7384498295361273,0.26380201034176315,/Users/jiangnanhugo/workspace/power-sharpening/Subtree-Prefetching-Power-Sharpening/case_studies/logs-entropycut/lcb_v6/2026-09-09/vllm/dataset-lcb_v6.model-qwen3.5-9b.alpha4.0.steps100.blocks-1.prefetch-budget-12.rank-accept_first.cut-entropy4.0.samples20.maxnew1024.seed10086.subtreePrefetch.vllm.log
c,speedup ($\times$),PreSTO-EntropyCut,16,20,1.978816395060754,0.2673116865329528,/Users/jiangnanhugo/workspace/power-sharpening/Subtree-Prefetching-Power-Sharpening/case_studies/logs-entropycut/lcb_v6/2026-09-23/vllm/dataset-lcb_v6.model-qwen3.5-9b.alpha4.0.steps100.blocks-1.prefetch-budget-16.rank-accept_first.cut-entropy4.0.samples20.maxnew1024.seed10086.subtreePrefetch.vllm.log
c,speedup ($\times$),PreSTO-EntropyCut,20,20,1.9626387927548723,0.2902373867182681,/Users/jiangnanhugo/workspace/power-sharpening/Subtree-Prefetching-Power-Sharpening/case_studies/logs-entropycut/lcb_v6/2026-09-20/vllm/dataset-lcb_v6.model-qwen3.5-9b.alpha4.0.steps100.blocks-1.prefetch-budget-20.rank-accept_first.cut-entropy4.0.samples20.maxnew1024.seed10086.subtreePrefetch.vllm.log
