feature,num_edges,spearman_with_accept_prob,accept_auc,accept_auc_either_sign,reject_auc,reject_auc_either_sign,uncertain_auc,uncertain_auc_either_sign
cut,4621,0.5088585678410983,0.6890888128918596,0.6890888128918596,0.21441049554976324,0.7855895044502368,0.7454536027686685,0.7454536027686685
cut_frac,4621,0.5088585678410983,0.6890888128918596,0.6890888128918596,0.21441049554976324,0.7855895044502368,0.7454536027686685,0.7454536027686685
suffix_len,4621,-0.5088585678410983,0.3109111871081403,0.6890888128918597,0.7855895044502368,0.7855895044502368,0.2545463972313316,0.7454536027686685
held_cut,4621,0.2028579024164999,0.5783306273785055,0.5783306273785055,0.3923623443380772,0.6076376556619227,0.5849376808883737,0.5849376808883737
held_cut_gap,4621,-0.3423799620759441,0.3693924843543995,0.6306075156456006,0.6954032312939217,0.6954032312939217,0.333377928547665,0.666622071452335
depth,4621,-0.057434610388633116,0.4992709754679287,0.5007290245320712,0.5302853665894577,0.5302853665894577,0.45325511116707373,0.5467448888329263
num_accepts,4621,-0.17512734156437434,0.43131394257618416,0.5686860574238158,0.5906986728150693,0.5906986728150693,0.43130469857647136,0.5686953014235286
log_p_at_cut,4621,0.070215116337401,0.5432346811291316,0.5432346811291316,0.4576468397202854,0.5423531602797146,0.5201132132070965,0.5201132132070965
delta_log_p_in,4612,0.011244270475034669,0.5105984187568157,0.5105984187568157,0.48840850053160884,0.5115914994683912,0.5068193348801238,0.5068193348801238
delta_log_p_out,4618,0.001421012327025192,0.49716312732615764,0.5028368726738424,0.49791104266441,0.50208895733559,0.506309471743895,0.506309471743895
suffix_log_p_mean,4621,0.316485116809165,0.5999130640044678,0.5999130640044678,0.34869627670014225,0.6513037232998578,0.6303241902342345,0.6303241902342345
