method,base_llm,alpha,mcmc_steps,num_blocks,init_temperature,max_model_len,max_new_tokens,temperature_schedule_type,cut_dist_type,cut_power,completion,prediction,is_correct,justification
power_sampling_mcmc,google/gemma-4-12B-it,4.0,100,1,0.25,,1024,const,uniform,,"To find the total time Aya takes for her walk including the coffee shop time, we first need to determine her walking speed $s$ and the time $t$ spent in the coffee shop.

Let $d = 9$ km be the distance of the walk.
Let $t$ be the time spent in the coffee shop in minutes. Let $T$ be the time spent walking in hours.
The total time is given as $T + \frac{t}{60}$ hours.

**Scenario 1:**
Speed = $s$ km/h.
Time spent walking = $\frac{9}{s}$ hours.
Total time = 4 hours.
Equation: $\frac{9}{s} + \frac{t}{60} = 4$  --- (1)

**Scenario 2:**
Speed = $s + 2$ km/h.
Time spent walking = $\frac{9}{s+2}$ hours.
Total time = 2 hours and 24 minutes = $2 + \frac{24}{60} = 2 + 0.4 = 2.4$ hours.
Equation: $\frac{9}{s+2} + \frac{t}{60} = 2.4$ --- (2)

Subtract equation (2) from equation (1):
$\left(\frac{9}{s} + \frac{t}{60}\right) - \left(\frac{9}{s+2} + \frac{t}{60}\right) = 4 - 2.4$
$\frac{9}{s} - \frac{9}{s+2} = 1.6$
Divide by 9:
$\frac{1}{s} - \frac{1}{s+2} = \frac{1.6}{9} = \frac{16}{90} = \frac{8}{45}$
$\frac{(s+2) - s}{s(s+2)} = \frac{8}{45}$
$\frac{2}{s^2 + 2s} = \frac{8}{45}$
$8(s^2 + 2s) = 90$
$s^2 + 2s = \frac{90}{8} = 11.25$
$s^2 + 2s - 11.25 = 0$

Using the quadratic formula $s = \frac{-b \pm \sqrt{b^2 - 4ac}}{2a}$:
$s = \frac{-2 \pm \sqrt{4 - 4(1)(-11.25)}}{2} = \frac{-2 \pm \sqrt{4 + 45}}{2} = \frac{-2 \pm \sqrt{49}}{2}$
$s = \frac{-2 \pm 7}{2}$
Since speed must be positive, $s = \frac{5}{2} = 2.5$ km/h.

Now, find $t$ using equation (1):
$\frac{9}{2.5} + \frac{t}{60} = 4$
$3.6 + \frac{t}{60} = 4$
$\frac{t}{60} = 0.4$
$t = 24$ minutes.

**Scenario 3:**
Speed = $s + \frac{1}{2} = 2.5 + 0.5 = 3$ km/h.
Time spent walking = $\frac{9}{3} = 3$ hours.
Time spent in coffee shop = $t = 24$ minutes = $0.4$ hours.
Total time = $3 + 0.4 = 3.4$ hours.

Convert 3.4 hours to minutes:
$3.4 \times 60 = 204$ minutes.

\boxed{204}thought
To solve the problem, we define the variables:
- $s$: Aya's walking speed in km/h.
- $t$: Time spent in the coffee shop in minutes.
- $d = 9$ km: The distance of the walk.

From the first scenario, the total time is 4 hours:
$\frac{9}{s} + \frac{t}{60} = 4$  --- (1)

From the second scenario, the speed is $s+2$ and the total time is 2 hours and 24 minutes (2.4 hours):
$\frac{9}{s+2} + \frac{t}{60} =",204,True,correct: 204
power_sampling_mcmc,google/gemma-4-12B-it,4.0,100,1,0.25,,1024,const,uniform,,"To find the value of $xy$, we start with the given equations:
1) $\log_x(y^x) = 10$
2) $\log_y(x^{4y}) = 10$

Using the property of logarithms $\log_a(b^c) = c \log_a b$, we can rewrite the equations as:
1) $x \log_x y = 10$
2) $4y \log_y x = 10$

Recall the change of base formula $\log_x y = \frac{\ln y}{\ln x}$ and $\log_y x = \frac{\ln x}{\ln y}$. Let $u = \ln x$ and $v = \ln y$. Since $x, y > 1$, we have $u, v > 0$.
Substituting these into the equations:
1) $x \frac{v}{u} = 10 \implies xv = 10u$
2) $4y \frac{u}{v} = 10 \implies 4yu = 10v \implies 2yu = 5v$

From the first equation, we can express $v$ in terms of $u$:
$v = \frac{10u}{x}$

Substitute this into the second equation:
$2yu = 5 \left( \frac{10u}{x} \right)$
Since $x > 1$, $u = \ln x \neq 0$, so we can divide by $u$:
$2y = \frac{50}{x}$
$xy = 25$

To ensure such $x$ and $y$ exist, we check if they satisfy the original conditions.
From $xy = 25$, we have $y = \frac{25}{x}$.
Substitute $y$ into $xv = 10u$:
$x \ln(\frac{25}{x}) = 10 \ln x$
$x (\ln 25 - \ln x) = 10 \ln x$
$x \ln 25 - x \ln x = 10 \ln x$
$x \ln 25 = (x + 10) \ln x$
$\frac{\ln 25}{x+10} = \frac{\ln x}{x}$

Let $f(x) = \frac{\ln x}{x}$. We want to find $x > 1$ such that $f(x) = \frac{\ln 25}{x+10}$.
At $x=5$, $f(5) = \frac{\ln 5}{5}$.
The RHS at $x=5$ is $\frac{\ln 25}{5+10} = \frac{2 \ln 5}{15}$.
Since $\frac{1}{5} > \frac{2}{15}$, and $f(x)$ increases then decreases, there exists a solution.
Specifically, if $x=5$, $y=5$.
$\log_5(5^5) = 5 \neq 10$. Wait, let's re-evaluate.
The equations are $x \log_x y = 10$ and $4y \log_y x = 10$.
$x \frac{\ln y}{\ln x} = 10 \implies \frac{\ln y}{\ln x} = \frac{10}{x}$
$4y \frac{\ln x}{\ln y} = 10 \implies \frac{\ln x}{\ln y} = \frac{10}{4y} = \frac{5}{2y}$
Taking the reciprocal of the second: $\frac{\ln y}{\ln x} = \frac{2y}{5}$.
Equating the two expressions for $\frac{\ln y}{\ln x}$:
$\frac{10}{x} = \frac{2y}{5}$
$50 = 2xy$
$xy = 25$

Check: If $xy=25$, then $y = 25/x$.
$\frac{\ln(25/x)}{\ln x} = \frac{10}{x} \implies \frac{\ln 25 - \ln x}{\ln x} = \frac{10}{x} \implies \frac{\ln 25}{\ln x} - 1 = \frac{10}{x} \implies \frac{\ln 25}{\ln x} = \frac{10+x}{x}$.
$\ln 25 = \frac{(",25,True,correct: 25
power_sampling_mcmc,google/gemma-4-12B-it,4.0,100,1,0.25,,1024,const,uniform,,"To determine the number of positive integers $n \le 2024$ such that Bob wins, we need to identify the ""losing positions"" (P-positions) for the first player (Alice). In impartial games like this, a position is a losing position if every move from it leads to a winning position (N-position), and a position is a winning position if there is at least one move leading to a losing position.

Let $G(n)$ be the status of a stack of $n$ tokens.
- $G(0) = L$ (Losing position, as the previous player took the last token).
- $G(n) = W$ if there exists a move to an $L$ position.
- $G(n) = L$ if all possible moves lead to $W$ positions.

The possible moves are removing 1 or 4 tokens.
1. $G(0) = L$
2. $G(1)$: Can move to $G(0)$ (L). So $G(1) = W$.
3. $G(2)$: Can move to $G(1)$ (W). No other moves. So $G(2) = L$.
4. $G(3)$: Can move to $G(2)$ (L). So $G(3) = W$.
5. $G(4)$: Can move to $G(3)$ (W) or $G(0)$ (L). So $G(4) = W$.
6. $G(5)$: Can move to $G(4)$ (W) or $G(1)$ (W). So $G(5) = L$.
7. $G(6)$: Can move to $G(5)$ (L). So $G(6) = W$.
8. $G(7)$: Can move to $G(6)$ (W) or $G(3)$ (W). So $G(7) = L$.
9. $G(8)$: Can move to $G(7)$ (L). So $G(8) = W$.
10. $G(9)$: Can move to $G(8)$ (W) or $G(5)$ (L). So $G(9) = W$.
11. $G(10)$: Can move to $G(9)$ (W) or $G(6)$ (W). So $G(10) = L$.

Let's list the $L$ positions:
$n = 0, 2, 5, 7, 10, 12, 15, 17, 20, \dots$
The sequence of $L$ positions is $0, 2, 5, 7, 10, 12, 15, 17, \dots$.
The differences between consecutive $L$ positions are:
$2-0 = 2$
$5-2 = 3$
$7-5 = 2$
$10-7 = 3$
The pattern of differences is $2, 3, 2, 3, \dots$.
This means the $L$ positions occur at $n$ such that $n \equiv 0 \pmod 5$ or $n \equiv 2 \pmod 5$.
Wait, let's re-verify:
$0 \equiv 0 \pmod 5$
$2 \equiv 2 \pmod 5$
$5 \equiv 0 \pmod 5$
$7 \equiv 2 \pmod 5$
$10 \equiv 0 \pmod 5$
$12 \equiv 2 \pmod 5$
The pattern is indeed $n \equiv 0, 2 \pmod 5$.

Bob wins if the starting position $n$ is a losing position for Alice.
We need to count $n \in \{1, 2, \dots, 2024\}$ such that $n \equiv 0 \pmod 5$ or $n \equiv 2 \pmod 5$.
- For $n \equiv 0 \pmod 5$: The values are $5, 10, \dots, 2020$.
Number of values = $\lfloor 2024/5 \rfloor = 404$.
- For $n \equiv 2 \pmod 5$: The values are $2, 7, \dots, 2022$.
Number of values = $\lfloor (2024-2)/5 \rfloor + 1 = \lfloor 2022/5 \rfloor + 1 =",1,False,"incorrect: got '1', expected '809'"
power_sampling_mcmc,google/gemma-4-12B-it,4.0,100,1,0.25,,1024,const,uniform,,"To find the probability that Jen wins the grand prize given that she wins a prize, we first define the sample space and the events.

Jen selects a set $J$ of 4 distinct elements from $S = \{1, 2, \dots, 10\}$. The total number of ways to choose 4 elements from 10 is $\binom{10}{4}$.
Let $D$ be the set of 4 elements drawn at random from $S$.
Jen wins a prize if $|J \cap D| \ge 2$.
Jen wins the grand prize if $|J \cap D| = 4$.

Let $X = |J \cap D|$ be the number of matches. The number of ways to have exactly $k$ matches is given by:
$N(k) = \binom{4}{k} \binom{10-4}{4-k} = \binom{4}{k} \binom{6}{4-k}$
where $k \in \{0, 1, 2, 3, 4\}$.

We calculate the number of ways for each $k$:
- For $k=0$: $N(0) = \binom{4}{0} \binom{6}{4} = 1 \times 15 = 15$
- For $k=1$: $N(1) = \binom{4}{1} \binom{6}{3} = 4 \times 20 = 80$
- For $k=2$: $N(2) = \binom{4}{2} \binom{6}{2} = 6 \times 15 = 90$
- For $k=3$: $N(3) = \binom{4}{3} \binom{6}{1} = 4 \times 6 = 24$
- For $k=4$: $N(4) = \binom{4}{4} \binom{6}{0} = 1 \times 1 = 1$

The total number of outcomes is $\sum_{k=0}^4 N(k) = 15 + 80 + 90 + 24 + 1 = 210$.
(Check: $\binom{10}{4} = \frac{10 \cdot 9 \cdot 8 \cdot 7}{4 \cdot 3 \cdot 2 \cdot 1} = 10 \cdot 3 \cdot 7 = 210$. Correct.)

Jen wins a prize if $X \in \{2, 3, 4\}$. The number of ways to win a prize is:
$N(\text{prize}) = N(2) + N(3) + N(4) = 90 + 24 + 1 = 115$.

Jen wins the grand prize if $X = 4$. The number of ways to win the grand prize is:
$N(\text{grand prize}) = N(4) = 1$.

The conditional probability $P(\text{grand prize} | \text{prize})$ is:
$P = \frac{N(\text{grand prize})}{N(\text{prize})} = \frac{1}{115}$.

Here, $m = 1$ and $n = 115$. Since 1 and 115 are relatively prime, we have:
$m + n = 1 + 115 = 116$.

\boxed{116}
thought
\boxed{116}


 \boxed{116}
 \boxed{116}
 \boxed{116}
 \boxed{116}
 \boxed{116}
 \boxed{116}
 \boxed{116}
 \boxed{116}
 \boxed{116}
 \boxed{116}
 \boxed{116}
 \boxed{116}
 \boxed{116}
 \boxed{116}
 \boxed{116}
 \boxed{116}
 \boxed{116}
 \boxed{116}
 \boxed{116}
 \boxed{116}
 \boxed{116}
 \boxed{116}
 \boxed{116}
 \boxed{116}
 \boxed{116}
 \boxed{116}
 \boxed{116}
 \boxed{116}
 \",116,True,correct: 116
power_sampling_mcmc,google/gemma-4-12B-it,4.0,100,1,0.25,,1024,const,uniform,,"To solve the problem, we set up a coordinate system. Let line $DF$ be the x-axis.
Let $D$ be the origin $(0,0)$.
Since $D, E, C, F$ lie on the line in that order, their coordinates are:
$D = (0, 0)$
$E = (x_E, 0)$
$C = (x_C, 0)$
$F = (x_F, 0)$

The rectangle $ABCD$ has $AB = 107$ and $BC = 16$. Since $D$ and $C$ are on the x-axis and $A$ and $B$ are on the opposite side, the coordinates are:
$D = (0, 0)$
$C = (x_C, 0)$
$A = (0, 16)$ (since $AD \perp DF$ and $AD = BC = 16$)
$B = (x_C, 16)$
Given $DC = AB = 107$, we have $x_C = 107$. Thus, $C = (107, 0)$.

The rectangle $EFGH$ has $EF = 184$ and $FG = 17$. Since $E$ and $F$ are on the x-axis and $H$ and $G$ are on the opposite side of $A$, the coordinates are:
$E = (x_E, 0)$
$F = (x_F, 0)$
$H = (x_E, -17)$ (since $H$ and $A$ are on opposite sides of $DF$)
$G = (x_F, -17)$
Given $EF = x_F - x_E = 184$.

The points $A, D, H, G$ lie on a common circle.
$A = (0, 16)$
$D = (0, 0)$
$H = (x_E, -17)$
$G = (x_F, -17)$

The circle passes through $A(0, 16)$ and $D(0, 0)$. The center $(h, k)$ of the circle must lie on the perpendicular bisector of $AD$. The midpoint of $AD$ is $(0, 8)$, so the center is $(h, 8)$.
The equation of the circle is $(x - h)^2 + (y - 8)^2 = R^2$.
Since it passes through $D(0,0)$, $R^2 = (0-h)^2 + (0-8)^2 = h^2 + 64$.
The equation is $(x - h)^2 + (y - 8)^2 = h^2 + 64$.

The points $H(x_E, -17)$ and $G(x_F, -17)$ also lie on this circle.
For $H$: $(x_E - h)^2 + (-17 - 8)^2 = h^2 + 64$
$(x_E - h)^2 + (-25)^2 = h^2 + 64$
$x_E^2 - 2hx_E + h^2 + 625 = h^2 + 64$
$x_E^2 - 2hx_E + 561 = 0$  --- (1)

For $G$: $(x_F - h)^2 + (-17 - 8)^2 = h^2 + 64$
$x_F^2 - 2hx_F + 561 = 0$  --- (2)

Subtracting (1) from (2):
$x_F^2 - x_E^2 - 2h(x_F - x_E) = 0$
$(x_F - x_E)(x_F + x_E) - 2h(x_F - x_E) = 0$
Since $x_F \neq x_E$, we divide by $(x_F - x_E)$:
$x_F + x_E - 2h = 0 \implies h = \frac{x_E + x_F}{2}$

Substitute $h$ back into (1):
$x_E^2 - 2(\frac{x_E + x_F}{2})x_E + 561 = 0$
$x_E^2 - x_E^2 - x",2,False,"incorrect: got '2', expected '104'"
power_sampling_mcmc,google/gemma-4-12B-it,4.0,100,1,0.25,,1024,const,uniform,,"To find the number of paths from $(0,0)$ to $(8,8)$ on an $8 \times 8$ grid that change direction exactly four times, we analyze the structure of such paths.

A path from $(0,0)$ to $(8,8)$ consists of 8 horizontal steps ($H$) and 8 vertical steps ($V$). A change in direction occurs whenever an $H$ is followed by a $V$ or a $V$ is followed by an $H$.
Let the path be represented as a sequence of blocks of identical steps. For example, $H^{a_1} V^{b_1} H^{a_2} V^{b_2} \dots$.
A path with exactly 4 changes in direction consists of 5 blocks of steps. There are two possible patterns for these blocks:
1. $H^{a_1} V^{b_1} H^{a_2} V^{b_2} H^{a_3}$ (This has 4 changes: $H \to V, V \to H, H \to V, V \to H$) - Wait, this is 4 changes. Let's re-count.
   - Pattern 1: $H \dots V \dots H \dots V \dots H$ (Changes: $H \to V, V \to H, H \to V, V \to H$ - that's 4 changes).
   - Pattern 2: $V \dots H \dots V \dots H \dots V$ (Changes: $V \to H, H \to V, V \to H, H \to V$ - that's 4 changes).

Let's analyze Pattern 1: $H^{a_1} V^{b_1} H^{a_2} V^{b_2} H^{a_3}$
The total number of horizontal steps is $a_1 + a_2 + a_3 = 8$, where $a_i \ge 1$.
The total number of vertical steps is $b_1 + b_2 = 8$, where $b_i \ge 1$.
The number of ways to choose $a_1, a_2, a_3$ is the number of positive integer solutions to $a_1 + a_2 + a_3 = 8$, which is $\binom{8-1}{3-1} = \binom{7}{2}$.
The number of ways to choose $b_1, b_2$ is the number of positive integer solutions to $b_1 + b_2 = 8$, which is $\binom{8-1}{2-1} = \binom{7}{1}$.
Total paths for Pattern 1: $\binom{7}{2} \times \binom{7}{1} = 21 \times 7 = 147$.

Let's analyze Pattern 2: $V^{b_1} H^{a_1} V^{b_2} H^{a_2} V^{b_3}$
The total number of vertical steps is $b_1 + b_2 + b_3 = 8$, where $b_i \ge 1$.
The total number of horizontal steps is $a_1 + a_2 = 8$, where $a_i \ge 1$.
The number of ways to choose $b_1, b_2, b_3$ is $\binom{8-1}{3-1} = \binom{7}{2}$.
The number of ways to choose $a_1, a_2$ is $\binom{8-1}{2-1} = \binom{7}{1}$.
Total paths for Pattern 2: $\binom{7}{2} \times \binom{7}{1} = 21 \times 7 = 147$.

Wait, let's re-verify the number of blocks.
A path with $k$ changes in direction has $k+1$ blocks.
For $k=4$, there are 5 blocks.
Pattern 1: $H, V, H, V, H \implies$ 3 blocks of $H$, 2 blocks of $V$.
Pattern 2: $V, H, V, H, V \implies$ 3 blocks of $V$, 2 blocks of $H$.
In Pattern 1, we need $a_1+a_2+a_3=8$ and $b_1+b_2=8$.
In Pattern 2, we need $b_1+b_2+b_3=8$ and $a_1+a_2=8$.",8,False,"incorrect: got '8', expected '294'"
power_sampling_mcmc,google/gemma-4-12B-it,4.0,100,1,0.25,,1024,const,uniform,,"To find the largest possible real part of the expression $w = (75+117i)z + \frac{96+144i}{z}$ given $|z|=4$, let $z = 4e^{i\theta} = 4(\cos\theta + i\sin\theta)$.
The expression becomes:
$w = (75+117i)z + \frac{96+144i}{z}$
Substitute $z = 4e^{i\theta}$:
$w = (75+117i)(4e^{i\theta}) + \frac{96+144i}{4e^{i\theta}}$
$w = (300+468i)e^{i\theta} + (24+36i)e^{-i\theta}$

Let $A = 300+468i$ and $B = 24+36i$. We want to maximize $\text{Re}(w)$.
$w = (300+468i)(\cos\theta + i\sin\theta) + (24+36i)(\cos\theta - i\sin\theta)$
$w = 300\cos\theta + 300i\sin\theta + 468i\cos\theta - 468\sin\theta + 24\cos\theta - 24i\sin\theta + 36i\cos\theta + 36\sin\theta$
The real part of $w$ is:
$\text{Re}(w) = 300\cos\theta - 468\sin\theta + 24\cos\theta + 36\sin\theta$
$\text{Re}(w) = (300+24)\cos\theta + (36-468)\sin\theta$
$\text{Re}(w) = 324\cos\theta - 432\sin\theta$

We want to find the maximum value of $f(\theta) = 324\cos\theta - 432\sin\theta$.
A function of the form $a\cos\theta + b\sin\theta$ has a maximum value of $\sqrt{a^2 + b^2}$.
Here, $a = 324$ and $b = -432$.
The maximum value is $\sqrt{324^2 + (-432)^2}$.
We can factor out the greatest common divisor to simplify the calculation.
$324 = 108 \times 3$
$432 = 108 \times 4$
So, $\sqrt{324^2 + 432^2} = \sqrt{(108 \times 3)^2 + (108 \times 4)^2}$
$= 108 \sqrt{3^2 + 4^2}$
$= 108 \sqrt{9 + 16}$
$= 108 \sqrt{25}$
$= 108 \times 5$
$= 540$

Thus, the largest possible real part is 540.

\boxed{540}thought
To find the largest possible real part of the expression $w = (75+117i)z + \frac{96+144i}{z}$ given $|z|=4$, we let $z = 4e^{i\theta} = 4(\cos\theta + i\sin\theta)$.
Substituting $z$ into the expression:
$w = (75+117i)(4e^{i\theta}) + \frac{96+144i}{4e^{i\theta}}$
$w = (300+468i)e^{i\theta} + (24+36i)e^{-i\theta}$

Using Euler's formula $e^{i\theta} = \cos\theta + i\sin\theta$ and $e^{-i\theta} = \cos\theta - i\sin\theta$:
$w = (300+468i)(\cos\theta + i\sin\theta) + (24+36i)(\cos\theta - i\sin\theta)$
$w = 300\cos\theta + 300i\sin\theta + 468i\cos\theta - 46",540,True,correct: 540
power_sampling_mcmc,google/gemma-4-12B-it,4.0,100,1,0.25,,1024,const,uniform,,"To solve this problem, let $r_1 = 34$ be the radius of the first set of circles and $r_2 = 1$ be the radius of the second set of circles. Let $n_1 = 8$ be the number of circles in the first set and $n_2 = 2024$ be the number of circles in the second set.

Let $\alpha = \angle B$ and $\gamma = \angle C$. Let $h$ be the altitude from $A$ to $BC$. Let $r$ be the inradius of $\triangle ABC$.
The distance from vertex $B$ to the point of tangency of the first circle of radius $r_1$ with $BC$ is $x_1 = r_1 \cot(\alpha/2)$.
The distance from vertex $C$ to the point of tangency of the last circle of radius $r_1$ with $BC$ is $x_2 = r_1 \cot(\gamma/2)$.
The distance between the centers of the first and last circles in the first set is $(n_1 - 1) \cdot 2r_1$.
The total length of the base $BC$ is:
$BC = x_1 + (n_1 - 1) \cdot 2r_1 + x_2 = r_1 \cot(\alpha/2) + 2(n_1 - 1)r_1 + r_1 \cot(\gamma/2)$.
Similarly, for the second set of circles:
$BC = r_2 \cot(\alpha/2) + 2(n_2 - 1)r_2 + r_2 \cot(\gamma/2)$.

We can write these as:
$BC = r_1 (\cot(\alpha/2) + \cot(\gamma/2) + 2n_1 - 2)$
$BC = r_2 (\cot(\alpha/2) + \cot(\gamma/2) + 2n_2 - 2)$

Let $K = \cot(\alpha/2) + \cot(\gamma/2)$. Then:
$BC = r_1(K + 2n_1 - 2) = 34(K + 16 - 2) = 34(K + 14)$
$BC = r_2(K + 2n_2 - 2) = 1(K + 4048 - 2) = K + 4046$

Equating the two expressions for $BC$:
$34K + 34(14) = K + 4046$
$33K = 4046 - 476 = 3570$
$K = \frac{3570}{33} = \frac{1190}{11}$

The inradius $r$ of a triangle is related to the base $BC$ and the angles $\alpha, \gamma$ by the formula:
$r = \frac{BC \sin(\alpha/2) \sin(\gamma/2)}{\cos(\alpha/2) + \cos(\gamma/2) - \sin(\alpha/2) \sin(\gamma/2)}$ is not the simplest way.
Using $r = (s-a) \tan(\alpha/2)$ and $r = (s-c) \tan(\gamma/2)$, we know $BC = (s-b) + (s-a) + (s-c) - (s-b) = (s-a) + (s-c)$.
Also, $r = (s-a) \tan(\alpha/2) \implies s-a = r \cot(\alpha/2)$ and $s-c = r \cot(\gamma/2)$.
Thus, $BC = r \cot(\alpha/2) + r \cot(\gamma/2) = r(\cot(\alpha/2) + \cot(\gamma/2)) = rK$.
We also have $BC = K + 4046$.
Substituting $K = \frac{1190}{11}$:
$BC = \frac{1190}{11} + 4046 = \frac{1190 + 44506}{11} = \frac{45696}{11}$.
Since $r = \frac{BC}{K}$:
$r = \frac{45696/11}{1190/11} = \frac{45696}{1190}$.
",1190,False,"incorrect: got '1190', expected '197'"
power_sampling_mcmc,google/gemma-4-12B-it,4.0,100,1,0.25,,1024,const,uniform,,"To find the largest number less than $BD^2$ for all rhombuses $ABCD$ inscribed in the hyperbola $\frac{x^2}{20} - \frac{y^2}{24} = 1$, we first analyze the properties of the rhombus.

Let the vertices of the rhombus be $A, B, C, D$. Since the diagonals intersect at the origin $(0,0)$ and $ABCD$ is a rhombus, the diagonals must be perpendicular and bisect each other. Let the diagonals lie on lines $L_1$ and $L_2$. Because the hyperbola is symmetric about the $x$ and $y$ axes, and the vertices must lie on the hyperbola, we consider the possible orientations of the diagonals.

Let the diagonals be $AC$ and $BD$. Since they are perpendicular and bisect each other at the origin, if $A = (x_1, y_1)$, then $C = (-x_1, -y_1)$. Similarly, if $B = (x_2, y_2)$, then $D = (-x_2, -y_2)$.
The condition that $AC \perp BD$ implies the dot product of the vectors $\vec{OA}$ and $\vec{OB}$ is zero:
$x_1 x_2 + y_1 y_2 = 0 \implies y_2 = -\frac{x_1 x_2}{y_1}$.

Both points $(x_1, y_1)$ and $(x_2, y_2)$ lie on the hyperbola $\frac{x^2}{20} - \frac{y^2}{24} = 1$.
1) $\frac{x_1^2}{20} - \frac{y_1^2}{24} = 1 \implies 6x_1^2 - 5y_1^2 = 120$
2) $\frac{x_2^2}{20} - \frac{y_2^2}{24} = 1 \implies 6x_2^2 - 5y_2^2 = 120$

Substitute $y_2 = -\frac{x_1 x_2}{y_1}$ into the second equation:
$6x_2^2 - 5\left(\frac{x_1^2 x_2^2}{y_1^2}\right) = 120$
$x_2^2 \left(6 - \frac{5x_1^2}{y_1^2}\right) = 120 \implies x_2^2 \left(\frac{6y_1^2 - 5x_1^2}{y_1^2}\right) = 120$
From the first equation, $5y_1^2 = 6x_1^2 - 120$. Substitute this:
$x_2^2 \left(\frac{6y_1^2 - (5y_1^2 + 120)}{y_1^2}\right) = 120 \implies x_2^2 \left(\frac{y_1^2 - 120}{y_1^2}\right) = 120$
$x_2^2 = \frac{120y_1^2}{y_1^2 - 120}$.

For $x_2$ to be a real number, we must have $y_1^2 > 120$.
The length of the diagonal $BD$ is $2\sqrt{x_2^2 + y_2^2}$.
$BD^2 = 4(x_2^2 + y_2^2)$.
Since $y_2^2 = \frac{x_1^2 x_2^2}{y_1^2}$, we have:
$BD^2 = 4x_2^2 \left(1 + \frac{x_1^2}{y_1^2}\right) = 4x_2^2 \left(\frac{y_1^2 + x_1^2}{y_1^2}\right)$.
Substitute $x_2^2 = \frac{120y_1^2}{y_1^2 - 120}$:
$BD^2 = 4 \left(\frac{120y_1^2}{y_1^2 - 120}\right) \left(\frac{y_1^2 + x_1^2}{y_1^2}\right) =",2,False,"incorrect: got '2', expected '480'"
power_sampling_mcmc,google/gemma-4-12B-it,4.0,100,1,0.25,,1024,const,uniform,,"To find the length of $AP$, we first determine the properties of $\triangle ABC$. Let $a=BC=9$, $b=CA=10$, and $c=AB=5$.
Using the Law of Cosines in $\triangle ABC$:
$\cos A = \frac{b^2 + c^2 - a^2}{2bc} = \frac{100 + 25 - 81}{2(10)(5)} = \frac{44}{100} = 0.44$.
$\cos B = \frac{a^2 + c^2 - b^2}{2ac} = \frac{81 + 25 - 100}{2(9)(5)} = \frac{6}{90} = \frac{1}{15}$.
$\cos C = \frac{a^2 + b^2 - c^2}{2ab} = \frac{81 + 100 - 25}{2(9)(10)} = \frac{156}{180} = \frac{13}{15}$.

Let $O$ be the circumcenter and $R$ be the circumradius.
$R = \frac{a}{2 \sin A}$. Since $\cos A = 0.44$, $\sin A = \sqrt{1 - 0.44^2} = \sqrt{1 - 0.1936} = \sqrt{0.8064}$.
Alternatively, use $R = \frac{abc}{4K}$. Area $K = \frac{1}{2}bc \sin A$.
$K = \sqrt{s(s-a)(s-b)(s-c)}$ where $s = \frac{5+9+10}{2} = 12$.
$K = \sqrt{12(12-9)(12-10)(12-5)} = \sqrt{12 \cdot 3 \cdot 2 \cdot 7} = \sqrt{504} = 6\sqrt{14}$.
$R = \frac{5 \cdot 9 \cdot 10}{4 \cdot 6\sqrt{14}} = \frac{450}{24\sqrt{14}} = \frac{75}{4\sqrt{14}}$.

Point $D$ is the intersection of tangents at $B$ and $C$. In the circumcircle, $D$ lies on the symmedian from $A$ to $BC$. Specifically, $AD$ is the symmedian of $\triangle ABC$.
The length of the symmedian $s_a$ from $A$ to $BC$ is given by $s_a = \frac{bc \cdot 2m_a}{b^2+c^2}$, where $m_a$ is the median.
$m_a = \frac{1}{2}\sqrt{2b^2+2c^2-a^2} = \frac{1}{2}\sqrt{200+50-81} = \frac{\sqrt{169}}{2} = \frac{13}{2}$.
$s_a = \frac{10 \cdot 5 \cdot 13}{100+25} = \frac{650}{125} = \frac{26}{5} = 5.2$.
However, $D$ is the intersection of tangents, not the foot of the symmedian. Let $M$ be the midpoint of $BC$. $AD$ is the symmedian. Let $AD$ intersect $BC$ at $L$.
$L$ divides $BC$ in ratio $c^2 : b^2$, so $BL/LC = 25/100 = 1/4$.
$BL = \frac{1}{5} \cdot 9 = 1.8$, $LC = \frac{4}{5} \cdot 9 = 7.2$.
In $\triangle ABL$, by Law of Cosines: $AL^2 = c^2 + BL^2 - 2c \cdot BL \cos B = 25 + 3.24 - 2(5)(1.8)(1/15) = 28.24 - 1.2 = 27.04$.
$AL = \sqrt{27.04} = 5.2$. (This confirms $AL$ is the symmedian length).
The distance from $A$ to $D$ is $AD = \frac{bc",2,False,"incorrect: got '2', expected '113'"
power_sampling_mcmc,google/gemma-4-12B-it,4.0,100,1,0.25,,1024,const,uniform,,"To solve this problem, we consider a regular octagon with 8 vertices. Each vertex is colored red (R) or blue (B) with probability $1/2$. There are $2^8 = 256$ possible colorings.

Let $S$ be the set of blue vertices. We want to find the probability that there exists a rotation $\rho \in \{0^\circ, 45^\circ, \dots, 315^\circ\}$ such that $\rho(S) \cap S = \emptyset$ and $\rho(S) \subseteq \text{Red vertices}$.
Wait, the condition is: ""all of the blue vertices end up at positions where there had been red vertices"". This means if $S$ is the set of blue vertices and $R$ is the set of red vertices, there exists a rotation $\rho$ such that $\rho(S) \subseteq R$. Since $R$ is the complement of $S$, this is equivalent to $\rho(S) \cap S = \emptyset$.

Let $k = |S|$ be the number of blue vertices.
- If $k=0$, the condition is vacuously true (the set of blue vertices is empty). There is $\binom{8}{0}=1$ such coloring.
- If $k=1$, any rotation that moves the blue vertex to any of the other 7 positions works. Since there are 8 positions, and only 1 is occupied by blue, there are 7 such positions. Since $7 > 0$, this is always possible. There are $\binom{8}{1}=8$ such colorings.
- If $k=2$, let the vertices be $0, 1, \dots, 7$. Let the blue vertices be $i$ and $j$. We need a rotation $r \in \{1, \dots, 7\}$ such that $\{i+r, j+r\} \cap \{i, j\} = \emptyset \pmod 8$.
  - If the vertices are adjacent (e.g., 0, 1), rotations $r=2, 3, 4, 5, 6$ work.
  - If they are separated by one (e.g., 0, 2), rotations $r=3, 4, 5$ work.
  - If they are opposite (e.g., 0, 4), rotations $r=1, 2, 3, 5, 6, 7$ work.
  - If they are separated by two (e.g., 0, 3), rotations $r=4, 5$ work.
  In all cases for $k=2$, a rotation exists. There are $\binom{8}{2}=28$ such colorings.
- If $k=3$, let the vertices be $i, j, l$. We need a rotation $r$ such that $\{i+r, j+r, l+r\} \cap \{i, j, l\} = \emptyset$.
  - If they are $\{0, 1, 2\}$, $r=3, 4, 5$ work.
  - If they are $\{0, 1, 3\}$, $r=4, 5$ work.
  - If they are $\{0, 1, 4\}$, $r=2, 3, 5, 6$ work.
  - If they are $\{0, 2, 4\}$, $r=1, 3, 5, 7$ work.
  - If they are $\{0, 2, 5\}$, $r=3, 4$ work.
  - If they are $\{0, 3, 6\}$, $r=1, 2, 4, 5$ work.
  - If they are $\{0, 1, 5\}$, $r=2, 3, 4, 6, 7$ work.
  - If they are $\{0, 2, 6\}$, $r=3, 4, 5$ work.
  - If they are $\{0, 3, 5\}$, $r=1, 2, 6, 7$ work.
  - If they are $\{0, 4, 6\}$, $r=1, 2, 3, 5, 7$ work.
  - If they are $\{0, 1, 6\}$, $r=2, 3, 4, 5$ work.
  - If they are $\{0, 3, 4\}$, $r=5, 6, 7$ work.
  - If they are $\{0, 2,",2,False,"incorrect: got '2', expected '371'"
power_sampling_mcmc,google/gemma-4-12B-it,4.0,100,1,0.25,,1024,const,uniform,,"To find the number of intersections of the graphs of $y=4g(f(\sin(2\pi x)))$ and $x=4g(f(\cos(3\pi y)))$, let's first analyze the functions $f$ and $g$.

$f(x) = ||x| - \frac{1}{2}|$ and $g(x) = ||x| - \frac{1}{4}|$.
Let $h(x) = 4g(f(x))$.
$f(x)$ maps $\mathbb{R} \to [0, 1/2]$.
Specifically, for $x \in [0, 1]$, $f(x)$ goes from $1/2 \to 0 \to 1/2$.
$g(y)$ maps $\mathbb{R} \to [0, 1/4]$.
$h(x) = 4g(f(x)) = 4 ||f(x)| - 1/4| = 4 |f(x) - 1/4|$ since $f(x) \ge 0$.
Let's trace $h(x)$ for $x \in [0, 1]$:
$f(x) = |x - 1/2|$ for $x \in [0, 1]$.
$h(x) = 4 ||x - 1/2| - 1/4|$.
At $x=0, h(0) = 4|1/2 - 1/4| = 1$.
At $x=1/4, h(1/4) = 4|1/4 - 1/4| = 0$.
At $x=1/2, h(1/2) = 4|0 - 1/4| = 1$.
At $x=3/4, h(3/4) = 4|1/4 - 1/4| = 0$.
At $x=1, h(1) = 4|1/2 - 1/4| = 1$.
Thus, $h(x)$ is a ""W"" shape on $[0, 1]$ oscillating between 0 and 1.
The period of $\sin(2\pi x)$ is 1. The function $y = h(\sin(2\pi x))$ is periodic with period 1.
Since $\sin(2\pi x)$ maps $[0, 1]$ to $[-1, 1]$, and $h(x)$ is symmetric about 0 ($h(x) = h(-x)$), we look at $h(u)$ for $u \in [-1, 1]$.
$h(u)$ for $u \in [-1, 1]$:
$u \in [-1, -1/2] \implies f(u) = |u| - 1/2 \in [0, 1/2]$.
$u \in [-1/2, 1/2] \implies f(u) = |u| - 1/2 \in [-1/2, 0] \implies f(u) = 1/2 - |u| \in [0, 1/2]$.
$u \in [1/2, 1] \implies f(u) = |u| - 1/2 \in [0, 1/2]$.
Actually, $f(x) = ||x| - 1/2|$. For $x \in [-1, 1]$, $f(x)$ behaves as follows:
$x \in [-1, -1/2] \implies f(x) = |x| - 1/2 \in [0, 1/2]$.
$x \in [-1/2, 1/2] \implies f(x) = 1/2 - |x| \in [0, 1/2]$.
$x \in [1/2, 1] \implies f(x) = |x| - 1/2 \in [0, 1/2]$.
$h(u) = 4|f(u) - 1/4|$.
$h(u) = 0$ when $f(u) = 1/4 \implies |u| - 1/2 = \pm 1/4 \implies |u| = 3/4, 1/4$.
$h(u) = 1$ when $f(u) = 0$ or $1/2 \implies |u| = 1/2, 1, 0",0,False,"incorrect: got '0', expected '385'"
power_sampling_mcmc,google/gemma-4-12B-it,4.0,100,1,0.25,,1024,const,uniform,,"To find the least prime $p$ such that $n^4 + 1 \equiv 0 \pmod{p^2}$ for some integer $n$, we first check small primes $p$.

1. If $p=2$, $n^4+1 \equiv 0 \pmod 4$. For $n$ even, $n^4+1 \equiv 1$. For $n$ odd, $n^4+1 \equiv 1+1=2$. No solution.
2. If $p=3$, $n^4+1 \equiv 0 \pmod 9$. For $n \equiv 0, 1, 2 \pmod 3$, $n^4+1 \equiv 1, 2, 2 \pmod 3$. No solution.
3. If $p=5$, $n^4+1 \equiv 0 \pmod{25}$. If $n^4 \equiv -1 \pmod 5$, then $n \equiv 2, 3 \pmod 5$.
   - If $n = 5k + 2$, then $n^4 = (5k+2)^4 = 16 + 4(5k)(8) + \dots \equiv 16 + 160k \equiv 16 \pmod{25}$.
   - If $n = 5k + 3$, then $n^4 = (5k+3)^4 = 81 + 4(5k)(27) + \dots \equiv 81 + 540k \equiv 6 + 15k \pmod{25}$.
   Setting $6 + 15k \equiv 0 \pmod{25}$ gives $15k \equiv -6 \equiv 19 \pmod{25}$. No solution since $\gcd(15, 25)=5$ does not divide 19.
4. If $p=13$, $n^4 \equiv -1 \pmod{13}$. This requires $n^8 \equiv 1 \pmod{13}$. The order of $n$ must be 8. Since $8 | (13-1)$, solutions exist.
   $n^2 \equiv \pm 5 \pmod{13}$. $n^2 \equiv 18 \equiv 31 \equiv 44 \equiv 57 \equiv 70 \equiv 83 \equiv 96 \equiv 109 \equiv 122 \equiv 135 \equiv 148 \equiv 161 \equiv 174 \equiv 187 \equiv 200 \equiv 213 \equiv 226 \equiv 239 \equiv 252 \equiv 265 \equiv 278 \equiv 291 \equiv 304 \equiv 317 \equiv 330 \equiv 343 \equiv 356 \equiv 369 \equiv 382 \equiv 395 \equiv 408 \equiv 421 \equiv 434 \equiv 447 \equiv 460 \equiv 473 \equiv 486 \equiv 499 \equiv 512 \equiv 525 \equiv 538 \equiv 551 \equiv 564 \equiv 577 \equiv 590 \equiv 603 \equiv 616 \equiv 629 \equiv 642 \equiv 655 \equiv 668 \equiv 681 \equiv 694 \equiv 707 \equiv 720 \equiv 733 \equiv 746 \equiv 759 \equiv 772 \equiv 785 \equiv 798 \equiv 811 \equiv 824 \equiv 837 \equiv 850 \equiv 863 \equiv 876 \equiv 889 \equiv 902 \equiv 915 \equiv 928 \equiv 941 \equiv 954 \equiv 967 \equiv 980 \equiv 993 \equiv 1006 \equiv 1019 \equiv 1032 \equiv 1045 \equiv 1058 \equiv 1071 \equiv 1084 \equiv 1097 \equiv 1110 \equiv",1110,False,"incorrect: got '1110', expected '110'"
power_sampling_mcmc,google/gemma-4-12B-it,4.0,100,1,0.25,,1024,const,uniform,,"To find the distance from the incenter $I$ to the faces of the tetrahedron $ABCD$, we first identify the type of tetrahedron.
The edge lengths are:
$AB = CD = \sqrt{41}$
$AC = BD = \sqrt{80}$
$AD = BC = \sqrt{89}$
Since opposite edges are equal, $ABCD$ is an equifacial (isosceles) tetrahedron. In an equifacial tetrahedron, all four faces are congruent triangles.
The faces are triangles with side lengths $a = \sqrt{41}$, $b = \sqrt{80}$, and $c = \sqrt{89}$.

First, we calculate the area $S$ of one face using Heron's formula or the formula for the area of a triangle with sides $a, b, c$:
$S = \frac{1}{4} \sqrt{4a^2b^2 - (a^2+b^2-c^2)^2}$
$a^2 = 41, b^2 = 80, c^2 = 89$
$a^2+b^2-c^2 = 41 + 80 - 89 = 32$
$S = \frac{1}{4} \sqrt{4(41)(80) - (32)^2} = \frac{1}{4} \sqrt{13120 - 1024} = \frac{1}{4} \sqrt{12096}$
$12096 = 144 \times 84 = 144 \times 4 \times 21 = 576 \times 21$
$S = \frac{1}{4} \cdot 24 \sqrt{21} = 6\sqrt{21}$

The volume $V$ of an equifacial tetrahedron with opposite edges $x, y, z$ is given by:
$V = \frac{\sqrt{2}}{12} \sqrt{(x^2+y^2-z^2)(x^2+z^2-y^2)(y^2+z^2-x^2)}$
Here, the pairs of opposite edges are $(\sqrt{41}, \sqrt{41})$, $(\sqrt{80}, \sqrt{80})$, and $(\sqrt{89}, \sqrt{89})$.
Let $x^2 = 41, y^2 = 80, z^2 = 89$.
$x^2+y^2-z^2 = 41+80-89 = 32$
$x^2+z^2-y^2 = 41+89-80 = 50$
$y^2+z^2-x^2 = 80+89-41 = 128$
$V = \frac{\sqrt{2}}{12} \sqrt{32 \cdot 50 \cdot 128} = \frac{\sqrt{2}}{12} \sqrt{204800}$
$204800 = 2048 \times 100 = 2^{11} \times 10^2$
$\sqrt{204800} = \sqrt{2^{10} \cdot 2 \cdot 10^2} = 32 \cdot 10 \cdot \sqrt{2} = 320\sqrt{2}$
$V = \frac{\sqrt{2}}{12} \cdot 320\sqrt{2} = \frac{2 \cdot 320}{12} = \frac{640}{12} = \frac{160}{3}$

The distance $r$ from the incenter to the faces is given by $r = \frac{3V}{\sum S_i}$.
Since all four faces have the same area $S$:
$r = \frac{3V}{4S} = \frac{3(160/3)}{4(6\sqrt{21})} = \frac{160}{24\sqrt{21}} = \frac{20}{3\sqrt{21}} = \frac{20\sqrt{21}}{3 \cdot 21} = \frac{20\sqrt{21}}{63}$

The distance is in the form $\frac{m\sqrt{n}}{p}$.
$m = 20, n = ",20,False,"incorrect: got '20', expected '104'"
power_sampling_mcmc,google/gemma-4-12B-it,4.0,100,1,0.25,,1024,const,uniform,,"To find the radius $r$ of the smallest sphere containing a rectangular box, we first note that the smallest sphere containing a box with dimensions $x, y, z$ is the one whose diameter is equal to the space diagonal of the box. The space diagonal $d$ is given by $d = \sqrt{x^2 + y^2 + z^2}$. The radius $r$ is then $r = \frac{1}{2}\sqrt{x^2 + y^2 + z^2}$, so $r^2 = \frac{x^2 + y^2 + z^2}{4}$.

Let the dimensions of the boxes in $\mathcal{B}$ be $x, y, z$. We are given:
1. Surface area: $2(xy + yz + zx) = 54 \implies xy + yz + zx = 27$.
2. Volume: $xyz = 23$.

We want to find the smallest sphere that can contain *each* of the boxes in $\mathcal{B}$. This means we are looking for the maximum possible value of $r^2$ among all boxes in $\mathcal{B}$.
$r^2 = \frac{x^2 + y^2 + z^2}{4}$.
Using the identity $(x+y+z)^2 = x^2 + y^2 + z^2 + 2(xy + yz + zx)$, we have:
$x^2 + y^2 + z^2 = (x+y+z)^2 - 2(xy + yz + zx) = (x+y+z)^2 - 54$.
Let $s = x+y+z$. Then $r^2 = \frac{s^2 - 54}{4}$.
To find the range of $s$, we consider the polynomial $P(t) = t^3 - st^2 + 27t - 23 = 0$, whose roots are $x, y, z$. For $x, y, z$ to be the dimensions of a box, they must be positive real numbers.
For the roots of $P(t)$ to be real, we examine the conditions on $s$.
The derivative is $P'(t) = 3t^2 - 2st + 27$. The roots of $P'(t)$ are $t = \frac{2s \pm \sqrt{4s^2 - 324}}{6} = \frac{s \pm \sqrt{s^2 - 81}}{3}$.
For real roots to exist, we must have $s^2 \ge 81$, so $s \ge 9$.
If $s=9$, $P(t) = t^3 - 9t^2 + 27t - 23 = (t-3)^3 - 4 = 0$. The roots are $3 + \sqrt[3]{4}$, which are not all real.
For $P(t)$ to have three real roots, the local maximum $P(t_{max})$ must be $\ge 0$ and the local minimum $P(t_{min})$ must be $\le 0$.
$t_{max} = \frac{s - \sqrt{s^2 - 81}}{3}$ and $t_{min} = \frac{s + \sqrt{s^2 - 81}}{3}$.
$P(t) = t(t^2 - st + 27) - 23$. This is difficult to solve directly.
Alternatively, for $x, y, z$ to be real, the discriminant of the cubic $t^3 - st^2 + 27t - 23$ must be $\ge 0$.
$\Delta = s^2(27^2) - 4(27^3) - 4s^3(23) - 27(23^2) + 18s(27)(23) \ge 0$.
$\Delta = 729s^2 - 78732 - 92s^3 - 14229 + 11178s = -92s^3 + 729s^2 + 11178s - 92961 \ge 0$.
Let $f(s) = -92s^3 + 729s^2 + 11178s - 92961$.
We test values:
$f(9) = -92(729) + 7",7,False,"incorrect: got '7', expected '721'"
power_sampling_mcmc,google/gemma-4-12B-it,4.0,100,1,0.25,,1024,const,uniform,,"To find the sum of all integer bases $b > 9$ such that $17_b$ is a divisor of $97_b$, we first express the numbers in terms of $b$:
$17_b = 1 \cdot b + 7 = b + 7$
$97_b = 9 \cdot b + 7$

The condition is that $b + 7$ must divide $9b + 7$.
We can use polynomial division or a simple algebraic manipulation:
$\frac{9b + 7}{b + 7} = \frac{9(b + 7) - 63 + 7}{b + 7} = \frac{9(b + 7) - 56}{b + 7} = 9 - \frac{56}{b + 7}$

For $17_b$ to be a divisor of $97_b$, the result of this division must be an integer. This means that $b + 7$ must be a divisor of 56.
The divisors of 56 are: 1, 2, 4, 7, 8, 14, 28, 56.

We are given the constraint $b > 9$. Therefore, $b + 7 > 16$.
Looking at the list of divisors of 56, the values greater than 16 are:
$b + 7 = 28$
$b + 7 = 56$

Now we solve for $b$ in each case:
1) $b + 7 = 28 \implies b = 21$
2) $b + 7 = 56 \implies b = 49$

We must also check if these bases are valid. For $17_b$ and $97_b$ to be valid representations in base $b$, the digits must be less than the base.
For $17_b$, the digits are 1 and 7, so $b > 7$.
For $97_b$, the digits are 9 and 7, so $b > 9$.
Both $b = 21$ and $b = 49$ satisfy $b > 9$.

The sum of all such integer bases $b$ is:
$21 + 49 = 70$

\boxed{70}thought
To find the sum of all integer bases $b > 9$ for which $17_b$ is a divisor of $97_b$, we first express the numbers in terms of $b$:
$17_b = 1 \cdot b + 7 = b + 7$
$97_b = 9 \cdot b + 7$

The condition is that $b + 7$ must divide $9b + 7$. We can rewrite the expression for the division as:
$\frac{9b + 7}{b + 7} = \frac{9(b + 7) - 63 + 7}{b + 7} = \frac{9(b + 7) - 56}{b + 7} = 9 - \frac{56}{b + 7}$

For $17_b$ to be a divisor of $97_b$, the term $\frac{56}{b + 7}$ must be an integer. This means $b + 7$ must be a divisor of 56.
The divisors of 56 are 1, 2, 4, 7, 8, 14, 28, and 56.

We are given the constraint $b > 9$, which implies $b + 7 > 16$.
From the list of divisors of 56, the values greater than 16 are 28 and 56.
Setting $b + 7$ equal to these values:
1) $b + 7 = 28 \implies b = 21$
2) $b + 7 = 56 \implies b = 49$

Both 21 and 49 are greater than 9, so they are valid bases.
The sum of these bases is $21 + 49 = 70$.

\boxed{70}thought
To find the sum of all integer bases $b > 9$ for which $17_b$ is a divisor of $97_b$, we first express the numbers in terms of $b$:
$17_",70,True,correct: 70
power_sampling_mcmc,google/gemma-4-12B-it,4.0,100,1,0.25,,1024,const,uniform,,"To solve for the area of heptagon $AFNBCEM$, we first determine the lengths of the segments on the sides of $\triangle ABC$.
On side $AB$: $AD = 4$, $DE = 16$, $EB = 8$. Thus, $AB = 4 + 16 + 8 = 28$.
On side $AC$: $AF = 13$, $FG = 52$, $GC = 26$. Thus, $AC = 13 + 52 + 26 = 91$.

Let $\theta = \angle A$. The area of $\triangle ADE$ is $\frac{1}{2} AD \cdot AF \sin \theta$ is not correct because $E$ is on $AB$ and $F$ is on $AC$.
The area of $\triangle ADF$ is $\frac{1}{2} AD \cdot AF \sin \theta = \frac{1}{2} (4)(13) \sin \theta = 26 \sin \theta$.
The area of $\triangle AEG$ is $\frac{1}{2} AE \cdot AG \sin \theta = \frac{1}{2} (4+16)(13+52) \sin \theta = \frac{1}{2} (20)(65) \sin \theta = 650 \sin \theta$.
The area of $\triangle AB C$ is $\frac{1}{2} AB \cdot AC \sin \theta = \frac{1}{2} (28)(91) \sin \theta = 1274 \sin \theta$.

We are given the area of quadrilateral $DEGF$. This can be calculated as:
Area($DEGF$) = Area($AEG$) - Area($ADF$) - Area($ADE$) - Area($AFG$)? No, $D, E$ are on $AB$ and $F, G$ are on $AC$.
Area($DEGF$) = Area($AEG$) - Area($ADF$) - Area($ADE$) - Area($AFG$) is incorrect.
The area of $DEGF$ is Area($\triangle AEG$) - Area($\triangle ADF$) - Area($\triangle ADE$) - Area($\triangle AFG$) is not right.
The area of $DEGF$ is Area($\triangle AEG$) - Area($\triangle ADF$) - Area($\triangle ADE$) - Area($\triangle AFG$) is not right.
Actually, Area($DEGF$) = Area($\triangle AEG$) - Area($\triangle ADF$) - Area($\triangle ADE$) - Area($\triangle AFG$) is not right.
The vertices are $D, E, G, F$ in order. Area($DEGF$) = Area($\triangle AEG$) - Area($\triangle ADF$) - Area($\triangle ADE$) - Area($\triangle AFG$) is not right.
Area($DEGF$) = Area($\triangle AEG$) - Area($\triangle ADF$) - Area($\triangle ADE$) - Area($\triangle AFG$) is not right.
Area($DEGF$) = Area($\triangle AEG$) - Area($\triangle ADF$) - Area($\triangle ADE$) - Area($\triangle AFG$) is not right.
Wait, $D, E$ are on $AB$ and $F, G$ are on $AC$.
Area($DEGF$) = Area($\triangle AEG$) - Area($\triangle ADF$) - Area($\triangle ADE$) - Area($\triangle AFG$) is not right.
Area($DEGF$) = Area($\triangle AEG$) - Area($\triangle ADF$) - Area($\triangle ADE$) - Area($\triangle AFG$) is not right.
Area($DEGF$) = Area($\triangle AEG$) - Area($\triangle ADF$) - Area($\triangle ADE$) - Area($\triangle AFG$) is not right.
Area($DEGF$) = Area($\triangle AEG$) - Area($\triangle ADF$) - Area($\triangle ADE$) - Area($\triangle AFG$) is not right.
Area($DEGF$) = Area($\triangle AEG$) - Area($\triangle ADF$) - Area($\triangle ADE$) - Area($\triangle AFG$) is not right.
Area($DEGF$) = Area($\triangle AEG$) - Area($\triangle ADF$) - Area($\triangle ADE$) - Area($\triangle AFG$) is not right.
Area($DEGF$) = Area($\triangle AEG$) - Area($\triangle ADF$) - Area($\triangle ADE$) - Area($\triangle AFG$) is not right.
Area($DEGF$) = Area($\triangle",1274,False,"incorrect: got '1274', expected '588'"
power_sampling_mcmc,google/gemma-4-12B-it,4.0,100,1,0.25,,1024,const,uniform,,"To find the number of different assignments of flavors to players, we first need to determine the possible distributions of the 9 players among the three flavors (Chocolate, Vanilla, and Strawberry).

Let $c$ be the number of players who chose chocolate, $v$ be the number who chose vanilla, and $s$ be the number who chose strawberry.
The conditions are:
1. $c + v + s = 9$
2. $c > v > s \ge 1$ (since at least one player chose each flavor)

We list the possible integer solutions for $(c, v, s)$:
- If $s = 1$:
  - $c + v = 8$. Possible $(c, v)$ pairs where $c > v > 1$:
    - $c=6, v=2$
    - $c=5, v=3$
- If $s = 2$:
  - $c + v = 7$. Possible $(c, v)$ pairs where $c > v > 2$:
    - $c=4, v=3$
- If $s = 3$:
  - $c + v = 6$. No pairs satisfy $c > v > 3$ (since $4+3=7 > 6$).

So, the possible distributions $(c, v, s)$ are:
1. $(6, 2, 1)$
2. $(5, 3, 1)$
3. $(4, 3, 2)$

For each distribution, we calculate the number of ways to assign these flavors to the 9 distinct players using the multinomial coefficient $\frac{9!}{c!v!s!}$.

1. For $(6, 2, 1)$:
   $\frac{9!}{6!2!1!} = \frac{9 \times 8 \times 7}{2 \times 1} = 9 \times 4 \times 7 = 252$

2. For $(5, 3, 1)$:
   $\frac{9!}{5!3!1!} = \frac{9 \times 8 \times 7 \times 6}{3 \times 2 \times 1} = 9 \times 8 \times 7 = 504$

3. For $(4, 3, 2)$:
   $\frac{9!}{4!3!2!} = \frac{9 \times 8 \times 7 \times 6 \times 5}{(3 \times 2 \times 1) \times (2 \times 1)} = \frac{9 \times 8 \times 7 \times 5}{2} = 9 \times 4 \times 7 \times 5 = 1260$

To find $N$, we sum these values:
$N = 252 + 504 + 1260$
$N = 756 + 1260$
$N = 2016$

The question asks for the remainder when $N$ is divided by 1000:
$2016 \pmod{1000} = 16$

\boxed{16}


 \boxed{16}

 \boxed{16}
 \boxed{16}
 \boxed{16}
 \boxed{16}
 \boxed{16}
 \boxed{16}
 \boxed{16}
 \boxed{16}
 \boxed{16}
 \boxed{16}
 \boxed{16}
 \boxed{16}
 \boxed{16}
 \boxed{16}
 \boxed{16}
 \boxed{16}
 \boxed{16}
 \boxed{16}
 \boxed{16}
 \boxed{16}
 \boxed{16}
 \boxed{16}
 \boxed{16}
 \boxed{16}
 \boxed{16}
 \boxed{16}
 \boxed{16}
 \boxed{16}
 \boxed{16}
 \boxed{16}
 \boxed{16}
 \boxed{16}
 \boxed{16}
 \boxed{16}
 \boxed{16}
 \boxed{16}
 \boxed{16}
 \boxed{16}
 \boxed{16}
 \boxed{16}
 \boxed{16}
 \boxed{1",16,True,correct: 16
power_sampling_mcmc,google/gemma-4-12B-it,4.0,100,1,0.25,,1024,const,uniform,,"To find the number of ordered pairs $(x, y)$ such that $12x^2 - xy - 6y^2 = 0$ where $x, y \in \mathbb{Z}$ and $-100 \le x, y \le 100$, we start by factoring the quadratic equation.

The equation is $12x^2 - xy - 6y^2 = 0$.
We can treat this as a quadratic in $x$ and use the quadratic formula:
$x = \frac{-(-y) \pm \sqrt{(-y)^2 - 4(12)(-6y^2)}}{2(12)}$
$x = \frac{y \pm \sqrt{y^2 + 288y^2}}{24}$
$x = \frac{y \pm \sqrt{289y^2}}{24}$
$x = \frac{y \pm 17y}{24}$

This gives us two possible linear relationships between $x$ and $y$:
1) $x = \frac{y + 17y}{24} = \frac{18y}{24} = \frac{3}{4}y$
2) $x = \frac{y - 17y}{24} = \frac{-16y}{24} = -\frac{2}{3}y$

We need to find the number of integer pairs $(x, y)$ for each case within the bounds $-100 \le x, y \le 100$.

**Case 1: $x = \frac{3}{4}y$**
For $x$ to be an integer, $y$ must be a multiple of 4.
Let $y = 4k$ for some integer $k$.
Then $x = \frac{3}{4}(4k) = 3k$.
We must satisfy the bounds:
$-100 \le 4k \le 100 \implies -25 \le k \le 25$
$-100 \le 3k \le 100 \implies -33.33 \le k \le 33.33$
The intersection of these ranges is $-25 \le k \le 25$.
The number of such integers $k$ is $25 - (-25) + 1 = 51$.

**Case 2: $x = -\frac{2}{3}y$**
For $x$ to be an integer, $y$ must be a multiple of 3.
Let $y = 3m$ for some integer $m$.
Then $x = -\frac{2}{3}(3m) = -2m$.
We must satisfy the bounds:
$-100 \le 3m \le 100 \implies -33.33 \le m \le 33.33$
$-100 \le -2m \le 100 \implies -50 \le m \le 50$
The intersection of these ranges is $-33 \le m \le 33$.
The number of such integers $m$ is $33 - (-33) + 1 = 67$.

**Intersection of the two cases:**
The only pair that satisfies both equations is when $x = \frac{3}{4}y$ and $x = -\frac{2}{3}y$.
$\frac{3}{4}y = -\frac{2}{3}y \implies \frac{3}{4}y + \frac{2}{3}y = 0 \implies \frac{17}{12}y = 0 \implies y = 0$.
If $y = 0$, then $x = 0$.
The pair $(0, 0)$ is counted in both cases.

**Total number of pairs:**
Total = (Pairs in Case 1) + (Pairs in Case 2) - (Common pairs)
Total = $51 + 67 - 1 = 117$.

\boxed{117}thought
To find the number of ordered pairs $(x,y)$ such that $12x^2-xy-6y^2=0$ with $x,y \in \mathbb{Z}$ and $-100 \le x, y \le 100$, we factor the equation:
$12x^2 - xy - 6y^2 = 0$
Using the quadratic formula for $x$ in",117,True,correct: 117
power_sampling_mcmc,google/gemma-4-12B-it,4.0,100,1,0.25,,1024,const,uniform,,"To find the number of eight-digit integers $N$ formed by the digits $\{1, 2, 3, 4, 5, 6, 7, 8\}$ exactly once that are divisible by 22, we must satisfy two conditions:
1. The number must be divisible by 2 (it must end in an even digit).
2. The number must be divisible by 11.

Let the eight-digit number be $d_1 d_2 d_3 d_4 d_5 d_6 d_7 d_8$.
The sum of all digits is $1+2+3+4+5+6+7+8 = 36$.
Let $S_1 = d_1 + d_3 + d_5 + d_7$ and $S_2 = d_2 + d_4 + d_6 + d_8$.
We know $S_1 + S_2 = 36$.
The condition for divisibility by 11 is $S_1 - S_2 \equiv 0 \pmod{11}$.
Since $S_1 + S_2 = 36$, we have $S_1 - S_2 = 36 - 2S_2$.
Possible values for $S_1 - S_2$ are multiples of 11.
If $S_1 - S_2 = 0$, then $2S_2 = 36 \implies S_2 = 18$ and $S_1 = 18$.
If $S_1 - S_2 = 11$, then $2S_2 = 25$ (no integer solution).
If $S_1 - S_2 = 22$, then $2S_2 = 14 \implies S_2 = 7$ and $S_1 = 29$.
If $S_1 - S_2 = -11$, then $2S_2 = 47$ (no integer solution).
If $S_1 - S_2 = -22$, then $2S_2 = 58 \implies S_2 = 29$ and $S_1 = 7$.

Case 1: $S_1 = 18$ and $S_2 = 18$.
We need to choose 4 digits from $\{1, \dots, 8\}$ that sum to 18.
Possible sets $\{d_2, d_4, d_6, d_8\}$ (the even-positioned digits):
- $\{1, 2, 7, 8\}$
- $\{1, 3, 6, 8\}$
- $\{1, 4, 5, 8\}$
- $\{1, 4, 6, 7\}$
- $\{2, 3, 5, 8\}$
- $\{2, 3, 6, 7\}$
- $\{2, 4, 5, 7\}$
- $\{3, 4, 5, 6\}$
There are 8 such sets. For each set, there are $4!$ ways to arrange them in positions $d_2, d_4, d_6, d_8$.
However, the number must be even, so $d_8 \in \{2, 4, 6, 8\}$.
Let's count the pairs (Set, $d_8$) such that $d_8$ is even:
1. $\{1, 2, 7, 8\} \implies d_8 \in \{2, 8\}$ (2 choices)
2. $\{1, 3, 6, 8\} \implies d_8 \in \{6, 8\}$ (2 choices)
3. $\{1, 4, 5, 8\} \implies d_8 \in \{4, 8\}$ (2 choices)
4. $\{1, 4, 6, 7\} \implies d_8 \in \{4, 6\}$ (2 choices)
5. $\{2, 3, 5, 8\} \implies d_8 \in \{2, 8\}$ (2 choices)
6. $\{2, 3, 6, 7\} \implies d_8 \in \{2, 6\}$ (2 choices)
7. $\{2, 4, 5, 7\} \implies d_8 \in \{2, 4\}$ (2 choices)
8. $\{3, 4, 5, 6\} \implies d_8 \in \{4, 6",6,False,"incorrect: got '6', expected '279'"
