method,rank_fn,prefetch_budget,log_path,kv_cache_tokens,engine_samples,iterations_with_samples,mean_occupied_k_tokens,q25_occupied_k_tokens,q75_occupied_k_tokens,peak_occupied_k_tokens,evicted_blocks,allocated_blocks,eviction_rate_percent
PreSTO-PowerMH,accept_first,10,/Users/jiangnanhugo/workspace/power-sharpening/Subtree-Prefetching-Power-Sharpening/case_studies/logs/math500/2026-08-08/vllm/dataset-math500.model-qwen.alpha4.0.steps100.blocks-8.prefetch-budget-10.rank-accept_first.samples10.maxnew3072.seed10086.subtreePrefetch.vllm.log,1023392,425,99,2.252323841077441,1.8165207999999997,2.7777782857142856,7.1637439999999994,,,
PreSTO-PowerMH,bfs_reject_first,10,/Users/jiangnanhugo/workspace/power-sharpening/Subtree-Prefetching-Power-Sharpening/case_studies/logs/math500/2026-08-08/vllm/dataset-math500.model-qwen.alpha4.0.steps100.blocks-8.prefetch-budget-10.rank-bfs_reject_first.samples10.maxnew3072.seed10086.subtreePrefetch.vllm.log,1023392,430,97,2.0058679593341364,1.6374272,2.3879146666666666,6.140352,,,
PreSTO-PowerMH,longest_path_first,10,/Users/jiangnanhugo/workspace/power-sharpening/Subtree-Prefetching-Power-Sharpening/case_studies/logs/math500/2026-08-08/vllm/dataset-math500.model-qwen.alpha4.0.steps100.blocks-8.prefetch-budget-10.rank-longest_path_first.samples10.maxnew3072.seed10086.subtreePrefetch.vllm.log,1023392,468,98,2.282519485608269,2.046784,2.5933683636363636,6.140352,,,
PreSTO-PowerMH,reject_first,10,/Users/jiangnanhugo/workspace/power-sharpening/Subtree-Prefetching-Power-Sharpening/case_studies/logs/math500/2026-08-08/vllm/dataset-math500.model-qwen.alpha4.0.steps100.blocks-8.prefetch-budget-10.rank-reject_first.samples10.maxnew3072.seed10086.subtreePrefetch.vllm.log,1023392,481,99,1.718736982459516,1.3645226666666666,2.046784,6.140352,,,
PreSTO-PowerMH,smallest_cut_diff,10,/Users/jiangnanhugo/workspace/power-sharpening/Subtree-Prefetching-Power-Sharpening/case_studies/logs/math500/2026-08-08/vllm/dataset-math500.model-qwen.alpha4.0.steps100.blocks-8.prefetch-budget-10.rank-smallest_cut_diff.samples10.maxnew3072.seed10086.subtreePrefetch.vllm.log,1023392,507,100,1.8075592474041517,1.5350880000000002,2.0467840000000006,6.140352,,,
PreSTO-PowerMH,accept_first,12,/Users/jiangnanhugo/workspace/power-sharpening/Subtree-Prefetching-Power-Sharpening/case_studies/logs/math500/2026-08-08/vllm/dataset-math500.model-qwen.alpha4.0.steps100.blocks-8.prefetch-budget-12.rank-accept_first.samples10.maxnew3072.seed10086.subtreePrefetch.vllm.log,1023392,464,97,2.779499391701998,2.302632,3.2748544,8.187136,,,
PreSTO-PowerMH,bfs_reject_first,12,/Users/jiangnanhugo/workspace/power-sharpening/Subtree-Prefetching-Power-Sharpening/case_studies/logs/math500/2026-08-08/vllm/dataset-math500.model-qwen.alpha4.0.steps100.blocks-8.prefetch-budget-12.rank-bfs_reject_first.samples10.maxnew3072.seed10086.subtreePrefetch.vllm.log,1023392,336,97,2.356267995080485,2.046784,2.729045333333333,8.187136,,,
PreSTO-PowerMH,longest_path_first,12,/Users/jiangnanhugo/workspace/power-sharpening/Subtree-Prefetching-Power-Sharpening/case_studies/logs/math500/2026-08-08/vllm/dataset-math500.model-qwen.alpha4.0.steps100.blocks-8.prefetch-budget-12.rank-longest_path_first.samples10.maxnew3072.seed10086.subtreePrefetch.vllm.log,1023392,406,99,2.5347124304633635,2.046784,3.070176,8.187136,,,
PreSTO-PowerMH,reject_first,12,/Users/jiangnanhugo/workspace/power-sharpening/Subtree-Prefetching-Power-Sharpening/case_studies/logs/math500/2026-08-08/vllm/dataset-math500.model-qwen.alpha4.0.steps100.blocks-8.prefetch-budget-12.rank-reject_first.samples10.maxnew3072.seed10086.subtreePrefetch.vllm.log,1023392,481,99,1.9963486759660094,1.7056533333333332,2.3879146666666666,6.140352,,,
PreSTO-PowerMH,smallest_cut_diff,12,/Users/jiangnanhugo/workspace/power-sharpening/Subtree-Prefetching-Power-Sharpening/case_studies/logs/math500/2026-08-08/vllm/dataset-math500.model-qwen.alpha4.0.steps100.blocks-8.prefetch-budget-12.rank-smallest_cut_diff.samples10.maxnew3072.seed10086.subtreePrefetch.vllm.log,1023392,446,98,1.7682122762143453,1.4583336000000002,2.046784,5.11696,,,
PreSTO-PowerMH,accept_first,14,/Users/jiangnanhugo/workspace/power-sharpening/Subtree-Prefetching-Power-Sharpening/case_studies/logs/math500/2026-08-08/vllm/dataset-math500.model-qwen.alpha4.0.steps100.blocks-8.prefetch-budget-14.rank-accept_first.samples10.maxnew3072.seed10086.subtreePrefetch.vllm.log,1023392,448,99,3.149084002693603,2.55848,3.795078666666667,9.210528,,,
PreSTO-PowerMH,bfs_reject_first,14,/Users/jiangnanhugo/workspace/power-sharpening/Subtree-Prefetching-Power-Sharpening/case_studies/logs/math500/2026-08-08/vllm/dataset-math500.model-qwen.alpha4.0.steps100.blocks-8.prefetch-budget-14.rank-bfs_reject_first.samples10.maxnew3072.seed10086.subtreePrefetch.vllm.log,1023392,410,96,2.8695380796871404,2.3879146666666666,3.3260239999999994,9.210528,,,
PreSTO-PowerMH,longest_path_first,14,/Users/jiangnanhugo/workspace/power-sharpening/Subtree-Prefetching-Power-Sharpening/case_studies/logs/math500/2026-08-08/vllm/dataset-math500.model-qwen.alpha4.0.steps100.blocks-8.prefetch-budget-14.rank-longest_path_first.samples10.maxnew3072.seed10086.subtreePrefetch.vllm.log,1023392,432,99,3.0200442313932987,2.422027733333333,3.64684926984127,9.210528,,,
PreSTO-PowerMH,reject_first,14,/Users/jiangnanhugo/workspace/power-sharpening/Subtree-Prefetching-Power-Sharpening/case_studies/logs/math500/2026-08-08/vllm/dataset-math500.model-qwen.alpha4.0.steps100.blocks-8.prefetch-budget-14.rank-reject_first.samples10.maxnew3072.seed10086.subtreePrefetch.vllm.log,1023392,470,99,2.136436456504953,1.7056533333333332,2.409235333333334,6.140352,,,
PreSTO-PowerMH,smallest_cut_diff,14,/Users/jiangnanhugo/workspace/power-sharpening/Subtree-Prefetching-Power-Sharpening/case_studies/logs/math500/2026-08-08/vllm/dataset-math500.model-qwen.alpha4.0.steps100.blocks-8.prefetch-budget-14.rank-smallest_cut_diff.samples10.maxnew3072.seed10086.subtreePrefetch.vllm.log,1023392,543,98,2.530392543871469,2.0833337142857147,2.8143280000000006,7.1637439999999994,,,
PreSTO-PowerMH,accept_first,16,/Users/jiangnanhugo/workspace/power-sharpening/Subtree-Prefetching-Power-Sharpening/case_studies/logs/math500/2026-08-08/vllm/dataset-math500.model-qwen.alpha4.0.steps100.blocks-8.prefetch-budget-16.rank-accept_first.samples10.maxnew3072.seed10086.subtreePrefetch.vllm.log,1023392,399,97,3.2934816770683533,2.6608191999999997,3.752437333333334,10.23392,,,
PreSTO-PowerMH,bfs_reject_first,16,/Users/jiangnanhugo/workspace/power-sharpening/Subtree-Prefetching-Power-Sharpening/case_studies/logs/math500/2026-08-08/vllm/dataset-math500.model-qwen.alpha4.0.steps100.blocks-8.prefetch-budget-16.rank-bfs_reject_first.samples10.maxnew3072.seed10086.subtreePrefetch.vllm.log,1023392,385,98,3.1516793764820212,2.55848,3.752437333333334,9.210528,,,
PreSTO-PowerMH,longest_path_first,16,/Users/jiangnanhugo/workspace/power-sharpening/Subtree-Prefetching-Power-Sharpening/case_studies/logs/math500/2026-08-08/vllm/dataset-math500.model-qwen.alpha4.0.steps100.blocks-8.prefetch-budget-16.rank-longest_path_first.samples10.maxnew3072.seed10086.subtreePrefetch.vllm.log,1023392,391,98,3.246940695302883,2.430556,3.8888896,8.187136,,,
PreSTO-PowerMH,reject_first,16,/Users/jiangnanhugo/workspace/power-sharpening/Subtree-Prefetching-Power-Sharpening/case_studies/logs/math500/2026-08-08/vllm/dataset-math500.model-qwen.alpha4.0.steps100.blocks-8.prefetch-budget-16.rank-reject_first.samples10.maxnew3072.seed10086.subtreePrefetch.vllm.log,1023392,494,98,2.5024842348549172,2.046784,3.070176,7.1637439999999994,,,
PreSTO-PowerMH,smallest_cut_diff,16,/Users/jiangnanhugo/workspace/power-sharpening/Subtree-Prefetching-Power-Sharpening/case_studies/logs/math500/2026-08-08/vllm/dataset-math500.model-qwen.alpha4.0.steps100.blocks-8.prefetch-budget-16.rank-smallest_cut_diff.samples10.maxnew3072.seed10086.subtreePrefetch.vllm.log,1023392,569,100,2.578272593258297,2.197966909090909,3.070176,7.1637439999999994,,,
PreSTO-PowerMH,accept_first,18,/Users/jiangnanhugo/workspace/power-sharpening/Subtree-Prefetching-Power-Sharpening/case_studies/logs/math500/2026-08-08/vllm/dataset-math500.model-qwen.alpha4.0.steps100.blocks-8.prefetch-budget-18.rank-accept_first.samples10.maxnew3072.seed10086.subtreePrefetch.vllm.log,1023392,423,99,3.738315763637758,3.070176,4.519981333333332,12.280704,,,
PreSTO-PowerMH,bfs_reject_first,18,/Users/jiangnanhugo/workspace/power-sharpening/Subtree-Prefetching-Power-Sharpening/case_studies/logs/math500/2026-08-08/vllm/dataset-math500.model-qwen.alpha4.0.steps100.blocks-8.prefetch-budget-18.rank-bfs_reject_first.samples10.maxnew3072.seed10086.subtreePrefetch.vllm.log,1023392,401,98,3.509046072691934,2.677875733333333,4.2982464,10.23392,,,
PreSTO-PowerMH,longest_path_first,18,/Users/jiangnanhugo/workspace/power-sharpening/Subtree-Prefetching-Power-Sharpening/case_studies/logs/math500/2026-08-08/vllm/dataset-math500.model-qwen.alpha4.0.steps100.blocks-8.prefetch-budget-18.rank-longest_path_first.samples10.maxnew3072.seed10086.subtreePrefetch.vllm.log,1023392,367,96,3.5482433016534394,2.729045333333333,4.093568,11.257312000000002,,,
PreSTO-PowerMH,reject_first,18,/Users/jiangnanhugo/workspace/power-sharpening/Subtree-Prefetching-Power-Sharpening/case_studies/logs/math500/2026-08-08/vllm/dataset-math500.model-qwen.alpha4.0.steps100.blocks-8.prefetch-budget-18.rank-reject_first.samples10.maxnew3072.seed10086.subtreePrefetch.vllm.log,1023392,555,99,2.8092749581821095,2.2599906666666665,3.386940190476191,8.187136,,,
PreSTO-PowerMH,smallest_cut_diff,18,/Users/jiangnanhugo/workspace/power-sharpening/Subtree-Prefetching-Power-Sharpening/case_studies/logs/math500/2026-08-08/vllm/dataset-math500.model-qwen.alpha4.0.steps100.blocks-8.prefetch-budget-18.rank-smallest_cut_diff.samples10.maxnew3072.seed10086.subtreePrefetch.vllm.log,1023392,507,98,2.7879737125032746,2.3879146666666666,3.2346497142857142,8.187136,,,
PreSTO-PowerMH,accept_first,20,/Users/jiangnanhugo/workspace/power-sharpening/Subtree-Prefetching-Power-Sharpening/case_studies/logs/math500/2026-08-08/vllm/dataset-math500.model-qwen.alpha4.0.steps100.blocks-8.prefetch-budget-20.rank-accept_first.samples10.maxnew3072.seed10086.subtreePrefetch.vllm.log,1023392,362,96,3.9978534357142856,3.006214,5.11696,11.257312000000002,,,
PreSTO-PowerMH,bfs_reject_first,20,/Users/jiangnanhugo/workspace/power-sharpening/Subtree-Prefetching-Power-Sharpening/case_studies/logs/math500/2026-08-08/vllm/dataset-math500.model-qwen.alpha4.0.steps100.blocks-8.prefetch-budget-20.rank-bfs_reject_first.samples10.maxnew3072.seed10086.subtreePrefetch.vllm.log,1023392,392,97,3.702597004156439,2.8143280000000006,4.434698666666666,12.280704,,,
PreSTO-PowerMH,longest_path_first,20,/Users/jiangnanhugo/workspace/power-sharpening/Subtree-Prefetching-Power-Sharpening/case_studies/logs/math500/2026-08-08/vllm/dataset-math500.model-qwen.alpha4.0.steps100.blocks-8.prefetch-budget-20.rank-longest_path_first.samples10.maxnew3072.seed10086.subtreePrefetch.vllm.log,1023392,380,96,4.039225681746031,3.179825142857143,5.11696,11.257312000000002,,,
PreSTO-PowerMH,reject_first,20,/Users/jiangnanhugo/workspace/power-sharpening/Subtree-Prefetching-Power-Sharpening/case_studies/logs/math500/2026-08-08/vllm/dataset-math500.model-qwen.alpha4.0.steps100.blocks-8.prefetch-budget-20.rank-reject_first.samples10.maxnew3072.seed10086.subtreePrefetch.vllm.log,1023392,519,99,3.027212092410396,2.55848,3.5534444444444437,9.210528,,,
PreSTO-PowerMH,smallest_cut_diff,20,/Users/jiangnanhugo/workspace/power-sharpening/Subtree-Prefetching-Power-Sharpening/case_studies/logs/math500/2026-08-08/vllm/dataset-math500.model-qwen.alpha4.0.steps100.blocks-8.prefetch-budget-20.rank-smallest_cut_diff.samples10.maxnew3072.seed10086.subtreePrefetch.vllm.log,1023392,527,99,3.064695413354165,2.4220277333333335,3.5818719999999997,9.210528,,,
PreSTO-PowerMH,accept_first,4,/Users/jiangnanhugo/workspace/power-sharpening/Subtree-Prefetching-Power-Sharpening/case_studies/logs/math500/2026-08-08/vllm/dataset-math500.model-qwen.alpha4.0.steps100.blocks-8.prefetch-budget-4.rank-accept_first.samples10.maxnew3072.seed10086.subtreePrefetch.vllm.log,1023392,495,99,1.192883328873147,1.023392,1.3645226666666666,3.070176,,,
PreSTO-PowerMH,bfs_reject_first,4,/Users/jiangnanhugo/workspace/power-sharpening/Subtree-Prefetching-Power-Sharpening/case_studies/logs/math500/2026-08-08/vllm/dataset-math500.model-qwen.alpha4.0.steps100.blocks-8.prefetch-budget-4.rank-bfs_reject_first.samples10.maxnew3072.seed10086.subtreePrefetch.vllm.log,1023392,430,98,1.0678297393586005,1.023392,1.27924,3.070176,,,
PreSTO-PowerMH,longest_path_first,4,/Users/jiangnanhugo/workspace/power-sharpening/Subtree-Prefetching-Power-Sharpening/case_studies/logs/math500/2026-08-08/vllm/dataset-math500.model-qwen.alpha4.0.steps100.blocks-8.prefetch-budget-4.rank-longest_path_first.samples10.maxnew3072.seed10086.subtreePrefetch.vllm.log,1023392,494,99,1.178660601058201,1.023392,1.3645226666666666,3.070176,,,
PreSTO-PowerMH,reject_first,4,/Users/jiangnanhugo/workspace/power-sharpening/Subtree-Prefetching-Power-Sharpening/case_studies/logs/math500/2026-08-08/vllm/dataset-math500.model-qwen.alpha4.0.steps100.blocks-8.prefetch-budget-4.rank-reject_first.samples10.maxnew3072.seed10086.subtreePrefetch.vllm.log,1023392,484,99,1.0966883293891294,0.895468,1.2536552,3.070176,,,
PreSTO-PowerMH,smallest_cut_diff,4,/Users/jiangnanhugo/workspace/power-sharpening/Subtree-Prefetching-Power-Sharpening/case_studies/logs/math500/2026-08-08/vllm/dataset-math500.model-qwen.alpha4.0.steps100.blocks-8.prefetch-budget-4.rank-smallest_cut_diff.samples10.maxnew3072.seed10086.subtreePrefetch.vllm.log,1023392,474,99,1.1261839423407003,1.023392,1.27924,3.070176,,,
PreSTO-PowerMH,accept_first,6,/Users/jiangnanhugo/workspace/power-sharpening/Subtree-Prefetching-Power-Sharpening/case_studies/logs/math500/2026-08-08/vllm/dataset-math500.model-qwen.alpha4.0.steps100.blocks-8.prefetch-budget-6.rank-accept_first.samples10.maxnew3072.seed10086.subtreePrefetch.vllm.log,1023392,498,100,1.580687509039265,1.3645226666666666,1.7909359999999999,5.11696,,,
PreSTO-PowerMH,bfs_reject_first,6,/Users/jiangnanhugo/workspace/power-sharpening/Subtree-Prefetching-Power-Sharpening/case_studies/logs/math500/2026-08-08/vllm/dataset-math500.model-qwen.alpha4.0.steps100.blocks-8.prefetch-budget-6.rank-bfs_reject_first.samples10.maxnew3072.seed10086.subtreePrefetch.vllm.log,1023392,377,97,1.3896072815732479,1.0233920000000003,1.5350880000000002,4.093568,,,
PreSTO-PowerMH,longest_path_first,6,/Users/jiangnanhugo/workspace/power-sharpening/Subtree-Prefetching-Power-Sharpening/case_studies/logs/math500/2026-08-08/vllm/dataset-math500.model-qwen.alpha4.0.steps100.blocks-8.prefetch-budget-6.rank-longest_path_first.samples10.maxnew3072.seed10086.subtreePrefetch.vllm.log,1023392,441,99,1.4364899155363158,1.1939573333333335,1.7056533333333332,4.093568,,,
PreSTO-PowerMH,reject_first,6,/Users/jiangnanhugo/workspace/power-sharpening/Subtree-Prefetching-Power-Sharpening/case_studies/logs/math500/2026-08-08/vllm/dataset-math500.model-qwen.alpha4.0.steps100.blocks-8.prefetch-budget-6.rank-reject_first.samples10.maxnew3072.seed10086.subtreePrefetch.vllm.log,1023392,468,99,1.2787205249260278,1.0233920000000003,1.4701107301587302,4.093568,,,
PreSTO-PowerMH,smallest_cut_diff,6,/Users/jiangnanhugo/workspace/power-sharpening/Subtree-Prefetching-Power-Sharpening/case_studies/logs/math500/2026-08-08/vllm/dataset-math500.model-qwen.alpha4.0.steps100.blocks-8.prefetch-budget-6.rank-smallest_cut_diff.samples10.maxnew3072.seed10086.subtreePrefetch.vllm.log,1023392,444,99,1.3494002736572068,1.023392,1.5350880000000002,3.070176,,,
PreSTO-PowerMH,accept_first,8,/Users/jiangnanhugo/workspace/power-sharpening/Subtree-Prefetching-Power-Sharpening/case_studies/logs/math500/2026-08-08/vllm/dataset-math500.model-qwen.alpha4.0.steps100.blocks-8.prefetch-budget-8.rank-accept_first.samples10.maxnew3072.seed10086.subtreePrefetch.vllm.log,1023392,489,99,1.999363719737053,1.7056533333333332,2.302632,6.140352,,,
PreSTO-PowerMH,bfs_reject_first,8,/Users/jiangnanhugo/workspace/power-sharpening/Subtree-Prefetching-Power-Sharpening/case_studies/logs/math500/2026-08-08/vllm/dataset-math500.model-qwen.alpha4.0.steps100.blocks-8.prefetch-budget-8.rank-bfs_reject_first.samples10.maxnew3072.seed10086.subtreePrefetch.vllm.log,1023392,412,97,1.7320712826051383,1.4327488000000004,2.046784,5.11696,,,
PreSTO-PowerMH,longest_path_first,8,/Users/jiangnanhugo/workspace/power-sharpening/Subtree-Prefetching-Power-Sharpening/case_studies/logs/math500/2026-08-08/vllm/dataset-math500.model-qwen.alpha4.0.steps100.blocks-8.prefetch-budget-8.rank-longest_path_first.samples10.maxnew3072.seed10086.subtreePrefetch.vllm.log,1023392,421,97,1.8415556673000477,1.5350880000000002,2.0467840000000006,6.140352,,,
PreSTO-PowerMH,reject_first,8,/Users/jiangnanhugo/workspace/power-sharpening/Subtree-Prefetching-Power-Sharpening/case_studies/logs/math500/2026-08-08/vllm/dataset-math500.model-qwen.alpha4.0.steps100.blocks-8.prefetch-budget-8.rank-reject_first.samples10.maxnew3072.seed10086.subtreePrefetch.vllm.log,1023392,469,100,1.4992855243174605,1.2280704,1.7056533333333332,5.11696,,,
PreSTO-PowerMH,smallest_cut_diff,8,/Users/jiangnanhugo/workspace/power-sharpening/Subtree-Prefetching-Power-Sharpening/case_studies/logs/math500/2026-08-08/vllm/dataset-math500.model-qwen.alpha4.0.steps100.blocks-8.prefetch-budget-8.rank-smallest_cut_diff.samples10.maxnew3072.seed10086.subtreePrefetch.vllm.log,1023392,503,100,1.6004473804906205,1.3645226666666666,1.8250490666666668,5.11696,,,
