rank,mh_iteration,trace_count,mean_empirical_seconds_per_call,std_empirical_seconds_per_call
accept_first,1,10,6.424899999999999,2.5788441187650117
accept_first,2,10,6.33155,2.637178231557359
accept_first,3,10,6.32305,2.7432227342023183
accept_first,4,10,6.6171999999999995,2.9783263682067407
accept_first,5,10,6.635066666666667,2.997040810285792
accept_first,6,10,6.7063500000000005,2.919988078626518
accept_first,7,10,6.80565,2.99103453777666
accept_first,8,10,6.9035416666666665,2.982664390978804
accept_first,9,10,6.966331666666666,2.915376665735355
accept_first,10,10,6.983356666666667,2.9019926377649505
accept_first,11,10,6.976923333333334,2.894514556542606
accept_first,12,10,6.974873333333333,2.895867874978645
accept_first,13,10,6.90324238095238,2.8324668934475548
accept_first,14,10,6.886450714285715,2.7828084092572687
accept_first,15,10,6.88308880952381,2.8389961913145245
accept_first,16,10,6.88308880952381,2.8389961913145245
accept_first,17,10,6.912473571428572,2.85938645176632
accept_first,18,10,6.929125714285715,2.87231704777498
accept_first,19,10,6.9088585714285715,2.8828278968659253
accept_first,20,10,6.920181865079366,2.812233079574248
accept_first,21,10,6.911431865079365,2.7526130736341754
accept_first,22,10,6.926074246031746,2.7348470724032254
accept_first,23,10,6.93544792929293,2.7289385569559976
accept_first,24,10,6.89199792929293,2.6465781588403843
accept_first,25,10,6.843261031746032,2.5898860455021624
accept_first,26,10,6.845019920634921,2.588778637251242
accept_first,27,10,6.866397597402598,2.56505856777319
accept_first,28,10,6.85729957875458,2.5748724242156413
accept_first,29,10,6.876833553113554,2.5774881405442747
accept_first,30,10,6.897696126373627,2.622107999586922
accept_first,31,10,6.9204803146853155,2.624197939860426
accept_first,32,10,6.951596552059053,2.6240887886703823
accept_first,33,10,6.955502547534165,2.619165295700244
accept_first,34,10,6.894677648544267,2.523938809197081
accept_first,35,10,6.9046642142008325,2.5319672230969896
accept_first,36,10,6.9231453463203465,2.556835054037559
accept_first,37,10,6.927512012987013,2.5528137311838055
accept_first,38,10,6.949649917027417,2.5738223167540903
accept_first,39,10,6.933805277989984,2.541798400404228
accept_first,40,10,6.947279205787334,2.528707482067536
accept_first,41,10,6.944873902757029,2.5308155868341693
accept_first,42,10,6.934323866207322,2.5014838906780374
accept_first,43,10,6.906523412837163,2.5122957456053423
accept_first,44,10,6.893141652930403,2.4823561180441933
accept_first,45,10,6.880080663919413,2.4943071985275687
accept_first,46,10,6.871054659190811,2.489459373415674
accept_first,47,10,6.879643755971225,2.5122974220635026
accept_first,48,10,6.879581681994476,2.5110074975183627
accept_first,49,10,6.896780727449022,2.5228315884891472
accept_first,50,10,6.906567797046091,2.523773418976836
accept_first,51,10,6.895473428016428,2.506150041313673
accept_first,52,10,6.893620128037597,2.5073283862880014
accept_first,53,10,6.900559874217343,2.5212885258543327
accept_first,54,10,6.908667566525035,2.531034411581156
accept_first,55,10,6.917301518439134,2.5392981444632943
accept_first,56,10,6.923433936021553,2.547067286976775
accept_first,57,10,6.9267603327826865,2.5624037040654613
accept_first,58,10,6.929675210254142,2.5593046286490644
accept_first,59,10,6.933943302597785,2.5739737924432062
accept_first,60,10,6.949913492063493,2.5837953178450364
accept_first,61,10,6.959246569548872,2.5915568864508947
accept_first,62,10,6.947194321649713,2.577528797749664
accept_first,63,10,6.939236025910364,2.5843615342262383
accept_first,64,10,6.943529460445468,2.5991402408372566
accept_first,65,10,6.947712783521304,2.601772396790036
accept_first,66,10,6.933748861062211,2.5843557725633004
accept_first,67,10,6.9369441814934145,2.582247998897103
accept_first,68,10,6.945195746674822,2.5929713648344617
accept_first,69,10,6.956397849849426,2.599113771070933
accept_first,70,10,6.959473683182759,2.603338171407059
accept_first,71,10,6.940655729966385,2.588466832206722
accept_first,72,10,6.94233362851711,2.5870354519744394
accept_first,73,10,6.95343596646534,2.5808837941178377
accept_first,74,10,6.9368593084057695,2.5610490010205296
accept_first,75,10,6.952505420032876,2.576098531065222
accept_first,76,10,6.9540850866995445,2.5747475578931738
accept_first,77,10,6.947623442077957,2.5604203342982577
accept_first,78,10,6.964796401660999,2.5646726840298717
accept_first,79,10,6.969861722687424,2.5604329059624904
accept_first,80,10,6.966657801118798,2.555885983108767
accept_first,81,10,6.966657801118798,2.555885983108767
accept_first,82,10,6.958465361513687,2.5515636303482854
accept_first,83,10,6.941419662835173,2.52454053375828
accept_first,84,10,6.940729629612582,2.5256782778448494
accept_first,85,10,6.933890460406586,2.544020727898034
accept_first,86,10,6.941855352219754,2.5473930115457666
accept_first,87,10,6.939729206535363,2.563508093187812
accept_first,88,10,6.934070448893645,2.5687170068017497
accept_first,89,10,6.9376032417629165,2.572442321818212
accept_first,90,10,6.9256083654696186,2.557699873577393
accept_first,91,10,6.9301547331712925,2.568329296095636
accept_first,92,10,6.929706620523072,2.568464869675505
accept_first,93,10,6.934951066399035,2.5749659005301555
accept_first,94,10,6.935306573645411,2.5745977241891715
accept_first,95,10,6.919133312324893,2.5518843824546953
accept_first,96,10,6.922978636855566,2.5482767802764044
accept_first,97,10,6.9132246840428095,2.553599877279466
accept_first,98,10,6.9093097992252455,2.55749826950685
accept_first,99,10,6.903022809977934,2.5626353331097107
accept_first,100,10,6.874194337911208,2.5432546589428164
bfs_reject_first,1,10,5.6052,2.1484833306828848
bfs_reject_first,2,10,5.533399999999999,2.1918358717953517
bfs_reject_first,3,10,5.52785,2.192197021381873
bfs_reject_first,4,10,5.8342833333333335,2.375227058736818
bfs_reject_first,5,10,5.817183333333333,1.9095161116250252
bfs_reject_first,6,10,5.956666666666667,2.054396822054867
bfs_reject_first,7,10,5.923966666666667,1.878738895714784
bfs_reject_first,8,10,5.847733333333333,1.788871330486639
bfs_reject_first,9,10,5.893291666666667,1.7379585260726926
bfs_reject_first,10,10,5.827883333333333,1.6217378620510396
bfs_reject_first,11,10,5.864646666666667,1.6995277638359965
bfs_reject_first,12,10,6.054955,1.9200926444991857
bfs_reject_first,13,10,6.07252,1.9087751099967774
bfs_reject_first,14,10,6.07864,1.9363199631686474
bfs_reject_first,15,10,6.08265,1.9339733296704336
bfs_reject_first,16,10,6.152983333333333,1.8586133482774359
bfs_reject_first,17,10,6.216363571428571,1.9311103831415517
bfs_reject_first,18,10,6.234204761904762,1.914860405490961
bfs_reject_first,19,10,6.257797023809523,1.9872045824235818
bfs_reject_first,20,10,6.27100615079365,1.9743068240673989
bfs_reject_first,21,10,6.274545079365079,1.9715042288264593
bfs_reject_first,22,10,6.274203571428571,1.9716382781839066
bfs_reject_first,23,10,6.263764758297258,1.9826310337387592
bfs_reject_first,24,10,6.302949282106782,2.0615627549131657
bfs_reject_first,25,10,6.326156742424242,2.115732310259503
bfs_reject_first,26,10,6.342313611111111,2.1008758325094252
bfs_reject_first,27,10,6.343609764957265,2.0997513085836568
bfs_reject_first,28,10,6.342102463369963,2.1016681004996367
bfs_reject_first,29,10,6.333667023809523,2.109972094679075
bfs_reject_first,30,10,6.350071266233766,2.1437369065602
bfs_reject_first,31,10,6.372108012265512,2.1658391162901403
bfs_reject_first,32,10,6.36993579004329,2.1893442892842776
bfs_reject_first,33,10,6.375184520202021,2.185893792962399
bfs_reject_first,34,10,6.398978257575758,2.2064315334396203
bfs_reject_first,35,10,6.394464646464646,2.211341456337105
bfs_reject_first,36,10,6.399251641414141,2.2380418278922996
bfs_reject_first,37,10,6.391671424327307,2.232380089389218
bfs_reject_first,38,10,6.3906249062049065,2.2442533209154054
bfs_reject_first,39,10,6.401818610453873,2.2350728316755095
bfs_reject_first,40,10,6.426093084138084,2.258017211902592
bfs_reject_first,41,10,6.4371307104007105,2.2916177171104946
bfs_reject_first,42,10,6.402374981684981,2.2464950341431584
bfs_reject_first,43,10,6.3955967765567765,2.251493760192811
bfs_reject_first,44,10,6.404220906593406,2.235012947202706
bfs_reject_first,45,10,6.420184834332335,2.256537928213835
bfs_reject_first,46,10,6.433282327998088,2.2716367074785224
bfs_reject_first,47,10,6.441504478854479,2.2958937998161995
bfs_reject_first,48,10,6.442221550283049,2.2940704692012983
bfs_reject_first,49,10,6.443557088744589,2.292697139066063
bfs_reject_first,50,10,6.460634324194324,2.298297908238084
bfs_reject_first,51,10,6.467440937950938,2.291756544763508
bfs_reject_first,52,10,6.479236275946276,2.305828567722383
bfs_reject_first,53,10,6.462394352869353,2.2707673333376843
bfs_reject_first,54,10,6.463140165677234,2.2713259033104047
bfs_reject_first,55,10,6.468200071139419,2.2675469734333866
bfs_reject_first,56,10,6.47064251161561,2.282203599225088
bfs_reject_first,57,10,6.472707346780444,2.2807440364137634
bfs_reject_first,58,10,6.508263711159531,2.303387139569019
bfs_reject_first,59,10,6.5146011557315235,2.3197852982846503
bfs_reject_first,60,10,6.518797805420261,2.3154521186911845
bfs_reject_first,61,10,6.516129442417165,2.317687591773108
bfs_reject_first,62,10,6.518772299560022,2.3158197067565953
bfs_reject_first,63,10,6.516916202416864,2.296570818618115
bfs_reject_first,64,10,6.522753576154239,2.2913250702793415
bfs_reject_first,65,10,6.547665554176215,2.3132625909670423
bfs_reject_first,66,10,6.547665554176215,2.3132625909670423
bfs_reject_first,67,10,6.548076437004072,2.326302753088372
bfs_reject_first,68,10,6.559127198080986,2.345478173709201
bfs_reject_first,69,10,6.558902344279818,2.3456835773904046
bfs_reject_first,70,10,6.559415470846234,2.3603825321465393
bfs_reject_first,71,10,6.562762049793602,2.357703439437
bfs_reject_first,72,10,6.57793428718856,2.368365951784608
bfs_reject_first,73,10,6.572787182425418,2.3729799651743413
bfs_reject_first,74,10,6.590033112630833,2.38978337726972
bfs_reject_first,75,10,6.603527364781661,2.4001670757626
bfs_reject_first,76,10,6.604541132897603,2.399347873150451
bfs_reject_first,77,10,6.605782962962962,2.3984646891429975
bfs_reject_first,78,10,6.59596306465517,2.3862899464523095
bfs_reject_first,79,10,6.607250547822548,2.390629835103739
bfs_reject_first,80,10,6.60848428601418,2.3893726636439867
bfs_reject_first,81,10,6.646042032838163,2.420703416346832
bfs_reject_first,82,10,6.638528396474527,2.4265415606815735
bfs_reject_first,83,10,6.6311982746181615,2.431679901167061
bfs_reject_first,84,10,6.643003626972778,2.44341488132839
bfs_reject_first,85,10,6.655668084610776,2.453554689858628
bfs_reject_first,86,10,6.656259867995296,2.4531920432689263
bfs_reject_first,87,10,6.6288031371365275,2.436641530799101
bfs_reject_first,88,10,6.630181035687253,2.4355201567904916
bfs_reject_first,89,10,6.6359673584477985,2.4303664421613025
bfs_reject_first,90,10,6.646606275917065,2.435921080684541
bfs_reject_first,91,10,6.6555872282980175,2.447123139215073
bfs_reject_first,92,10,6.679744475772765,2.466206010174483
bfs_reject_first,93,10,6.687350418762864,2.4728196495636263
bfs_reject_first,94,10,6.6845307615048,2.4751684180149205
bfs_reject_first,95,10,6.690598284747168,2.469791325318566
bfs_reject_first,96,10,6.68837652056277,2.4720184196142867
bfs_reject_first,97,10,6.673544218990104,2.45855131854275
bfs_reject_first,98,10,6.673544218990104,2.45855131854275
bfs_reject_first,99,10,6.663006065143951,2.4680535817240963
bfs_reject_first,100,10,6.613730371866639,2.4159990227462127
longest_path_first,1,10,7.3797,3.686687102113344
longest_path_first,2,10,7.5399,4.01419764917806
longest_path_first,3,10,7.62115,3.9367314138762373
longest_path_first,4,10,7.5986,3.6003443552725907
longest_path_first,5,10,7.525,3.515135731358967
longest_path_first,6,10,7.635724999999999,3.4116219862753923
longest_path_first,7,10,7.606566666666666,3.3827325223246056
longest_path_first,8,10,7.612051666666666,3.3775810910612405
longest_path_first,9,10,7.563966666666667,3.1974601123488195
longest_path_first,10,10,7.539775000000001,3.1970074923186145
longest_path_first,11,10,7.4050440476190476,3.111235787574353
longest_path_first,12,10,7.325321666666666,2.9723886590684336
longest_path_first,13,10,7.2993194444444445,3.001028760915595
longest_path_first,14,10,7.354469444444445,3.0320551970024807
longest_path_first,15,10,7.305440158730159,2.954967945265564
longest_path_first,16,10,7.4136975,2.9752503905472203
longest_path_first,17,10,7.3705725,2.9626294590197046
longest_path_first,18,10,7.380298888888889,2.951225703265896
longest_path_first,19,10,7.389898888888889,2.9573380556373645
longest_path_first,20,10,7.356545317460318,2.949955469841269
longest_path_first,21,10,7.370364484126983,2.938697150341417
longest_path_first,22,10,7.399197222222222,3.026824544043115
longest_path_first,23,10,7.387710858585858,3.03776509968641
longest_path_first,24,10,7.404729191919192,3.019429144964148
longest_path_first,25,10,7.434709191919191,3.0398380305107553
longest_path_first,26,10,7.415452077922078,3.041506914091129
longest_path_first,27,10,7.384216363636364,3.0251626661591713
longest_path_first,28,10,7.429513441558441,3.0646173550760762
longest_path_first,29,10,7.417530561660561,3.028676505312705
longest_path_first,30,10,7.421236117216118,3.02579121387151
longest_path_first,31,10,7.411803287545787,3.0315642305130317
longest_path_first,32,10,7.42290804945055,3.041003593538104
longest_path_first,33,10,7.4412936266511265,3.0346247721440585
longest_path_first,34,10,7.445414637862138,2.997617430343927
longest_path_first,35,10,7.443445086580087,3.0000541429022247
longest_path_first,36,10,7.489067308802309,3.0979594842231335
longest_path_first,37,10,7.491254430014431,3.0962947260428937
longest_path_first,38,10,7.5082395815295815,3.1106843663534773
longest_path_first,39,10,7.5107025721500715,3.0943713902456906
longest_path_first,40,10,7.516342095959596,3.0887950462319216
longest_path_first,41,10,7.520092166346726,3.1374239070688668
longest_path_first,42,10,7.523154666346725,3.140048639555148
longest_path_first,43,10,7.5427815112665115,3.1463366101592594
longest_path_first,44,10,7.526329588189588,3.154382963507827
longest_path_first,45,10,7.5561282003960955,3.172359893193191
longest_path_first,46,10,7.596115578018472,3.2357846695752834
longest_path_first,47,10,7.609454488274883,3.2362798636786216
longest_path_first,48,10,7.618358747349143,3.2488734046559333
longest_path_first,49,10,7.630974847915243,3.2522598036892405
longest_path_first,50,10,7.639771514581909,3.2591144709229427
longest_path_first,51,10,7.64801776458191,3.2531172113104327
longest_path_first,52,10,7.639277601858926,3.254390555406661
longest_path_first,53,10,7.627485115864528,3.2464799841313803
longest_path_first,54,10,7.63253987776929,3.2413849471057063
longest_path_first,55,10,7.624120056340717,3.2349472450675436
longest_path_first,56,10,7.627133875838214,3.2646692228524543
longest_path_first,57,10,7.63171304250488,3.260079049276859
longest_path_first,58,10,7.623693070017862,3.2494627979791315
longest_path_first,59,10,7.626039802044007,3.2472525079908574
longest_path_first,60,10,7.652431075207117,3.2503043063323203
longest_path_first,61,10,7.643955514342039,3.26003417793655
longest_path_first,62,10,7.681995739905949,3.310270167604635
longest_path_first,63,10,7.704296251601855,3.3167463527801977
longest_path_first,64,10,7.713972600987764,3.3237701127482913
longest_path_first,65,10,7.710470934321097,3.3277749642205774
longest_path_first,66,10,7.720490423031561,3.345190229415714
longest_path_first,67,10,7.723342265136824,3.3423046007381796
longest_path_first,68,10,7.70900804945055,3.29116229905229
longest_path_first,69,10,7.72223791958042,3.2951794631158156
longest_path_first,70,10,7.731640139468375,3.3005238305473448
longest_path_first,71,10,7.746712841897525,3.333561054063034
longest_path_first,72,10,7.754896030550976,3.3257187953598564
longest_path_first,73,10,7.7650011230728335,3.334403514809647
longest_path_first,74,10,7.756959456406167,3.331851974164895
longest_path_first,75,10,7.766619875256323,3.335046994424694
longest_path_first,76,10,7.770020382190493,3.3132809299015813
longest_path_first,77,10,7.770348247803142,3.3129702017767215
longest_path_first,78,10,7.772223374850009,3.311156239033807
longest_path_first,79,10,7.773028924355957,3.3179288542027376
longest_path_first,80,10,7.77458200180765,3.3235099082675683
longest_path_first,81,10,7.776601822399856,3.340277983928649
longest_path_first,82,10,7.764872433158311,3.3264784224383477
longest_path_first,83,10,7.757191236577114,3.3243341476018737
longest_path_first,84,10,7.776152781517363,3.342813608034048
longest_path_first,85,10,7.770067448184031,3.3488826535215663
longest_path_first,86,10,7.7681334506902955,3.3472116631736504
longest_path_first,87,10,7.768984989557227,3.345849206180135
longest_path_first,88,10,7.778887224087403,3.3426477740529537
longest_path_first,89,10,7.7696048524720895,3.344256210727211
longest_path_first,90,10,7.7730494867724875,3.3508819846054747
longest_path_first,91,10,7.775099962962964,3.352699101998356
longest_path_first,92,10,7.778500074074074,3.348510712255232
longest_path_first,93,10,7.778500074074074,3.348510712255232
longest_path_first,94,10,7.788818654524219,3.3589136768901087
longest_path_first,95,10,7.782880969795156,3.3575829135814335
longest_path_first,96,10,7.757833764510886,3.340777089981985
longest_path_first,97,10,7.743063280096361,3.334504795457035
longest_path_first,98,10,7.724690385495899,3.3410553843691733
longest_path_first,99,10,7.724690385495899,3.3410553843691733
longest_path_first,100,10,7.667279109186,3.238513411881394
reject_first,1,10,5.1241,1.3865826456916779
reject_first,2,10,5.7827,1.8212182308675817
reject_first,3,10,5.766183333333333,1.773786544790968
reject_first,4,10,5.898333333333333,1.7189084297352244
reject_first,5,10,5.902076666666667,1.7293910367097003
reject_first,6,10,5.99011,1.9968233219352913
reject_first,7,10,5.9831883333333336,1.9466944900829037
reject_first,8,10,5.9954454761904765,2.008619453740274
reject_first,9,10,5.966827261904762,1.807652483285695
reject_first,10,10,5.980993928571428,1.7900664188959856
reject_first,11,10,6.005301666666666,1.843607483928262
reject_first,12,10,5.989389166666667,1.8611654089759655
reject_first,13,10,5.989498293650794,1.7948009634154998
reject_first,14,10,6.067691904761905,1.872482942814572
reject_first,15,10,6.1088924711399715,1.8984657033114836
reject_first,16,10,6.101120263347764,1.8541342129755138
reject_first,17,10,6.08194672993673,1.8462133825280478
reject_first,18,10,6.0641346398046405,1.8772715818122947
reject_first,19,10,6.055678488455988,1.889682882993918
reject_first,20,10,6.094171388888889,1.8846142980854457
reject_first,21,10,6.103976303418803,1.8708265266093602
reject_first,22,10,6.125948108974359,1.909457936319479
reject_first,23,10,6.143562419557567,1.9335371618571073
reject_first,24,10,6.211786861194361,1.9969998317988527
reject_first,25,10,6.2344841728447,2.0489115965553624
reject_first,26,10,6.246771313131314,2.045935666137387
reject_first,27,10,6.24882525290499,2.0200101259842076
reject_first,28,10,6.242870324675325,2.0207404006913032
reject_first,29,10,6.246482683982684,2.018606179095291
reject_first,30,10,6.25175367965368,2.0127500425219385
reject_first,31,10,6.249035893092414,2.016620899019017
reject_first,32,10,6.235510453272218,2.0292814009843534
reject_first,33,10,6.242599119938885,2.0494070015130132
reject_first,34,10,6.27926901554328,2.086305861111588
reject_first,35,10,6.274121022414405,2.0715818804570882
reject_first,36,10,6.280131936663554,2.0808168345300198
reject_first,37,10,6.277931031623176,2.084004840979404
reject_first,38,10,6.279698983498886,2.0827632526664264
reject_first,39,10,6.291217086947162,2.112114605921968
reject_first,40,10,6.274421697607518,2.1028769602927966
reject_first,41,10,6.29129933201612,2.1256060905167957
reject_first,42,10,6.28874933201612,2.1285948353918496
reject_first,43,10,6.29688373646778,2.1429986424645686
reject_first,44,10,6.29873382559434,2.1408098880149335
reject_first,45,10,6.318735091923041,2.1556891175098456
reject_first,46,10,6.323816181176925,2.1504094182452533
reject_first,47,10,6.336381025641026,2.1646831311237826
reject_first,48,10,6.33273032382585,2.16612926872875
reject_first,49,10,6.329074760367655,2.169127699466646
reject_first,50,10,6.328713380566802,2.1694189319343096
reject_first,51,10,6.3284964189319455,2.168098754058155
reject_first,52,10,6.33018332369385,2.166842990536184
reject_first,53,10,6.323072142857143,2.1727427635503758
reject_first,54,10,6.326802092641935,2.1700929405864766
reject_first,55,10,6.3337248561692565,2.1801971869165127
reject_first,56,10,6.327557151919896,2.158252124198754
reject_first,57,10,6.32201975704932,2.1610843728508233
reject_first,58,10,6.324551143578644,2.1579280219250765
reject_first,59,10,6.318865416117698,2.140477091836679
reject_first,60,10,6.31326571383168,2.145343721683942
reject_first,61,10,6.294299930532853,2.122755855008818
reject_first,62,10,6.302364937831756,2.1169788495876136
reject_first,63,10,6.296698516861264,2.0993731749468965
reject_first,64,10,6.300740476618411,2.0953013314750177
reject_first,65,10,6.316603809951744,2.1117356655575863
reject_first,66,10,6.31813023153706,2.1125020495906126
reject_first,67,10,6.323554449997689,2.1076314839476584
reject_first,68,10,6.315615977132625,2.114887955476016
reject_first,69,10,6.319832239081438,2.1116368499914997
reject_first,70,10,6.330548712578271,2.125761030366958
reject_first,71,10,6.35264921989665,2.15206184014435
reject_first,72,10,6.358881229580404,2.1663285469397406
reject_first,73,10,6.357226958907081,2.168095768793007
reject_first,74,10,6.3549728033721395,2.1703791183477454
reject_first,75,10,6.347929254647314,2.165813147977077
reject_first,76,10,6.338540887680947,2.158280487104897
reject_first,77,10,6.339035769755208,2.158234553468814
reject_first,78,10,6.339537398579334,2.1667074067991554
reject_first,79,10,6.33737581229713,2.1688148216796193
reject_first,80,10,6.334199096369379,2.1717802500282417
reject_first,81,10,6.336256240032369,2.1705236637390337
reject_first,82,10,6.341398246722586,2.1661678087426224
reject_first,83,10,6.336811019306391,2.1698047218816194
reject_first,84,10,6.337818342247787,2.1695821696845083
reject_first,85,10,6.337409334762216,2.1704112605494523
reject_first,86,10,6.34641249582319,2.1862445068600866
reject_first,87,10,6.349398016756635,2.1837455866306756
reject_first,88,10,6.348937778749029,2.1839525725685656
reject_first,89,10,6.348446350177601,2.184337106726779
reject_first,90,10,6.361218251774541,2.192162452749773
reject_first,91,10,6.359019744957667,2.193722533244182
reject_first,92,10,6.369354895526397,2.212789152158255
reject_first,93,10,6.3833691269465,2.22518136689998
reject_first,94,10,6.384795480222853,2.2241561873748457
reject_first,95,10,6.382445876957875,2.2264192629419286
reject_first,96,10,6.379403805076268,2.22864018260997
reject_first,97,10,6.379474201413908,2.2289616149618086
reject_first,98,10,6.373961541385458,2.2334623291917315
reject_first,99,10,6.3725685524800095,2.2344934076484075
reject_first,100,10,6.367658833809933,2.240189101016445
smallest_cut_diff,1,10,7.5438,4.215635652609883
smallest_cut_diff,2,10,7.7324,4.174227924618715
smallest_cut_diff,3,10,7.647133333333334,4.1378499253764955
smallest_cut_diff,4,10,7.666016666666667,4.165227564218838
smallest_cut_diff,5,10,7.3537316666666666,3.2913623209461194
smallest_cut_diff,6,10,7.325621666666666,3.2018314377468133
smallest_cut_diff,7,10,7.300931666666666,3.1523336991357356
smallest_cut_diff,8,10,7.283814761904762,3.1232143197132145
smallest_cut_diff,9,10,7.157341666666666,3.0544723985953555
smallest_cut_diff,10,10,7.179282857142857,3.1472257830091057
smallest_cut_diff,11,10,7.209497023809524,3.1311296639171315
smallest_cut_diff,12,10,7.208867023809523,3.1462435628834275
smallest_cut_diff,13,10,7.222248809523809,3.1945791035218325
smallest_cut_diff,14,10,7.2498538095238105,3.209615160168256
smallest_cut_diff,15,10,7.279999166666667,3.162670584357125
smallest_cut_diff,16,10,7.3035436935286935,3.1730666413339974
smallest_cut_diff,17,10,7.2983881651681655,3.1507708013856943
smallest_cut_diff,18,10,7.310472597402597,3.1516368637942582
smallest_cut_diff,19,10,7.316084610389611,3.153808263692818
smallest_cut_diff,20,10,7.29501079059829,3.092339710151809
smallest_cut_diff,21,10,7.351524123931624,3.1711124898728
smallest_cut_diff,22,10,7.33480329059829,3.160354555286879
smallest_cut_diff,23,10,7.35094222943723,3.1627274067502773
smallest_cut_diff,24,10,7.419632149517151,3.2548649085062102
smallest_cut_diff,25,10,7.4108032534132535,3.254220824737228
smallest_cut_diff,26,10,7.42043151098901,3.2641615439669636
smallest_cut_diff,27,10,7.415982981577247,3.271096344293955
smallest_cut_diff,28,10,7.427109166666666,3.281158351255374
smallest_cut_diff,29,10,7.438592774977001,3.2831069211442876
smallest_cut_diff,30,10,7.455460028918449,3.2916753035461994
smallest_cut_diff,31,10,7.458569149315596,3.282102972517569
smallest_cut_diff,32,10,7.399978199914121,3.1510543619458105
smallest_cut_diff,33,10,7.409321362870091,3.157518951164702
smallest_cut_diff,34,10,7.445502131554376,3.157072933007162
smallest_cut_diff,35,10,7.434330270443264,3.1550927372215383
smallest_cut_diff,36,10,7.406396766747184,3.1344531777510394
smallest_cut_diff,37,10,7.413072074446022,3.1332833791340926
smallest_cut_diff,38,10,7.384531477177793,3.1278183247087403
smallest_cut_diff,39,10,7.419575512265513,3.1872931262943314
smallest_cut_diff,40,10,7.408562676008202,3.1783158520797996
smallest_cut_diff,41,10,7.414567892458419,3.182426473277995
smallest_cut_diff,42,10,7.4015558874458875,3.1215539221027218
smallest_cut_diff,43,10,7.411439280067758,3.173361473536341
smallest_cut_diff,44,10,7.39724181253529,3.1680023933045343
smallest_cut_diff,45,10,7.39845890739695,3.172411205414569
smallest_cut_diff,46,10,7.402226014346722,3.1801712183927693
smallest_cut_diff,47,10,7.3895443799593705,3.180619015121341
smallest_cut_diff,48,10,7.347445554141511,3.074172526165496
smallest_cut_diff,49,10,7.348402220808177,3.07303033010159
smallest_cut_diff,50,10,7.332923153679654,3.027426397604778
smallest_cut_diff,51,10,7.323901346320346,3.040534858136988
smallest_cut_diff,52,10,7.326948850776674,3.0369051297511134
smallest_cut_diff,53,10,7.333809927699751,3.0461888446993615
smallest_cut_diff,54,10,7.313107891861762,3.017912833891439
smallest_cut_diff,55,10,7.3219603989842685,3.0515089668365754
smallest_cut_diff,56,10,7.320994231481481,3.0513851320868866
smallest_cut_diff,57,10,7.328567898148148,3.0531477696011806
smallest_cut_diff,58,10,7.325542672922923,3.05671259743454
smallest_cut_diff,59,10,7.339458493964612,3.055419060961239
smallest_cut_diff,60,10,7.319639393435511,3.0430045058766253
smallest_cut_diff,61,10,7.319761323260073,3.042861606012049
smallest_cut_diff,62,10,7.321992582519333,3.047506734130933
smallest_cut_diff,63,10,7.337735914165103,3.0441876882932806
smallest_cut_diff,64,10,7.347896589785779,3.0509584040184885
smallest_cut_diff,65,10,7.351712239235214,3.056663562306833
smallest_cut_diff,66,10,7.35239371426425,3.05586484442926
smallest_cut_diff,67,10,7.346372947068483,3.051732599584058
smallest_cut_diff,68,10,7.331086398099676,3.065660325472485
smallest_cut_diff,69,10,7.330102923396753,3.05489087180518
smallest_cut_diff,70,10,7.317570862715497,3.066685164333964
smallest_cut_diff,71,10,7.323984442486672,3.0680901914473973
smallest_cut_diff,72,10,7.330037969524996,3.0618519814246254
smallest_cut_diff,73,10,7.329443013391189,3.063182920635204
smallest_cut_diff,74,10,7.325506435574229,3.0586311506804242
smallest_cut_diff,75,10,7.3158890919059925,3.0531293257692687
smallest_cut_diff,76,10,7.314042987473312,3.0517729208025863
smallest_cut_diff,77,10,7.333243351109675,3.0770921004346414
smallest_cut_diff,78,10,7.308143072747396,3.0683779904174346
smallest_cut_diff,79,10,7.304640889431991,3.061997202496393
smallest_cut_diff,80,10,7.306662118482876,3.0598902523551277
smallest_cut_diff,81,10,7.313684050176114,3.0620411554036897
smallest_cut_diff,82,10,7.30204099952396,3.0655266950105178
smallest_cut_diff,83,10,7.30204099952396,3.0655266950105178
smallest_cut_diff,84,10,7.30784629587981,3.064805771997609
smallest_cut_diff,85,10,7.320273488862267,3.0937729679928303
smallest_cut_diff,86,10,7.336613209250238,3.1282922923690477
smallest_cut_diff,87,10,7.330461291918364,3.1192141932414374
smallest_cut_diff,88,10,7.324934995977363,3.1210660725028267
smallest_cut_diff,89,10,7.326025123921276,3.1241232972353674
smallest_cut_diff,90,10,7.323752018249019,3.12717898208567
smallest_cut_diff,91,10,7.321020357982194,3.12950838480108
smallest_cut_diff,92,10,7.324570471849375,3.1314960454220087
smallest_cut_diff,93,10,7.337625846303384,3.1554841997011955
smallest_cut_diff,94,10,7.335577107597645,3.1542931207503675
smallest_cut_diff,95,10,7.333440815424906,3.156507222269753
smallest_cut_diff,96,10,7.327237022321458,3.1530204709701284
smallest_cut_diff,97,10,7.327194683626487,3.1529586744020537
smallest_cut_diff,98,10,7.310499825253153,3.154637263426467
smallest_cut_diff,99,10,7.305245045965931,3.1596230814789483
smallest_cut_diff,100,10,7.2722786327554845,3.139120710696928
