rank,mh_iteration,trace_count,mean_mh_transitions_per_call,std_mh_transitions_per_call
accept_first,1,20,1.0,0.0
accept_first,2,20,1.65,0.4893604849295929
accept_first,3,20,2.125,0.8251794063302713
accept_first,4,20,2.333333333333333,1.0259783520851542
accept_first,5,20,2.75,1.2121461321202305
accept_first,6,20,2.925,1.4443629081800446
accept_first,7,20,3.033333333333333,1.5445149127766535
accept_first,8,20,3.2600000000000002,1.824319147210047
accept_first,9,20,3.3825000000000003,2.0609958630158434
accept_first,10,20,3.3583333333333334,1.7854799344969488
accept_first,11,20,3.556666666666667,2.016578945460567
accept_first,12,20,3.53,2.2806047212826783
accept_first,13,20,3.5424999999999995,2.4313406584970396
accept_first,14,20,3.6416666666666666,2.687351247073259
accept_first,15,20,3.6267857142857145,2.8031906738238668
accept_first,16,20,3.7285714285714286,3.020821249528284
accept_first,17,20,3.850297619047619,3.2020914580415982
accept_first,18,20,3.766428571428572,3.3953822024555467
accept_first,19,20,3.888214285714286,3.6072568345972122
accept_first,20,20,3.9523809523809526,3.8319125933929845
accept_first,21,20,3.5117045454545455,1.7752335177430845
accept_first,22,20,3.5615079365079367,1.878126523438236
accept_first,23,20,3.6576388888888887,1.9929386076144975
accept_first,24,20,3.7233333333333336,2.1107818852464075
accept_first,25,20,3.7039592352092354,2.1779852918130564
accept_first,26,20,3.5677922077922077,1.4034969371228259
accept_first,27,20,3.6385377122877123,1.456428512381965
accept_first,28,20,3.618888888888889,1.1195765234868138
accept_first,29,20,3.510982905982906,0.8661143527934352
accept_first,30,20,3.576748251748252,0.9107961643214728
accept_first,31,20,3.6068813131313133,0.9870988946483547
accept_first,32,20,3.607676767676767,0.8895750528355875
accept_first,33,20,3.5701076007326007,0.8655890670232099
accept_first,34,20,3.510991092241092,0.7481090036939672
accept_first,35,20,3.520524961149961,0.7398436329033898
accept_first,36,20,3.5496036316624555,0.7750568392460698
accept_first,37,20,3.5699524699157053,0.7992331585012133
accept_first,38,20,3.5736370818723757,0.8226740662333221
accept_first,39,20,3.532903934300993,0.8067847480645064
accept_first,40,20,3.547178638355109,0.7037526944052375
accept_first,41,20,3.57945019935345,0.7230410929606134
accept_first,42,20,3.610276590025042,0.7507276849523082
accept_first,43,20,3.6163256297795767,0.7874856728089622
accept_first,44,20,3.605346860741598,0.7334181073829009
accept_first,45,20,3.577461779706362,0.6769630104414301
accept_first,46,20,3.586563060692318,0.7178108581702061
accept_first,47,20,3.6230545720619247,0.7596042903023017
accept_first,48,20,3.602805821629351,0.7682605866894422
accept_first,49,20,3.6242516796928563,0.7866186453690222
accept_first,50,20,3.620844433344433,0.7921003844949992
accept_first,51,20,3.629465326340326,0.7358326880992271
accept_first,52,20,3.6323279008573124,0.7318493216520641
accept_first,53,20,3.6333439626604083,0.7458816341077427
accept_first,54,20,3.6382885997768555,0.7811462044424308
accept_first,55,20,3.645862169091658,0.7247265828867403
accept_first,56,20,3.6670778997404385,0.7380116416772239
accept_first,57,20,3.6662655610587196,0.7333068637839895
accept_first,58,20,3.68023008575233,0.72738640179469
accept_first,59,20,3.660693666713404,0.7419413887701439
accept_first,60,20,3.6621173125120494,0.7138090673707802
accept_first,61,20,3.6900281231925964,0.7502094993111964
accept_first,62,20,3.703779179913081,0.7671208176431243
accept_first,63,20,3.717295387790744,0.7641447236048338
accept_first,64,20,3.7339498158074007,0.773192609265402
accept_first,65,20,3.713919765806376,0.7771618058225875
accept_first,66,20,3.748140326305961,0.7849424918033473
accept_first,67,20,3.716509612948728,0.7752129241165533
accept_first,68,20,3.7010142972136975,0.744818371571916
accept_first,69,20,3.702175918855352,0.7555496309177341
accept_first,70,20,3.738550078053701,0.786534008950254
accept_first,71,20,3.75316523578365,0.797861870719985
accept_first,72,20,3.7445232797315264,0.8137645699264524
accept_first,73,20,3.7198201702514,0.7737051812112384
accept_first,74,20,3.7627938986668794,0.798447808037166
accept_first,75,20,3.7687187458495424,0.8037802856173226
accept_first,76,20,3.7663313887342844,0.8285537450270299
accept_first,77,20,3.7530250554095113,0.8282808202759463
accept_first,78,20,3.797834188931796,0.845537871460343
accept_first,79,20,3.7728629777680203,0.8203822089570603
accept_first,80,20,3.7862564170896382,0.8279256997942479
accept_first,81,20,3.787760649501654,0.837445302095839
accept_first,82,20,3.7870838053682077,0.8429822803435055
accept_first,83,20,3.8124657492016305,0.8590345425550087
accept_first,84,20,3.818840692775784,0.8682555755584687
accept_first,85,20,3.7924154557128693,0.8035157183311831
accept_first,86,20,3.7871766125588904,0.8153792948084625
accept_first,87,20,3.815601384302061,0.8264159209963071
accept_first,88,20,3.825213359873801,0.8448348283024277
accept_first,89,20,3.820845993308711,0.8444684215918696
accept_first,90,20,3.8459973087583905,0.8610498091356792
accept_first,91,20,3.8484422932536555,0.8327466707926645
accept_first,92,20,3.8676292780248884,0.8542150475846915
accept_first,93,20,3.848895160033057,0.8532495218974738
accept_first,94,20,3.8718615981057583,0.8687301981616539
accept_first,95,20,3.875104601312683,0.8863883997523686
accept_first,96,20,3.859703851048488,0.8562494775762414
accept_first,97,20,3.869512392486043,0.8549944137327726
accept_first,98,20,3.880427550636849,0.8736997854978005
accept_first,99,20,3.9027160226943414,0.8896281792783797
accept_first,100,20,3.92181396262784,0.9035130908786336
