rank,mh_iteration,trace_count,subtree_mean_calls,subtree_std_calls,power_mh_cumulative_calls
accept_first,0,20,0.0,0.0,0
accept_first,1,20,1.0,0.0,1
accept_first,2,20,1.2,0.41039134083406165,2
accept_first,3,20,1.45,0.5104177855340404,3
accept_first,4,20,1.75,0.6386663736585051,4
accept_first,5,20,2.25,0.5501196042201808,5
accept_first,6,20,2.55,0.6048053188292994,6
accept_first,7,20,2.85,0.5871429486123998,7
accept_first,8,20,3.0,0.6488856845230502,8
accept_first,9,20,3.45,0.7591546545162482,9
accept_first,10,20,3.9,0.9119095061289915,10
accept_first,11,20,4.0,1.0760551736979407,11
accept_first,12,20,4.25,1.118033988749895,12
accept_first,13,20,4.55,1.0990426455975697,13
accept_first,14,20,4.85,1.0399898784932577,14
accept_first,15,20,5.35,1.2258187382102497,15
accept_first,16,20,5.55,1.4317821063276353,16
accept_first,17,20,5.9,1.3726654823065194,17
accept_first,18,20,6.2,1.4725559590832462,18
accept_first,19,20,6.4,1.3917047478769187,19
accept_first,20,20,6.5,1.4689774459950382,20
accept_first,21,20,7.0,1.6222142113076254,21
accept_first,22,20,7.35,1.6944180805158293,22
accept_first,23,20,7.5,1.6701717529076243,23
accept_first,24,20,7.9,1.9166857359844665,24
accept_first,25,20,8.1,1.8890264827766654,25
accept_first,26,20,8.6,1.8750438591361565,26
accept_first,27,20,8.9,1.9166857359844665,27
accept_first,28,20,9.25,2.022895267471328,28
accept_first,29,20,9.5,2.139847510553276,29
accept_first,30,20,9.75,2.173403830521681,30
accept_first,31,20,10.05,2.0641042405337657,31
accept_first,32,20,10.35,2.1830688201896455,32
accept_first,33,20,10.7,2.1545545393788235,33
accept_first,34,20,11.0,2.0519567041703084,34
accept_first,35,20,11.25,2.022895267471328,35
accept_first,36,20,11.75,2.173403830521681,36
accept_first,37,20,11.95,2.139232523470435,37
accept_first,38,20,12.2,2.117595458607661,38
accept_first,39,20,12.5,2.164303704731799,39
accept_first,40,20,12.9,2.314712668311578,40
accept_first,41,20,13.0,2.2478059477960657,41
accept_first,42,20,13.3,2.273416163537063,42
accept_first,43,20,13.8,2.375311613906246,43
accept_first,44,20,13.9,2.381949665825522,44
accept_first,45,20,14.25,2.3141441523584345,45
accept_first,46,20,14.5,2.438722702779599,46
accept_first,47,20,14.95,2.394621165511528,47
accept_first,48,20,15.2,2.4192212753171978,48
accept_first,49,20,15.45,2.5230516193063135,49
accept_first,50,20,15.6,2.5422741580594415,50
accept_first,51,20,16.05,2.327750212679956,51
accept_first,52,20,16.1,2.3373399185263666,52
accept_first,53,20,16.45,2.4809802816416613,53
accept_first,54,20,16.8,2.5047323630532494,54
accept_first,55,20,17.15,2.433861994963214,55
accept_first,56,20,17.65,2.5807995497111884,56
accept_first,57,20,17.7,2.657660229362821,57
accept_first,58,20,18.0,2.5955427380922007,58
accept_first,59,20,18.2,2.6076809620810595,59
accept_first,60,20,18.55,2.6452539426400317,60
accept_first,61,20,18.8,2.745330964613039,61
accept_first,62,20,19.15,2.7003898354048617,62
accept_first,63,20,19.45,2.8372521918222215,63
accept_first,64,20,19.75,2.9535883617265144,64
accept_first,65,20,19.95,2.981963323576917,65
accept_first,66,20,20.4,2.9982451007565287,66
accept_first,67,20,20.65,2.996050031203365,67
accept_first,68,20,20.75,2.8631046821680535,68
accept_first,69,20,21.0,2.9199855803537256,69
accept_first,70,20,21.4,2.891002375793231,70
accept_first,71,20,21.75,2.9177316351468723,71
accept_first,72,20,21.85,2.942877217246665,72
accept_first,73,20,22.15,2.8887258163600893,73
accept_first,74,20,22.5,2.8377159087807518,74
accept_first,75,20,22.8,2.876401260347088,75
accept_first,76,20,23.0,2.9735677667001124,76
accept_first,77,20,23.4,2.8172401575412698,77
accept_first,78,20,23.6,2.7606254058779776,78
accept_first,79,20,23.9,2.900090742681938,79
accept_first,80,20,24.3,2.8855356157000878,80
accept_first,81,20,24.6,2.6635947218196057,81
accept_first,82,20,24.8,2.6675437154214006,82
accept_first,83,20,25.1,2.8265657049165736,83
accept_first,84,20,25.4,2.8543595465625264,84
accept_first,85,20,25.65,2.777257261172764,85
accept_first,86,20,26.15,2.814903943392441,86
accept_first,87,20,26.25,2.8996370008747827,87
accept_first,88,20,26.55,3.03445130737702,88
accept_first,89,20,27.0,3.008759142727674,89
accept_first,90,20,27.25,2.9177316351468723,90
accept_first,91,20,27.6,2.927186542164947,91
accept_first,92,20,27.85,2.8887258163600893,92
accept_first,93,20,28.0,2.901905000440047,93
accept_first,94,20,28.3,3.0796445454493266,94
accept_first,95,20,28.8,2.9486839169543524,95
accept_first,96,20,29.2,3.001753873286328,96
accept_first,97,20,29.4,3.2019730759248066,97
accept_first,98,20,29.55,3.3320611607453077,98
accept_first,99,20,29.75,3.338373382667862,99
accept_first,100,20,30.05,3.1867323637065503,100
