source_log,method,rank,prefetch_budget,sample_idx,sampler_seconds,mh_seconds,mh_calls,mh_transitions
/Users/jiangnanhugo/workspace/power-sharpening/Subtree-Prefetching-Power-Sharpening/case_studies/logs-entropycut/lcb_v6/2026-09-20/vllm/dataset-lcb_v6.model-qwen3-4b.alpha4.0.steps100.blocks-1.cut-entropy4.0.samples20.maxnew1024.seed10086.powerMH.vllm.log,EntropyCut,,1,0,223.204,216.836,100,100
/Users/jiangnanhugo/workspace/power-sharpening/Subtree-Prefetching-Power-Sharpening/case_studies/logs-entropycut/lcb_v6/2026-09-20/vllm/dataset-lcb_v6.model-qwen3-4b.alpha4.0.steps100.blocks-1.cut-entropy4.0.samples20.maxnew1024.seed10086.powerMH.vllm.log,EntropyCut,,1,1,223.391,217.701,100,100
/Users/jiangnanhugo/workspace/power-sharpening/Subtree-Prefetching-Power-Sharpening/case_studies/logs-entropycut/lcb_v6/2026-09-20/vllm/dataset-lcb_v6.model-qwen3-4b.alpha4.0.steps100.blocks-1.cut-entropy4.0.samples20.maxnew1024.seed10086.powerMH.vllm.log,EntropyCut,,1,2,272.145,266.46,100,100
/Users/jiangnanhugo/workspace/power-sharpening/Subtree-Prefetching-Power-Sharpening/case_studies/logs-entropycut/lcb_v6/2026-09-20/vllm/dataset-lcb_v6.model-qwen3-4b.alpha4.0.steps100.blocks-1.cut-entropy4.0.samples20.maxnew1024.seed10086.powerMH.vllm.log,EntropyCut,,1,3,276.164,270.488,100,100
/Users/jiangnanhugo/workspace/power-sharpening/Subtree-Prefetching-Power-Sharpening/case_studies/logs-entropycut/lcb_v6/2026-09-20/vllm/dataset-lcb_v6.model-qwen3-4b.alpha4.0.steps100.blocks-1.cut-entropy4.0.samples20.maxnew1024.seed10086.powerMH.vllm.log,EntropyCut,,1,4,283.734,278.004,100,100
/Users/jiangnanhugo/workspace/power-sharpening/Subtree-Prefetching-Power-Sharpening/case_studies/logs-entropycut/lcb_v6/2026-09-20/vllm/dataset-lcb_v6.model-qwen3-4b.alpha4.0.steps100.blocks-1.cut-entropy4.0.samples20.maxnew1024.seed10086.powerMH.vllm.log,EntropyCut,,1,5,251.421,245.723,100,100
/Users/jiangnanhugo/workspace/power-sharpening/Subtree-Prefetching-Power-Sharpening/case_studies/logs-entropycut/lcb_v6/2026-09-20/vllm/dataset-lcb_v6.model-qwen3-4b.alpha4.0.steps100.blocks-1.cut-entropy4.0.samples20.maxnew1024.seed10086.powerMH.vllm.log,EntropyCut,,1,6,251.577,245.829,100,100
/Users/jiangnanhugo/workspace/power-sharpening/Subtree-Prefetching-Power-Sharpening/case_studies/logs-entropycut/lcb_v6/2026-09-20/vllm/dataset-lcb_v6.model-qwen3-4b.alpha4.0.steps100.blocks-1.cut-entropy4.0.samples20.maxnew1024.seed10086.powerMH.vllm.log,EntropyCut,,1,7,261.059,255.33,100,100
/Users/jiangnanhugo/workspace/power-sharpening/Subtree-Prefetching-Power-Sharpening/case_studies/logs-entropycut/lcb_v6/2026-09-20/vllm/dataset-lcb_v6.model-qwen3-4b.alpha4.0.steps100.blocks-1.cut-entropy4.0.samples20.maxnew1024.seed10086.powerMH.vllm.log,EntropyCut,,1,8,419.348,413.678,100,100
/Users/jiangnanhugo/workspace/power-sharpening/Subtree-Prefetching-Power-Sharpening/case_studies/logs-entropycut/lcb_v6/2026-09-20/vllm/dataset-lcb_v6.model-qwen3-4b.alpha4.0.steps100.blocks-1.cut-entropy4.0.samples20.maxnew1024.seed10086.powerMH.vllm.log,EntropyCut,,1,9,217.32,211.636,100,100
/Users/jiangnanhugo/workspace/power-sharpening/Subtree-Prefetching-Power-Sharpening/case_studies/logs-entropycut/lcb_v6/2026-09-20/vllm/dataset-lcb_v6.model-qwen3-4b.alpha4.0.steps100.blocks-1.cut-entropy4.0.samples20.maxnew1024.seed10086.powerMH.vllm.log,EntropyCut,,1,10,265.909,260.231,100,100
/Users/jiangnanhugo/workspace/power-sharpening/Subtree-Prefetching-Power-Sharpening/case_studies/logs-entropycut/lcb_v6/2026-09-20/vllm/dataset-lcb_v6.model-qwen3-4b.alpha4.0.steps100.blocks-1.cut-entropy4.0.samples20.maxnew1024.seed10086.powerMH.vllm.log,EntropyCut,,1,11,240.485,234.777,100,100
/Users/jiangnanhugo/workspace/power-sharpening/Subtree-Prefetching-Power-Sharpening/case_studies/logs-entropycut/lcb_v6/2026-09-20/vllm/dataset-lcb_v6.model-qwen3-4b.alpha4.0.steps100.blocks-1.cut-entropy4.0.samples20.maxnew1024.seed10086.powerMH.vllm.log,EntropyCut,,1,12,147.682,142.008,100,100
/Users/jiangnanhugo/workspace/power-sharpening/Subtree-Prefetching-Power-Sharpening/case_studies/logs-entropycut/lcb_v6/2026-09-20/vllm/dataset-lcb_v6.model-qwen3-4b.alpha4.0.steps100.blocks-1.cut-entropy4.0.samples20.maxnew1024.seed10086.powerMH.vllm.log,EntropyCut,,1,13,365.819,360.125,100,100
/Users/jiangnanhugo/workspace/power-sharpening/Subtree-Prefetching-Power-Sharpening/case_studies/logs-entropycut/lcb_v6/2026-09-20/vllm/dataset-lcb_v6.model-qwen3-4b.alpha4.0.steps100.blocks-1.cut-entropy4.0.samples20.maxnew1024.seed10086.powerMH.vllm.log,EntropyCut,,1,14,212.88,207.121,100,100
/Users/jiangnanhugo/workspace/power-sharpening/Subtree-Prefetching-Power-Sharpening/case_studies/logs-entropycut/lcb_v6/2026-09-20/vllm/dataset-lcb_v6.model-qwen3-4b.alpha4.0.steps100.blocks-1.cut-entropy4.0.samples20.maxnew1024.seed10086.powerMH.vllm.log,EntropyCut,,1,15,237.294,231.45,100,100
/Users/jiangnanhugo/workspace/power-sharpening/Subtree-Prefetching-Power-Sharpening/case_studies/logs-entropycut/lcb_v6/2026-09-20/vllm/dataset-lcb_v6.model-qwen3-4b.alpha4.0.steps100.blocks-1.cut-entropy4.0.samples20.maxnew1024.seed10086.powerMH.vllm.log,EntropyCut,,1,16,259.387,253.658,100,100
/Users/jiangnanhugo/workspace/power-sharpening/Subtree-Prefetching-Power-Sharpening/case_studies/logs-entropycut/lcb_v6/2026-09-20/vllm/dataset-lcb_v6.model-qwen3-4b.alpha4.0.steps100.blocks-1.cut-entropy4.0.samples20.maxnew1024.seed10086.powerMH.vllm.log,EntropyCut,,1,17,220.502,214.823,100,100
/Users/jiangnanhugo/workspace/power-sharpening/Subtree-Prefetching-Power-Sharpening/case_studies/logs-entropycut/lcb_v6/2026-09-20/vllm/dataset-lcb_v6.model-qwen3-4b.alpha4.0.steps100.blocks-1.cut-entropy4.0.samples20.maxnew1024.seed10086.powerMH.vllm.log,EntropyCut,,1,18,239.376,233.639,100,100
/Users/jiangnanhugo/workspace/power-sharpening/Subtree-Prefetching-Power-Sharpening/case_studies/logs-entropycut/lcb_v6/2026-09-20/vllm/dataset-lcb_v6.model-qwen3-4b.alpha4.0.steps100.blocks-1.cut-entropy4.0.samples20.maxnew1024.seed10086.powerMH.vllm.log,EntropyCut,,1,19,258.621,252.931,100,100
/Users/jiangnanhugo/workspace/power-sharpening/Subtree-Prefetching-Power-Sharpening/case_studies/logs-entropycut/lcb_v6/2026-09-20/vllm/dataset-lcb_v6.model-qwen3-4b.alpha4.0.steps100.blocks-1.prefetch-budget-10.rank-accept_first.cut-entropy4.0.samples20.maxnew1024.seed10086.subtreePrefetch.vllm.log,PreSTO-EntropyCut,accept_first,10,0,209.356,203.408,35,100
/Users/jiangnanhugo/workspace/power-sharpening/Subtree-Prefetching-Power-Sharpening/case_studies/logs-entropycut/lcb_v6/2026-09-20/vllm/dataset-lcb_v6.model-qwen3-4b.alpha4.0.steps100.blocks-1.prefetch-budget-10.rank-accept_first.cut-entropy4.0.samples20.maxnew1024.seed10086.subtreePrefetch.vllm.log,PreSTO-EntropyCut,accept_first,10,1,168.449,162.689,30,100
/Users/jiangnanhugo/workspace/power-sharpening/Subtree-Prefetching-Power-Sharpening/case_studies/logs-entropycut/lcb_v6/2026-09-20/vllm/dataset-lcb_v6.model-qwen3-4b.alpha4.0.steps100.blocks-1.prefetch-budget-10.rank-accept_first.cut-entropy4.0.samples20.maxnew1024.seed10086.subtreePrefetch.vllm.log,PreSTO-EntropyCut,accept_first,10,2,191.521,185.779,38,100
/Users/jiangnanhugo/workspace/power-sharpening/Subtree-Prefetching-Power-Sharpening/case_studies/logs-entropycut/lcb_v6/2026-09-20/vllm/dataset-lcb_v6.model-qwen3-4b.alpha4.0.steps100.blocks-1.prefetch-budget-10.rank-accept_first.cut-entropy4.0.samples20.maxnew1024.seed10086.subtreePrefetch.vllm.log,PreSTO-EntropyCut,accept_first,10,3,147.554,141.782,28,100
/Users/jiangnanhugo/workspace/power-sharpening/Subtree-Prefetching-Power-Sharpening/case_studies/logs-entropycut/lcb_v6/2026-09-20/vllm/dataset-lcb_v6.model-qwen3-4b.alpha4.0.steps100.blocks-1.prefetch-budget-10.rank-accept_first.cut-entropy4.0.samples20.maxnew1024.seed10086.subtreePrefetch.vllm.log,PreSTO-EntropyCut,accept_first,10,4,154.802,149.013,27,100
/Users/jiangnanhugo/workspace/power-sharpening/Subtree-Prefetching-Power-Sharpening/case_studies/logs-entropycut/lcb_v6/2026-09-20/vllm/dataset-lcb_v6.model-qwen3-4b.alpha4.0.steps100.blocks-1.prefetch-budget-10.rank-accept_first.cut-entropy4.0.samples20.maxnew1024.seed10086.subtreePrefetch.vllm.log,PreSTO-EntropyCut,accept_first,10,5,163.259,157.472,27,100
/Users/jiangnanhugo/workspace/power-sharpening/Subtree-Prefetching-Power-Sharpening/case_studies/logs-entropycut/lcb_v6/2026-09-20/vllm/dataset-lcb_v6.model-qwen3-4b.alpha4.0.steps100.blocks-1.prefetch-budget-10.rank-accept_first.cut-entropy4.0.samples20.maxnew1024.seed10086.subtreePrefetch.vllm.log,PreSTO-EntropyCut,accept_first,10,6,173.971,168.145,30,100
/Users/jiangnanhugo/workspace/power-sharpening/Subtree-Prefetching-Power-Sharpening/case_studies/logs-entropycut/lcb_v6/2026-09-20/vllm/dataset-lcb_v6.model-qwen3-4b.alpha4.0.steps100.blocks-1.prefetch-budget-10.rank-accept_first.cut-entropy4.0.samples20.maxnew1024.seed10086.subtreePrefetch.vllm.log,PreSTO-EntropyCut,accept_first,10,7,156.229,150.407,30,100
/Users/jiangnanhugo/workspace/power-sharpening/Subtree-Prefetching-Power-Sharpening/case_studies/logs-entropycut/lcb_v6/2026-09-20/vllm/dataset-lcb_v6.model-qwen3-4b.alpha4.0.steps100.blocks-1.prefetch-budget-10.rank-accept_first.cut-entropy4.0.samples20.maxnew1024.seed10086.subtreePrefetch.vllm.log,PreSTO-EntropyCut,accept_first,10,8,125.55,119.783,24,100
/Users/jiangnanhugo/workspace/power-sharpening/Subtree-Prefetching-Power-Sharpening/case_studies/logs-entropycut/lcb_v6/2026-09-20/vllm/dataset-lcb_v6.model-qwen3-4b.alpha4.0.steps100.blocks-1.prefetch-budget-10.rank-accept_first.cut-entropy4.0.samples20.maxnew1024.seed10086.subtreePrefetch.vllm.log,PreSTO-EntropyCut,accept_first,10,9,159.445,153.637,28,100
/Users/jiangnanhugo/workspace/power-sharpening/Subtree-Prefetching-Power-Sharpening/case_studies/logs-entropycut/lcb_v6/2026-09-20/vllm/dataset-lcb_v6.model-qwen3-4b.alpha4.0.steps100.blocks-1.prefetch-budget-10.rank-accept_first.cut-entropy4.0.samples20.maxnew1024.seed10086.subtreePrefetch.vllm.log,PreSTO-EntropyCut,accept_first,10,10,206.373,200.592,39,100
/Users/jiangnanhugo/workspace/power-sharpening/Subtree-Prefetching-Power-Sharpening/case_studies/logs-entropycut/lcb_v6/2026-09-20/vllm/dataset-lcb_v6.model-qwen3-4b.alpha4.0.steps100.blocks-1.prefetch-budget-10.rank-accept_first.cut-entropy4.0.samples20.maxnew1024.seed10086.subtreePrefetch.vllm.log,PreSTO-EntropyCut,accept_first,10,11,171.285,165.487,30,100
/Users/jiangnanhugo/workspace/power-sharpening/Subtree-Prefetching-Power-Sharpening/case_studies/logs-entropycut/lcb_v6/2026-09-20/vllm/dataset-lcb_v6.model-qwen3-4b.alpha4.0.steps100.blocks-1.prefetch-budget-10.rank-accept_first.cut-entropy4.0.samples20.maxnew1024.seed10086.subtreePrefetch.vllm.log,PreSTO-EntropyCut,accept_first,10,12,171.899,166.062,31,100
/Users/jiangnanhugo/workspace/power-sharpening/Subtree-Prefetching-Power-Sharpening/case_studies/logs-entropycut/lcb_v6/2026-09-20/vllm/dataset-lcb_v6.model-qwen3-4b.alpha4.0.steps100.blocks-1.prefetch-budget-10.rank-accept_first.cut-entropy4.0.samples20.maxnew1024.seed10086.subtreePrefetch.vllm.log,PreSTO-EntropyCut,accept_first,10,13,180.822,175.066,34,100
/Users/jiangnanhugo/workspace/power-sharpening/Subtree-Prefetching-Power-Sharpening/case_studies/logs-entropycut/lcb_v6/2026-09-20/vllm/dataset-lcb_v6.model-qwen3-4b.alpha4.0.steps100.blocks-1.prefetch-budget-10.rank-accept_first.cut-entropy4.0.samples20.maxnew1024.seed10086.subtreePrefetch.vllm.log,PreSTO-EntropyCut,accept_first,10,14,147.493,141.679,26,100
/Users/jiangnanhugo/workspace/power-sharpening/Subtree-Prefetching-Power-Sharpening/case_studies/logs-entropycut/lcb_v6/2026-09-20/vllm/dataset-lcb_v6.model-qwen3-4b.alpha4.0.steps100.blocks-1.prefetch-budget-10.rank-accept_first.cut-entropy4.0.samples20.maxnew1024.seed10086.subtreePrefetch.vllm.log,PreSTO-EntropyCut,accept_first,10,15,202.988,197.123,33,100
/Users/jiangnanhugo/workspace/power-sharpening/Subtree-Prefetching-Power-Sharpening/case_studies/logs-entropycut/lcb_v6/2026-09-20/vllm/dataset-lcb_v6.model-qwen3-4b.alpha4.0.steps100.blocks-1.prefetch-budget-10.rank-accept_first.cut-entropy4.0.samples20.maxnew1024.seed10086.subtreePrefetch.vllm.log,PreSTO-EntropyCut,accept_first,10,16,143.996,138.195,27,100
/Users/jiangnanhugo/workspace/power-sharpening/Subtree-Prefetching-Power-Sharpening/case_studies/logs-entropycut/lcb_v6/2026-09-20/vllm/dataset-lcb_v6.model-qwen3-4b.alpha4.0.steps100.blocks-1.prefetch-budget-10.rank-accept_first.cut-entropy4.0.samples20.maxnew1024.seed10086.subtreePrefetch.vllm.log,PreSTO-EntropyCut,accept_first,10,17,151.0,145.158,26,100
/Users/jiangnanhugo/workspace/power-sharpening/Subtree-Prefetching-Power-Sharpening/case_studies/logs-entropycut/lcb_v6/2026-09-20/vllm/dataset-lcb_v6.model-qwen3-4b.alpha4.0.steps100.blocks-1.prefetch-budget-10.rank-accept_first.cut-entropy4.0.samples20.maxnew1024.seed10086.subtreePrefetch.vllm.log,PreSTO-EntropyCut,accept_first,10,18,186.349,180.53300000000002,33,100
/Users/jiangnanhugo/workspace/power-sharpening/Subtree-Prefetching-Power-Sharpening/case_studies/logs-entropycut/lcb_v6/2026-09-20/vllm/dataset-lcb_v6.model-qwen3-4b.alpha4.0.steps100.blocks-1.prefetch-budget-10.rank-accept_first.cut-entropy4.0.samples20.maxnew1024.seed10086.subtreePrefetch.vllm.log,PreSTO-EntropyCut,accept_first,10,19,180.622,174.826,34,100
/Users/jiangnanhugo/workspace/power-sharpening/Subtree-Prefetching-Power-Sharpening/case_studies/logs-entropycut/lcb_v6/2026-09-20/vllm/dataset-lcb_v6.model-qwen3-4b.alpha4.0.steps100.blocks-1.prefetch-budget-20.rank-accept_first.cut-entropy4.0.samples20.maxnew1024.seed10086.subtreePrefetch.vllm.log,PreSTO-EntropyCut,accept_first,20,0,177.78,171.98,26,100
/Users/jiangnanhugo/workspace/power-sharpening/Subtree-Prefetching-Power-Sharpening/case_studies/logs-entropycut/lcb_v6/2026-09-20/vllm/dataset-lcb_v6.model-qwen3-4b.alpha4.0.steps100.blocks-1.prefetch-budget-20.rank-accept_first.cut-entropy4.0.samples20.maxnew1024.seed10086.subtreePrefetch.vllm.log,PreSTO-EntropyCut,accept_first,20,1,134.763,129.117,21,100
/Users/jiangnanhugo/workspace/power-sharpening/Subtree-Prefetching-Power-Sharpening/case_studies/logs-entropycut/lcb_v6/2026-09-20/vllm/dataset-lcb_v6.model-qwen3-4b.alpha4.0.steps100.blocks-1.prefetch-budget-20.rank-accept_first.cut-entropy4.0.samples20.maxnew1024.seed10086.subtreePrefetch.vllm.log,PreSTO-EntropyCut,accept_first,20,2,233.335,227.725,39,100
/Users/jiangnanhugo/workspace/power-sharpening/Subtree-Prefetching-Power-Sharpening/case_studies/logs-entropycut/lcb_v6/2026-09-20/vllm/dataset-lcb_v6.model-qwen3-4b.alpha4.0.steps100.blocks-1.prefetch-budget-20.rank-accept_first.cut-entropy4.0.samples20.maxnew1024.seed10086.subtreePrefetch.vllm.log,PreSTO-EntropyCut,accept_first,20,3,170.93,165.328,28,100
/Users/jiangnanhugo/workspace/power-sharpening/Subtree-Prefetching-Power-Sharpening/case_studies/logs-entropycut/lcb_v6/2026-09-20/vllm/dataset-lcb_v6.model-qwen3-4b.alpha4.0.steps100.blocks-1.prefetch-budget-20.rank-accept_first.cut-entropy4.0.samples20.maxnew1024.seed10086.subtreePrefetch.vllm.log,PreSTO-EntropyCut,accept_first,20,4,153.075,147.359,24,100
/Users/jiangnanhugo/workspace/power-sharpening/Subtree-Prefetching-Power-Sharpening/case_studies/logs-entropycut/lcb_v6/2026-09-20/vllm/dataset-lcb_v6.model-qwen3-4b.alpha4.0.steps100.blocks-1.prefetch-budget-20.rank-accept_first.cut-entropy4.0.samples20.maxnew1024.seed10086.subtreePrefetch.vllm.log,PreSTO-EntropyCut,accept_first,20,5,145.08,139.394,22,100
/Users/jiangnanhugo/workspace/power-sharpening/Subtree-Prefetching-Power-Sharpening/case_studies/logs-entropycut/lcb_v6/2026-09-20/vllm/dataset-lcb_v6.model-qwen3-4b.alpha4.0.steps100.blocks-1.prefetch-budget-20.rank-accept_first.cut-entropy4.0.samples20.maxnew1024.seed10086.subtreePrefetch.vllm.log,PreSTO-EntropyCut,accept_first,20,6,153.894,148.174,24,100
/Users/jiangnanhugo/workspace/power-sharpening/Subtree-Prefetching-Power-Sharpening/case_studies/logs-entropycut/lcb_v6/2026-09-20/vllm/dataset-lcb_v6.model-qwen3-4b.alpha4.0.steps100.blocks-1.prefetch-budget-20.rank-accept_first.cut-entropy4.0.samples20.maxnew1024.seed10086.subtreePrefetch.vllm.log,PreSTO-EntropyCut,accept_first,20,7,196.364,190.694,31,100
/Users/jiangnanhugo/workspace/power-sharpening/Subtree-Prefetching-Power-Sharpening/case_studies/logs-entropycut/lcb_v6/2026-09-20/vllm/dataset-lcb_v6.model-qwen3-4b.alpha4.0.steps100.blocks-1.prefetch-budget-20.rank-accept_first.cut-entropy4.0.samples20.maxnew1024.seed10086.subtreePrefetch.vllm.log,PreSTO-EntropyCut,accept_first,20,8,108.959,103.306,19,100
/Users/jiangnanhugo/workspace/power-sharpening/Subtree-Prefetching-Power-Sharpening/case_studies/logs-entropycut/lcb_v6/2026-09-20/vllm/dataset-lcb_v6.model-qwen3-4b.alpha4.0.steps100.blocks-1.prefetch-budget-20.rank-accept_first.cut-entropy4.0.samples20.maxnew1024.seed10086.subtreePrefetch.vllm.log,PreSTO-EntropyCut,accept_first,20,9,143.019,137.349,21,100
/Users/jiangnanhugo/workspace/power-sharpening/Subtree-Prefetching-Power-Sharpening/case_studies/logs-entropycut/lcb_v6/2026-09-20/vllm/dataset-lcb_v6.model-qwen3-4b.alpha4.0.steps100.blocks-1.prefetch-budget-20.rank-accept_first.cut-entropy4.0.samples20.maxnew1024.seed10086.subtreePrefetch.vllm.log,PreSTO-EntropyCut,accept_first,20,10,169.26,163.553,27,100
/Users/jiangnanhugo/workspace/power-sharpening/Subtree-Prefetching-Power-Sharpening/case_studies/logs-entropycut/lcb_v6/2026-09-20/vllm/dataset-lcb_v6.model-qwen3-4b.alpha4.0.steps100.blocks-1.prefetch-budget-20.rank-accept_first.cut-entropy4.0.samples20.maxnew1024.seed10086.subtreePrefetch.vllm.log,PreSTO-EntropyCut,accept_first,20,11,144.663,138.999,22,100
/Users/jiangnanhugo/workspace/power-sharpening/Subtree-Prefetching-Power-Sharpening/case_studies/logs-entropycut/lcb_v6/2026-09-20/vllm/dataset-lcb_v6.model-qwen3-4b.alpha4.0.steps100.blocks-1.prefetch-budget-20.rank-accept_first.cut-entropy4.0.samples20.maxnew1024.seed10086.subtreePrefetch.vllm.log,PreSTO-EntropyCut,accept_first,20,12,160.404,154.739,25,100
/Users/jiangnanhugo/workspace/power-sharpening/Subtree-Prefetching-Power-Sharpening/case_studies/logs-entropycut/lcb_v6/2026-09-20/vllm/dataset-lcb_v6.model-qwen3-4b.alpha4.0.steps100.blocks-1.prefetch-budget-20.rank-accept_first.cut-entropy4.0.samples20.maxnew1024.seed10086.subtreePrefetch.vllm.log,PreSTO-EntropyCut,accept_first,20,13,170.889,165.272,25,100
/Users/jiangnanhugo/workspace/power-sharpening/Subtree-Prefetching-Power-Sharpening/case_studies/logs-entropycut/lcb_v6/2026-09-20/vllm/dataset-lcb_v6.model-qwen3-4b.alpha4.0.steps100.blocks-1.prefetch-budget-20.rank-accept_first.cut-entropy4.0.samples20.maxnew1024.seed10086.subtreePrefetch.vllm.log,PreSTO-EntropyCut,accept_first,20,14,129.513,123.776,20,100
/Users/jiangnanhugo/workspace/power-sharpening/Subtree-Prefetching-Power-Sharpening/case_studies/logs-entropycut/lcb_v6/2026-09-20/vllm/dataset-lcb_v6.model-qwen3-4b.alpha4.0.steps100.blocks-1.prefetch-budget-20.rank-accept_first.cut-entropy4.0.samples20.maxnew1024.seed10086.subtreePrefetch.vllm.log,PreSTO-EntropyCut,accept_first,20,15,171.601,165.923,25,100
/Users/jiangnanhugo/workspace/power-sharpening/Subtree-Prefetching-Power-Sharpening/case_studies/logs-entropycut/lcb_v6/2026-09-20/vllm/dataset-lcb_v6.model-qwen3-4b.alpha4.0.steps100.blocks-1.prefetch-budget-20.rank-accept_first.cut-entropy4.0.samples20.maxnew1024.seed10086.subtreePrefetch.vllm.log,PreSTO-EntropyCut,accept_first,20,16,139.836,134.265,23,100
/Users/jiangnanhugo/workspace/power-sharpening/Subtree-Prefetching-Power-Sharpening/case_studies/logs-entropycut/lcb_v6/2026-09-20/vllm/dataset-lcb_v6.model-qwen3-4b.alpha4.0.steps100.blocks-1.prefetch-budget-20.rank-accept_first.cut-entropy4.0.samples20.maxnew1024.seed10086.subtreePrefetch.vllm.log,PreSTO-EntropyCut,accept_first,20,17,150.623,144.978,23,100
/Users/jiangnanhugo/workspace/power-sharpening/Subtree-Prefetching-Power-Sharpening/case_studies/logs-entropycut/lcb_v6/2026-09-20/vllm/dataset-lcb_v6.model-qwen3-4b.alpha4.0.steps100.blocks-1.prefetch-budget-20.rank-accept_first.cut-entropy4.0.samples20.maxnew1024.seed10086.subtreePrefetch.vllm.log,PreSTO-EntropyCut,accept_first,20,18,148.973,143.338,23,100
/Users/jiangnanhugo/workspace/power-sharpening/Subtree-Prefetching-Power-Sharpening/case_studies/logs-entropycut/lcb_v6/2026-09-20/vllm/dataset-lcb_v6.model-qwen3-4b.alpha4.0.steps100.blocks-1.prefetch-budget-20.rank-accept_first.cut-entropy4.0.samples20.maxnew1024.seed10086.subtreePrefetch.vllm.log,PreSTO-EntropyCut,accept_first,20,19,146.696,141.127,22,100
