prefetch_budget,rank_fn,proposal_nodes,acceptance_bucket,bucket_share,bin_in_bucket,acceptance_left,acceptance_right,proposal_count,proposal_share
20,bfs_accept_first,6471,effectively rejected,0.524648,0,1.38879439e-11,3.72665317e-07,2511,0.388039
20,bfs_accept_first,6471,effectively rejected,0.524648,1,3.72665317e-07,1.00000000e-02,884,0.136609
20,bfs_accept_first,6471,genuinely stochastic,0.274455,0,1.00000000e-02,1.92792769e-02,88,0.013599
20,bfs_accept_first,6471,genuinely stochastic,0.274455,1,1.92792769e-02,3.71690520e-02,113,0.017463
20,bfs_accept_first,6471,genuinely stochastic,0.274455,2,3.71690520e-02,7.16592447e-02,145,0.022408
20,bfs_accept_first,6471,genuinely stochastic,0.274455,3,7.16592447e-02,1.38153842e-01,222,0.034307
20,bfs_accept_first,6471,genuinely stochastic,0.274455,4,1.38153842e-01,2.66350619e-01,288,0.044506
20,bfs_accept_first,6471,genuinely stochastic,0.274455,5,2.66350619e-01,5.13504735e-01,373,0.057642
20,bfs_accept_first,6471,genuinely stochastic,0.274455,6,5.13504735e-01,9.90000000e-01,547,0.084531
20,bfs_accept_first,6471,effectively accepted,0.200896,0,9.90000000e-01,9.94987437e-01,5,0.000773
20,bfs_accept_first,6471,effectively accepted,0.200896,1,9.94987437e-01,1.00000000e+00,1295,0.200124
